random_seed,feynman_function,model_type,model_dims,model_n_parameters,train_sample_size,train_steps,train_loss,test_loss,runtime_seconds,test_eval_mse,test_eval_rmse,test_eval_mae,test_eval_nrmse,test_eval_relative_l2,test_eval_r2,test_eval_max_absolute_error
0,I.16.6,kan_bspline,"[2, 2, 1]",60,10,100,0.8771032094955444,0.8521968126296997,,0.29253241066902297,0.5408626541637193,0.47194009651150554,0.9589646121439191,0.9560485201773032,0.08038687265240474,0.9519683495163918
0,I.16.6,kan_bspline,"[2, 2, 1]",60,10,200,0.5616422295570374,0.6403464674949646,,0.21981084912995857,0.4688398971183645,0.4083819661277812,0.831266249641287,0.8287384724928911,0.30899642220486145,0.8524876981973648
0,I.16.6,kan_bspline,"[2, 2, 1]",60,10,300,0.24668698012828827,0.3941502273082733,,0.13529941210726185,0.367830684020871,0.3086946116944309,0.652174089893686,0.6501909097009131,0.5746689564698355,0.8353079110383987
0,I.16.6,kan_bspline,"[2, 2, 1]",60,10,400,0.10627719014883041,0.2422008365392685,,0.08313994649864011,0.28833998421765944,0.22281376201636158,0.5112348560253387,0.5096802544917363,0.7386389219838252,0.8191600888967514
0,I.16.6,kan_bspline,"[2, 2, 1]",60,10,500,0.054331161081790924,0.15141400694847107,,0.05197567200724279,0.22798173612647743,0.1674840251232963,0.40421799411990184,0.4029888175366499,0.8366078132291042,0.751170814037323
0,I.16.6,kan_bspline,"[2, 2, 1]",60,10,600,0.02472969889640808,0.10033997893333435,,0.034443566319942776,0.18558977967534412,0.13159566333028488,0.32905586975574214,0.32805525183281664,0.8917222345789084,0.6812857761979103
0,I.16.6,kan_bspline,"[2, 2, 1]",60,10,700,0.010719728656113148,0.07803566753864288,,0.02678719354023166,0.16366793681180092,0.11355122686061077,0.2901878292702657,0.289305404218258,0.9157910237431128,0.6318322401493788
0,I.16.6,kan_bspline,"[2, 2, 1]",60,10,800,0.006071398966014385,0.06905153393745422,,0.023703225157107242,0.1539585176503958,0.10613318930822424,0.27297275755366474,0.27214268139097136,0.9254858736332842,0.604829378426075
0,I.16.6,kan_bspline,"[2, 2, 1]",60,10,900,0.004592057783156633,0.06442280858755112,,0.02211432626190588,0.14870886409997852,0.10217980612046085,0.2636649749916578,0.2628632026366465,0.9304807809624022,0.5919351540505886
0,I.16.6,kan_bspline,"[2, 2, 1]",60,10,1000,0.003815059084445238,0.06117337942123413,,0.02099890030417039,0.1449099731011306,0.09871317022829317,0.25692943500707516,0.2561481445903868,0.9339872654267113,0.5856211669743061
0,I.16.6,kan_bspline,"[2, 2, 1]",60,20,100,0.8665024042129517,0.9677817821502686,,0.30908572852120575,0.5559547899975372,0.48150041572749613,0.985723391059203,0.9827259289781503,0.028349396315303088,1.0227480605244637
0,I.16.6,kan_bspline,"[2, 2, 1]",60,20,200,0.6247811913490295,0.7322505116462708,,0.23386280270818502,0.4835936338582064,0.41960790975391865,0.8574250374989403,0.8548177147341972,0.2648223050673362,0.8788053542375565
0,I.16.6,kan_bspline,"[2, 2, 1]",60,20,300,0.257076621055603,0.3260570466518402,,0.10413460803206144,0.3226989433389292,0.27503789998125283,0.5721542514647279,0.5704144016358262,0.6726395125296771,0.8299453109502792
0,I.16.6,kan_bspline,"[2, 2, 1]",60,20,400,0.05734410136938095,0.09527383744716644,,0.030428122278549075,0.17443658526395509,0.1280236599026248,0.30928094414284174,0.3083404593061532,0.9043452975897736,0.7222266793251038
0,I.16.6,kan_bspline,"[2, 2, 1]",60,20,500,0.015033835545182228,0.03973088413476944,,0.012689067691131532,0.11264576197590184,0.07822748816665262,0.19972408634850627,0.19911675027336323,0.9601102893321131,0.5744059681892395
0,I.16.6,kan_bspline,"[2, 2, 1]",60,20,600,0.007262638304382563,0.03199974074959755,,0.010219931427794983,0.10109367649756824,0.07033577620331198,0.17924191571812242,0.17869686337324195,0.9678723356495836,0.5137684345245361
0,I.16.6,kan_bspline,"[2, 2, 1]",60,20,700,0.005182021763175726,0.029886394739151,,0.009544979135456074,0.09769840907331129,0.06795335184317082,0.1732220116194344,0.17269526505326538,0.9699941346904102,0.4993820786476135
0,I.16.6,kan_bspline,"[2, 2, 1]",60,20,800,0.004281297791749239,0.028491226956248283,,0.009099397035657722,0.09539075969745561,0.06607992052100599,0.16913048473798747,0.1686161799955511,0.971394879132192,0.49519675970077515
0,I.16.6,kan_bspline,"[2, 2, 1]",60,20,900,0.0036129006184637547,0.02715252712368965,,0.008671849071411752,0.09312276344380976,0.06409141010977328,0.16510926395119785,0.1646071872404155,0.972738930957397,0.4915715456008911
0,I.16.6,kan_bspline,"[2, 2, 1]",60,20,1000,0.0030493668746203184,0.025737911462783813,,0.008220056744117866,0.09066452858818529,0.06201078952662647,0.1607507448026951,0.16026192180588125,0.9741591980452873,0.48480652272701263
0,I.16.6,kan_bspline,"[2, 2, 1]",60,30,100,0.8262767791748047,0.9693979620933533,,0.2737351307087247,0.5231970285740589,0.457770428127842,0.9276429639187113,0.9248221171838947,0.13947853148905986,0.9106996469199657
0,I.16.6,kan_bspline,"[2, 2, 1]",60,30,200,0.48974835872650146,0.5733005404472351,,0.1618865388054725,0.40235126295995705,0.3520577617553063,0.7133800417900866,0.7112107419195135,0.49108891597377125,0.7326136156916618
0,I.16.6,kan_bspline,"[2, 2, 1]",60,30,300,0.168733611702919,0.19270271062850952,,0.05441470091557953,0.2332695884927556,0.19455861232522875,0.41359350425073677,0.4123358179087,0.8289404132409898,0.6663327775895596
0,I.16.6,kan_bspline,"[2, 2, 1]",60,30,400,0.04421890154480934,0.05782449245452881,,0.016328273461231963,0.12778213279340725,0.09064177107391878,0.22656129512698822,0.22587235044196083,0.9486699795501999,0.5157402008771896
0,I.16.6,kan_bspline,"[2, 2, 1]",60,30,500,0.01685713790357113,0.029956046491861343,,0.008458881957468883,0.09197218034530269,0.0650194545162376,0.16306924793917496,0.162573374663044,0.9734084203764577,0.40930408611893654
0,I.16.6,kan_bspline,"[2, 2, 1]",60,30,600,0.008924863301217556,0.021951396018266678,,0.006198557545227942,0.07873091861033975,0.05564472985570319,0.13959212056457684,0.13916763830920856,0.9805140398762157,0.3494589924812317
0,I.16.6,kan_bspline,"[2, 2, 1]",60,30,700,0.00629379553720355,0.018999610096216202,,0.005365042396572246,0.07324644971991644,0.050529997405828905,0.12986800383765607,0.12947309141031974,0.9831343015791628,0.3164537660777569
0,I.16.6,kan_bspline,"[2, 2, 1]",60,30,800,0.005215908866375685,0.017417075112462044,,0.004918171749728116,0.07012967809514112,0.04726694328174926,0.124341880580144,0.12396377240547109,0.9845390967337384,0.2980671674013138
0,I.16.6,kan_bspline,"[2, 2, 1]",60,30,900,0.004481429234147072,0.01620204746723175,,0.004575076556837137,0.06763931221440042,0.04449146507424302,0.11992639222550147,0.11956171100105863,0.9856176604477243,0.2863282263278961
0,I.16.6,kan_bspline,"[2, 2, 1]",60,30,1000,0.0038367018569260836,0.015178791247308254,,0.004286133199383709,0.06546856649861603,0.04203882807516493,0.11607759936214705,0.1157246218375153,0.9865259909262731,0.2800028920173645
0,I.16.6,kan_bspline,"[2, 2, 1]",60,40,100,1.060630440711975,1.195845365524292,,0.360201707614355,0.6001680661401063,0.5233522662564647,1.0641147661731456,1.0608789256823716,-0.13234023559174002,1.0377916544675827
0,I.16.6,kan_bspline,"[2, 2, 1]",60,40,200,0.8599840402603149,1.0005048513412476,,0.3013630041811076,0.5489653943383933,0.4798152804847341,0.9733309970830376,0.9703712187288536,0.052626770113983756,0.9242174588143826
0,I.16.6,kan_bspline,"[2, 2, 1]",60,40,300,0.4719197750091553,0.5752487182617188,,0.17327120461957116,0.41625857903419977,0.361523587042233,0.7380381021357767,0.735793820174336,0.45529975979389103,0.8181935921311378
0,I.16.6,kan_bspline,"[2, 2, 1]",60,40,400,0.12972129881381989,0.17577829957008362,,0.052946350599008096,0.2301007401096487,0.18820880157942885,0.4079750474442716,0.40673444612972237,0.8335563606622547,0.6371895670890808
0,I.16.6,kan_bspline,"[2, 2, 1]",60,40,500,0.03490618243813515,0.05927364528179169,,0.01785386990670866,0.1336183741358525,0.09517505506402812,0.23690911424936784,0.236188703134993,0.9438740715853812,0.5531591773033142
0,I.16.6,kan_bspline,"[2, 2, 1]",60,40,600,0.017251797020435333,0.03511316701769829,,0.0105764704373793,0.10284196826869516,0.06896077639982104,0.18234168592282515,0.1817872075627635,0.966751509574704,0.4762698709964752
0,I.16.6,kan_bspline,"[2, 2, 1]",60,40,700,0.009985516779124737,0.023825427517294884,,0.0071764808000021685,0.08471411216557823,0.05409044937603175,0.15020049007005293,0.14974374908406826,0.977439812782636,0.42943039536476135
0,I.16.6,kan_bspline,"[2, 2, 1]",60,40,800,0.006852374877780676,0.01800009235739708,,0.005421824848863851,0.07363304182813482,0.045888269279152155,0.1305534424573529,0.13015644569653106,0.9829557986624743,0.39686059206724167
0,I.16.6,kan_bspline,"[2, 2, 1]",60,40,900,0.005437592975795269,0.014833816327154636,,0.004468107616836934,0.06684390485928342,0.041717860024422404,0.118516112739713,0.11815571999956574,0.9859539310210179,0.3782530352473259
0,I.16.6,kan_bspline,"[2, 2, 1]",60,40,1000,0.004624189343303442,0.01280710007995367,,0.0038576387259822535,0.06210989233594157,0.03904237967543304,0.11012257613964894,0.10978770709906367,0.9878730182243243,0.36439593881368637
0,I.16.6,kan_bspline,"[2, 2, 1]",60,50,100,1.0493855476379395,1.140407681465149,,0.352544789483106,0.5937548227030295,0.5125340380333364,1.0527439061999606,1.0495426430783634,-0.10826973204507784,1.088301032781601
0,I.16.6,kan_bspline,"[2, 2, 1]",60,50,200,1.0011833906173706,1.1091365814208984,,0.3428776175422945,0.5855575270989987,0.505293926820159,1.03820987184016,1.0350528049071417,-0.07787973799017966,1.080288477241993
0,I.16.6,kan_bspline,"[2, 2, 1]",60,50,300,0.9346714615821838,1.0272196531295776,,0.31755391521710974,0.5635192234672298,0.48409585683047773,0.99913534315556,0.9960970969983594,0.001728566053884717,1.0530723333358765
0,I.16.6,kan_bspline,"[2, 2, 1]",60,50,400,0.49468672275543213,0.584263801574707,,0.1806188694770188,0.4249927875588229,0.3380101711153984,0.7535240981196369,0.7512327251728652,0.4322014335509762,0.879503071308136
0,I.16.6,kan_bspline,"[2, 2, 1]",60,50,500,0.1489434689283371,0.18101274967193604,,0.055958147400210254,0.2365547450384588,0.1848733705219347,0.4194181786822769,0.4181427802306347,0.8240883913902184,0.5300983488559723
0,I.16.6,kan_bspline,"[2, 2, 1]",60,50,600,0.04749901592731476,0.051053233444690704,,0.015782557210878095,0.12562864805002916,0.10024565991386772,0.22274310645044795,0.22206577240171074,0.9503855085286286,0.41362839937210083
0,I.16.6,kan_bspline,"[2, 2, 1]",60,50,700,0.018464835360646248,0.02167871966958046,,0.006701742598437706,0.08186417164082041,0.058845164318569,0.14514746581534013,0.14470609044686594,0.97893221316731,0.3129376471042633
0,I.16.6,kan_bspline,"[2, 2, 1]",60,50,800,0.009383581578731537,0.012072063982486725,,0.0037319486373398715,0.061089677011258385,0.040766062253154815,0.10831370583661273,0.10798433734536218,0.9882681411278982,0.2656225562095642
0,I.16.6,kan_bspline,"[2, 2, 1]",60,50,900,0.006053220480680466,0.008088456466794014,,0.0025004592133655483,0.050004591922797936,0.03171518782619387,0.0886595399580789,0.08838993733775113,0.9921394859743939,0.23009464144706726
0,I.16.6,kan_bspline,"[2, 2, 1]",60,50,1000,0.004481104668229818,0.006153791677206755,,0.0019023785590139561,0.04361626484482545,0.027773548320634292,0.07733285738642183,0.0770976977972939,0.9940196291684301,0.20485764741897583
0,I.16.6,kan_bspline,"[2, 2, 1]",60,100,100,0.9326522350311279,1.0603991746902466,,0.31835375231146723,0.5642284575519629,0.48913002910092473,1.000392835022949,0.9973507649895736,-0.0007858243687988153,1.0334085300564766
0,I.16.6,kan_bspline,"[2, 2, 1]",60,100,200,0.662611722946167,0.7372443675994873,,0.22133600698962055,0.4704636085709718,0.40981291081383825,0.8341451354571154,0.8316086039754587,0.3042018929907655,0.8615822121500969
0,I.16.6,kan_bspline,"[2, 2, 1]",60,100,300,0.2672702372074127,0.24592015147209167,,0.07383031759832934,0.2717173487253424,0.2351017853077501,0.4817624584120357,0.48029747876940676,0.7679049336639694,0.6745793744921684
0,I.16.6,kan_bspline,"[2, 2, 1]",60,100,400,0.08032257109880447,0.054907944053411484,,0.016484501561484066,0.12839198402347424,0.0987242533620447,0.22764257841361288,0.22695034568076203,0.9481788564930185,0.5637042224407196
0,I.16.6,kan_bspline,"[2, 2, 1]",60,100,500,0.03042653761804104,0.023547006770968437,,0.007069298644964959,0.08407912133796927,0.06327764614415356,0.149074633573907,0.1486213161773253,0.9777767536247266,0.4208217114210129
0,I.16.6,kan_bspline,"[2, 2, 1]",60,100,600,0.015189721249043941,0.013804586604237556,,0.004144422737823218,0.06437719113026925,0.04879380657337606,0.1141425603115616,0.1137954669997142,0.9869714759254754,0.33177943527698517
0,I.16.6,kan_bspline,"[2, 2, 1]",60,100,700,0.00941877905279398,0.009245790541172028,,0.0027757777903879683,0.05268565070669592,0.04040829910617322,0.09341313216312976,0.09312907446086657,0.9912739867394428,0.26996761560440063
0,I.16.6,kan_bspline,"[2, 2, 1]",60,100,800,0.006774536799639463,0.006809823215007782,,0.002044449942103147,0.04521559401471076,0.0342226233354304,0.08016851273308452,0.07992473026916874,0.9935730095661425,0.2290070354938507
0,I.16.6,kan_bspline,"[2, 2, 1]",60,100,900,0.00516021903604269,0.005382551811635494,,0.00161595344171198,0.04019892338996133,0.03019255236373283,0.07127381541412266,0.071057080617106,0.9949200432362956,0.20166118443012238
0,I.16.6,kan_bspline,"[2, 2, 1]",60,100,1000,0.004005476366728544,0.0043301950208842754,,0.0013000142654712521,0.036055710580589755,0.02690860470593907,0.06392778322982982,0.06373338680189147,0.9959132385313054,0.18356813490390778
0,I.16.6,kan_bspline,"[2, 2, 1]",60,200,100,1.055607557296753,1.1705882549285889,,0.34473181508088807,0.5871386676764596,0.5099035468548536,1.0410132783037735,1.0378476865608053,-0.08370864560860936,1.0409349501132965
0,I.16.6,kan_bspline,"[2, 2, 1]",60,200,200,0.9516036510467529,1.0642926692962646,,0.313428344313519,0.5598467150153862,0.48656154472380875,0.992623882961358,0.9896054373437423,0.014697826971225791,1.0055888667702675
0,I.16.6,kan_bspline,"[2, 2, 1]",60,200,300,0.7341842651367188,0.814163088798523,,0.23976653551073687,0.4896596118843547,0.4257312920130789,0.8681801861865737,0.8655401583539994,0.24626316431037598,0.8869027644395828
0,I.16.6,kan_bspline,"[2, 2, 1]",60,200,400,0.36638888716697693,0.36524584889411926,,0.10756288423057819,0.3279678097475089,0.28418972743581983,0.581496098961583,0.5797278417377744,0.6618622868912629,0.6054181158542633
0,I.16.6,kan_bspline,"[2, 2, 1]",60,200,500,0.1271713227033615,0.09770374000072479,,0.028773215426219367,0.16962669432085084,0.14081050533149392,0.30075287298244635,0.29983832094816426,0.9095477093924841,0.49089640378952026
0,I.16.6,kan_bspline,"[2, 2, 1]",60,200,600,0.04684137925505638,0.0341271236538887,,0.010050251667453363,0.10025094347413077,0.07516818664316088,0.1777477264988443,0.17720721779730977,0.9684057457243801,0.43026310205459595
0,I.16.6,kan_bspline,"[2, 2, 1]",60,200,700,0.021042557433247566,0.016832277178764343,,0.004957013553052838,0.07040606190558336,0.051611685583600776,0.1248319168056871,0.12445231849187603,0.9844169925465628,0.3396245762705803
0,I.16.6,kan_bspline,"[2, 2, 1]",60,200,800,0.01210158783942461,0.010203852318227291,,0.0030049787511162683,0.05481768648088196,0.03967894282774068,0.09719329121742895,0.0968977385222211,0.9905534641422906,0.28874601423740387
0,I.16.6,kan_bspline,"[2, 2, 1]",60,200,900,0.008607280440628529,0.007355468347668648,,0.002166145106273897,0.046541864018041834,0.033520811079302805,0.08252002654079792,0.08226909341622456,0.9931904452196819,0.2516705095767975
0,I.16.6,kan_bspline,"[2, 2, 1]",60,200,1000,0.00651125144213438,0.005705057643353939,,0.0016801082850704935,0.04098912398515603,0.029966390075394884,0.07267486316895137,0.07245386796018338,0.9947183642633555,0.23275355994701385
0,I.16.6,kan_bspline,"[2, 2, 1]",60,500,100,0.9864618182182312,1.1188257932662964,,0.3209728558577049,0.5665446636035899,0.493131722234888,1.004499533129843,1.001444975138928,-0.009019312061647522,0.992540217936039
0,I.16.6,kan_bspline,"[2, 2, 1]",60,500,200,0.7180320024490356,0.8136281967163086,,0.2334166206662859,0.4831320944278965,0.42220996534428556,0.8566067151811226,0.8540018808326431,0.2662249355040075,0.8587415590882301
0,I.16.6,kan_bspline,"[2, 2, 1]",60,500,300,0.3672361969947815,0.3999236226081848,,0.11473154418551931,0.3387204513836141,0.29397675248235466,0.6005608333016415,0.5987346025948173,0.6393266855027602,0.7247683852910995
0,I.16.6,kan_bspline,"[2, 2, 1]",60,500,400,0.12430233508348465,0.12481171637773514,,0.035806440732609246,0.18922589868358203,0.15592629157099872,0.3355028104487272,0.3344825881819855,0.8874378641806067,0.6329551935195923
0,I.16.6,kan_bspline,"[2, 2, 1]",60,500,500,0.04560772702097893,0.045758914202451706,,0.013127484195977125,0.11457523378102759,0.08663233787193894,0.20314509382055287,0.202527354887702,0.9587320708564926,0.528278648853302
0,I.16.6,kan_bspline,"[2, 2, 1]",60,500,600,0.021674279123544693,0.023365704342722893,,0.006703238189036153,0.08187330571704157,0.060484108816133815,0.14516366078793305,0.14472223617256397,0.9789275115865712,0.4404970705509186
0,I.16.6,kan_bspline,"[2, 2, 1]",60,500,700,0.012029962614178658,0.013255060650408268,,0.003802659866117656,0.06166571061876815,0.04287136251037009,0.10933502953266563,0.1090025553232398,0.9880458513170488,0.3755294978618622
0,I.16.6,kan_bspline,"[2, 2, 1]",60,500,800,0.007876453921198845,0.008495421148836613,,0.0024371976007672392,0.049367981534262056,0.033299764830851925,0.08753081193511522,0.0872646416361459,0.9923383569619524,0.3217371702194214
0,I.16.6,kan_bspline,"[2, 2, 1]",60,500,900,0.0057421112433075905,0.006009227596223354,,0.0017239492500804557,0.04152046784515386,0.02803784207464196,0.07361695069282696,0.07339309071321608,0.9945805445706707,0.2787545323371887
0,I.16.6,kan_bspline,"[2, 2, 1]",60,500,1000,0.004314347170293331,0.0044217584654688835,,0.0012685302312689883,0.035616432040127044,0.02433544177026488,0.06314893009228179,0.06295690205974491,0.996012212628186,0.24340444058179855
0,I.16.6,kan_bspline,"[2, 2, 1]",60,1000,100,0.9030519723892212,0.9473900198936462,,0.28681430445738865,0.5355504686370731,0.4675176803676877,0.949545958639226,0.9466585076250225,0.09836247242871898,0.9118815176188946
0,I.16.6,kan_bspline,"[2, 2, 1]",60,1000,200,0.6733466982841492,0.6995688080787659,,0.21178853652948,0.460204885382022,0.4019212550621014,0.815956132337286,0.8134749113490577,0.3342155900988186,0.8034778237342834
0,I.16.6,kan_bspline,"[2, 2, 1]",60,1000,300,0.3905126452445984,0.390163779258728,,0.11811878402579373,0.34368413409087384,0.29690154796466234,0.6093615815609804,0.6075085888746481,0.6286784629161852,0.6948438286781311
0,I.16.6,kan_bspline,"[2, 2, 1]",60,1000,400,0.18403500318527222,0.17023935914039612,,0.05153853146350535,0.2270209934422483,0.18655532638251315,0.4025145704716626,0.40129057378759936,0.837982020557439,0.5850232839584351
0,I.16.6,kan_bspline,"[2, 2, 1]",60,1000,500,0.0741310566663742,0.06244545057415962,,0.018904830747060557,0.13749483898336168,0.10009212234115694,0.2437821948371355,0.24304088354059122,0.9405702414801783,0.49855538457632065
0,I.16.6,kan_bspline,"[2, 2, 1]",60,1000,600,0.03193439543247223,0.02643679827451706,,0.008003516313668229,0.0894623737314645,0.06479252334940247,0.1586192906210514,0.158136949110976,0.9748399206427854,0.4256717786192894
0,I.16.6,kan_bspline,"[2, 2, 1]",60,1000,700,0.01666061021387577,0.014118176884949207,,0.004274158762989856,0.06537705073640028,0.04585858146753162,0.11591533935631623,0.11556285524415615,0.9865636341018624,0.3618011251091957
0,I.16.6,kan_bspline,"[2, 2, 1]",60,1000,800,0.010611885227262974,0.009206881746649742,,0.002787305437031835,0.052794937607992636,0.03528169953427278,0.09360690089555679,0.0933222539667081,0.9912377481046983,0.3175581619143486
0,I.16.6,kan_bspline,"[2, 2, 1]",60,1000,900,0.007797468453645706,0.006872440222650766,,0.0020805733183668646,0.045613301989297646,0.030906001875409858,0.08087366009473025,0.08062773336549901,0.9934594511028588,0.28537508845329285
0,I.16.6,kan_bspline,"[2, 2, 1]",60,1000,1000,0.006200483068823814,0.005468367598950863,,0.0016555020074579116,0.040687860689128295,0.028214294832199813,0.07214071491966037,0.0719213439892015,0.9947957172508618,0.25917671620845795
1,I.16.6,kan_bspline,"[2, 2, 1]",60,10,100,0.6995080709457397,0.7346373200416565,,0.20282593550966652,0.4503620049578633,0.3963930448172614,0.8078296857921914,0.8076338265124389,0.3474111987505505,0.797845646739006
1,I.16.6,kan_bspline,"[2, 2, 1]",60,10,200,0.36961257457733154,0.44690269231796265,,0.12338530139044616,0.35126243948143127,0.299466126373969,0.630071415867847,0.6299186542946157,0.603010010904864,0.7837512940168381
1,I.16.6,kan_bspline,"[2, 2, 1]",60,10,300,0.08349727094173431,0.2494897097349167,,0.06888157821454421,0.2624530019156653,0.2040978791611269,0.4707708992737653,0.4706567603025417,0.7783747603961759,0.8898560404777527
1,I.16.6,kan_bspline,"[2, 2, 1]",60,10,400,0.038811780512332916,0.20850814878940582,,0.05756698524347506,0.23993120939860046,0.1794466965952888,0.4303727920350349,0.4302684476335409,0.8147792598753048,0.8590628504753113
1,I.16.6,kan_bspline,"[2, 2, 1]",60,10,500,0.03133126720786095,0.16547423601150513,,0.045685762660617926,0.21374228093809125,0.16173936067987232,0.3833968180039513,0.3833038629839089,0.8530068799439182,0.762909859418869
1,I.16.6,kan_bspline,"[2, 2, 1]",60,10,600,0.02485324814915657,0.12872926890850067,,0.03554084635765238,0.18852280063072577,0.14312545148003847,0.3381597761836771,0.3380777889388786,0.8856479657709956,0.7080948650836945
1,I.16.6,kan_bspline,"[2, 2, 1]",60,10,700,0.01828763633966446,0.09603466093540192,,0.02651419513688625,0.1628318001401638,0.1240116644250229,0.2920769525318029,0.29200613812307136,0.9146910537994292,0.6463291347026825
1,I.16.6,kan_bspline,"[2, 2, 1]",60,10,800,0.012127777561545372,0.069453664124012,,0.019175452392862453,0.13847545772757877,0.10561681170854717,0.24838815058669544,0.24832792858058628,0.9383033266479,0.5790237635374069
1,I.16.6,kan_bspline,"[2, 2, 1]",60,10,900,0.006929206196218729,0.05106267333030701,,0.01409788659586249,0.11873452150012014,0.08990689381305128,0.21297816010278758,0.21292652329149633,0.9546403033190688,0.5242999643087387
1,I.16.6,kan_bspline,"[2, 2, 1]",60,10,1000,0.0031867283396422863,0.040716640651226044,,0.011241452383610923,0.10602571567129798,0.07775645397696644,0.1901819417129793,0.1901358318722778,0.9638308290461512,0.4853221997618675
1,I.16.6,kan_bspline,"[2, 2, 1]",60,20,100,0.8012938499450684,0.6691751480102539,,0.22425343836060826,0.4735540500941875,0.40780249153170733,0.849430048009932,0.8492241026722833,0.27846859353525844,0.8835916817188263
1,I.16.6,kan_bspline,"[2, 2, 1]",60,20,200,0.48562803864479065,0.41500693559646606,,0.13907678505568782,0.372930000208736,0.30628367013437674,0.6689372584156869,0.6687750737721446,0.5525229443017009,0.8642102181911469
1,I.16.6,kan_bspline,"[2, 2, 1]",60,20,300,0.18319186568260193,0.1877099573612213,,0.06290520291834645,0.25080909656219896,0.19790981196565555,0.4498848291800753,0.44977575406168774,0.7976036404728891,0.7260699272155762
1,I.16.6,kan_bspline,"[2, 2, 1]",60,20,400,0.05537111312150955,0.08471948653459549,,0.028391126394398263,0.16849666582576125,0.13432433248916642,0.30223821528592737,0.3021649372668094,0.9086520612204501,0.5732922703027725
1,I.16.6,kan_bspline,"[2, 2, 1]",60,20,500,0.025686323642730713,0.04992574453353882,,0.016731072900087237,0.12934864862103213,0.10004806955624372,0.232017081864953,0.23196082904416224,0.9461680737226787,0.48270556330680847
1,I.16.6,kan_bspline,"[2, 2, 1]",60,20,600,0.014710530638694763,0.03461320325732231,,0.011599547935088748,0.10770119746357859,0.08189331399509683,0.19318731053829846,0.1931404720423075,0.9626786630468452,0.4076996073126793
1,I.16.6,kan_bspline,"[2, 2, 1]",60,20,700,0.008957995101809502,0.02689019776880741,,0.009011420518239537,0.09492850213839645,0.07072170388512314,0.17027649138021544,0.1702352076399085,0.9710059164831395,0.3460858464241028
1,I.16.6,kan_bspline,"[2, 2, 1]",60,20,800,0.005716999527066946,0.022243889048695564,,0.007454353708211599,0.08633859917911339,0.06223408216470853,0.15486848952350402,0.15483094147179471,0.9760157509526224,0.36638830602169037
1,I.16.6,kan_bspline,"[2, 2, 1]",60,20,900,0.0037315518129616976,0.018999814987182617,,0.0063672024700878235,0.07979475214628982,0.05520961070712656,0.1431305679532938,0.14309586577479882,0.9795136405172942,0.3711571618914604
1,I.16.6,kan_bspline,"[2, 2, 1]",60,20,1000,0.002488657832145691,0.016648633405566216,,0.005579276484432515,0.07469455458353383,0.0494126560902223,0.13398216966648727,0.1339496855281694,0.9820487782113962,0.3688290938735008
1,I.16.6,kan_bspline,"[2, 2, 1]",60,30,100,0.7953454256057739,0.7884007692337036,,0.25677063511588283,0.5067254040561642,0.43776082289498297,0.9089306367661091,0.9087102654390918,0.17384509754499455,0.9582978263497353
1,I.16.6,kan_bspline,"[2, 2, 1]",60,30,200,0.4868148863315582,0.49850156903266907,,0.16235469743836983,0.40293262146216186,0.34356442230846734,0.7227539832576609,0.7225787506843987,0.4776266796833124,0.8388873040676117
1,I.16.6,kan_bspline,"[2, 2, 1]",60,30,300,0.1561804562807083,0.22204606235027313,,0.07231716881653068,0.26891851705773384,0.2125047193178907,0.4823683142603839,0.48225136348193626,0.7673208093967616,0.9208752810955048
1,I.16.6,kan_bspline,"[2, 2, 1]",60,30,400,0.049437060952186584,0.12139663845300674,,0.039537115458115925,0.19883942128792248,0.15306091444287448,0.35666505045680363,0.35657857658598163,0.8727900417821898,0.8120530247688293
1,I.16.6,kan_bspline,"[2, 2, 1]",60,30,500,0.030244583263993263,0.08750642836093903,,0.028499568368491147,0.16881815177430165,0.12532006923947484,0.3028148755946057,0.3027414577635017,0.9083031511182948,0.7233096659183502
1,I.16.6,kan_bspline,"[2, 2, 1]",60,30,600,0.018500352278351784,0.05963774025440216,,0.01942314239053976,0.13936693435151595,0.10033114837948233,0.24998722260671105,0.24992661290366575,0.9375063885331587,0.6300760507583618
1,I.16.6,kan_bspline,"[2, 2, 1]",60,30,700,0.010260886512696743,0.03750530630350113,,0.012214930967205957,0.11052117881748257,0.07662469678837806,0.1982456072551301,0.19819754236901124,0.9606986792039038,0.5289508700370789
1,I.16.6,kan_bspline,"[2, 2, 1]",60,30,800,0.005340167786926031,0.02272208034992218,,0.007400250448082998,0.0860247083580235,0.058022794977761805,0.15430545285393013,0.1542680413111391,0.9761898272194582,0.43959155678749084
1,I.16.6,kan_bspline,"[2, 2, 1]",60,30,900,0.003019623225554824,0.014533014968037605,,0.004733191218183506,0.06879819196885559,0.04564904320705682,0.12340566297654566,0.12337574312500635,0.9847710423452647,0.3610185831785202
1,I.16.6,kan_bspline,"[2, 2, 1]",60,30,1000,0.00203164154663682,0.010400700382888317,,0.003387356895064504,0.05820100424446733,0.037765541375614706,0.10439712598756412,0.10437181477869949,0.9891012400854976,0.31067946553230286
1,I.16.6,kan_bspline,"[2, 2, 1]",60,40,100,0.8752241134643555,0.8180107474327087,,0.2885223812200464,0.5371427940688085,0.4643667850373313,0.9634913464752508,0.963257746838487,0.07168442526398111,1.011335801333189
1,I.16.6,kan_bspline,"[2, 2, 1]",60,40,200,0.46611839532852173,0.44895216822624207,,0.1583509282440379,0.39793332135426646,0.34431417513918133,0.7137865681762758,0.7136135097635945,0.4905087350893087,0.7509878277778625
1,I.16.6,kan_bspline,"[2, 2, 1]",60,40,300,0.09448115527629852,0.12449632585048676,,0.043911372336332195,0.20955040524020038,0.17743597857747226,0.37587770762024136,0.3757865756175626,0.858715948913646,0.6517072319984436
1,I.16.6,kan_bspline,"[2, 2, 1]",60,40,400,0.029236555099487305,0.07095921784639359,,0.025028185343521605,0.15820298778316927,0.11774728098604828,0.2837740939629683,0.2837052925922915,0.9194722635952078,0.617461085319519
1,I.16.6,kan_bspline,"[2, 2, 1]",60,40,500,0.01865021325647831,0.05141432583332062,,0.018134459874605505,0.1346642486876361,0.0987676528962329,0.24155185496821113,0.24149329043020398,0.9416527013612072,0.579889178276062
1,I.16.6,kan_bspline,"[2, 2, 1]",60,40,600,0.012449778616428375,0.03615397587418556,,0.012751949454804325,0.11292452990738693,0.08263796952087432,0.20255658006019037,0.2025074699735255,0.9589708318741726,0.5221183523535728
1,I.16.6,kan_bspline,"[2, 2, 1]",60,40,700,0.008390356786549091,0.025289261713624,,0.008919830703683072,0.09444485535847398,0.0684322982141748,0.169408957658547,0.16936788425283514,0.9713006050649418,0.46373356133699417
1,I.16.6,kan_bspline,"[2, 2, 1]",60,40,800,0.005780654028058052,0.01794138364493847,,0.006328143909516193,0.07954963173715006,0.056406594914384184,0.14269088711672953,0.1426562915393827,0.9796393107337678,0.4103391021490097
1,I.16.6,kan_bspline,"[2, 2, 1]",60,40,900,0.004123737569898367,0.01309751346707344,,0.004619652958748326,0.06796802894558827,0.04664862654451281,0.12191657125286647,0.12188701243340806,0.9851363496538915,0.3640347570180893
1,I.16.6,kan_bspline,"[2, 2, 1]",60,40,1000,0.0030509314965456724,0.00987554807215929,,0.0034832265483451803,0.05901886603743908,0.03918571867141873,0.105864152574986,0.1058384856837593,0.98879278119954,0.32508161664009094
1,I.16.6,kan_bspline,"[2, 2, 1]",60,50,100,0.8583753705024719,0.8446614742279053,,0.27215170500001945,0.5216816126719624,0.4544357018023729,0.9357580981721245,0.9355312224947956,0.12435678170215037,0.9508431367576122
1,I.16.6,kan_bspline,"[2, 2, 1]",60,50,200,0.5712690949440002,0.5812496542930603,,0.1872798616653102,0.43275843338438846,0.37554022564180195,0.7762535591730041,0.7760653555631604,0.3974304118690839,0.8461264669895172
1,I.16.6,kan_bspline,"[2, 2, 1]",60,50,300,0.22073155641555786,0.25297650694847107,,0.08150957375395529,0.2854988156787262,0.23377941541094333,0.5121089612907437,0.5119847998566232,0.7377444117647756,0.6298238039016724
1,I.16.6,kan_bspline,"[2, 2, 1]",60,50,400,0.07178698480129242,0.10204856097698212,,0.032880265341515606,0.18132916296480167,0.15024020118452608,0.32525630299679037,0.3251774442145986,0.894208337360481,0.5477320030331612
1,I.16.6,kan_bspline,"[2, 2, 1]",60,50,500,0.028493208810687065,0.046570923179388046,,0.01500525087690761,0.12249592187867975,0.09862795929331332,0.21972511222685662,0.2196718396089012,0.9517208750567222,0.4790808465331793
1,I.16.6,kan_bspline,"[2, 2, 1]",60,50,600,0.010430783033370972,0.020290667191147804,,0.006537696002530469,0.08085602019967635,0.058454570173285904,0.14503420065025885,0.14499903693372498,0.9789650806416651,0.4161112830042839
1,I.16.6,kan_bspline,"[2, 2, 1]",60,50,700,0.003885829821228981,0.010732162743806839,,0.003457925414883178,0.058804127532709624,0.038890990247018635,0.1054789687963959,0.10545339529343999,0.988874187141609,0.3598567955195904
1,I.16.6,kan_bspline,"[2, 2, 1]",60,50,800,0.0023200861178338528,0.008188396692276001,,0.002638318752967109,0.051364567096074204,0.034912198833189904,0.09213437554963322,0.09211203745937363,0.9915112568420488,0.31998856365680695
1,I.16.6,kan_bspline,"[2, 2, 1]",60,50,900,0.0018879066919907928,0.007185302209109068,,0.0023151194442107303,0.048115688129868106,0.03343879516329616,0.08630675056005913,0.08628582538449332,0.992551144807737,0.2942933291196823
1,I.16.6,kan_bspline,"[2, 2, 1]",60,50,1000,0.0016155819175764918,0.00642284145578742,,0.0020694531378023114,0.04549124242975027,0.03170839561522007,0.08159919281325671,0.0815794089907334,0.9933415717322011,0.27521587908267975
1,I.16.6,kan_bspline,"[2, 2, 1]",60,100,100,0.7629600763320923,0.8030642867088318,,0.24327512436095566,0.4932292817351335,0.4274312786580995,0.8847221819364632,0.8845076799784606,0.21726666078677848,0.9058244004845619
1,I.16.6,kan_bspline,"[2, 2, 1]",60,100,200,0.4953458309173584,0.5291301608085632,,0.16029128515706098,0.40036394088012095,0.33952251545991746,0.7181464533047629,0.717972337832684,0.48426567160394174,0.7687325477600098
1,I.16.6,kan_bspline,"[2, 2, 1]",60,100,300,0.2410774976015091,0.2705968916416168,,0.08197288130065335,0.2863090660469091,0.22619911456573755,0.5135623350059696,0.5134378211996421,0.7362537280622711,0.7207273840904236
1,I.16.6,kan_bspline,"[2, 2, 1]",60,100,400,0.09772253036499023,0.11930741369724274,,0.03614221841767736,0.19011106863535684,0.15056177493650466,0.3410087066640691,0.34092602869264615,0.8837130619788821,0.58079394698143
1,I.16.6,kan_bspline,"[2, 2, 1]",60,100,500,0.04432101547718048,0.05667557567358017,,0.017168932726412286,0.13103027408355783,0.1022029212070629,0.23503347080109202,0.2349764866531727,0.9447592676029942,0.4735649935901165
1,I.16.6,kan_bspline,"[2, 2, 1]",60,100,600,0.020855020731687546,0.027233073487877846,,0.008249811493661779,0.09082847292375766,0.06733556463103742,0.16292212916551144,0.16288262849917629,0.9734563798280813,0.3904320225119591
1,I.16.6,kan_bspline,"[2, 2, 1]",60,100,700,0.01041339710354805,0.014233063906431198,,0.004311672441274716,0.065663326456057,0.04471585952769965,0.11778254780624663,0.11775399128574922,0.9861272714322195,0.3285517916083336
1,I.16.6,kan_bspline,"[2, 2, 1]",60,100,800,0.006185282953083515,0.009007738903164864,,0.0027287462057545594,0.05223740236415436,0.03386743611935526,0.09370000993397144,0.09367729225377074,0.9912203081383422,0.2854880690574646
1,I.16.6,kan_bspline,"[2, 2, 1]",60,100,900,0.00425828667357564,0.006730047985911369,,0.0020387570477606344,0.04515259735342624,0.02930445448216051,0.08099175359194072,0.08097211704378782,0.9934403358500788,0.25856083631515503
1,I.16.6,kan_bspline,"[2, 2, 1]",60,100,1000,0.00316628348082304,0.00545602897182107,,0.0016528140720461228,0.04065481609903214,0.02652239769976586,0.07292392998004622,0.07290624948543975,0.9946821004362463,0.2403774857521057
1,I.16.6,kan_bspline,"[2, 2, 1]",60,200,100,0.8952882289886475,0.8924520015716553,,0.27815303225566074,0.5274021542008155,0.46014960350468753,0.9460192285848619,0.9457898650841123,0.10504761914449545,0.9453676789999008
1,I.16.6,kan_bspline,"[2, 2, 1]",60,200,200,0.6309351921081543,0.6310155987739563,,0.1966704243022607,0.4434753931192358,0.387545129602775,0.7954769353014127,0.7952840709608865,0.36721644540120413,0.8032142519950867
1,I.16.6,kan_bspline,"[2, 2, 1]",60,200,300,0.3239414095878601,0.3376743793487549,,0.10524393469419775,0.3244132159672256,0.27820395748876037,0.5819110480826596,0.5817699630485713,0.6613795321181271,0.6760966181755066
1,I.16.6,kan_bspline,"[2, 2, 1]",60,200,400,0.13366588950157166,0.1554131954908371,,0.04843806651735234,0.22008649780791265,0.17726629813667386,0.3947766561433273,0.3946809420678295,0.8441513917637345,0.6056652963161469
1,I.16.6,kan_bspline,"[2, 2, 1]",60,200,500,0.07016854733228683,0.08944075554609299,,0.027876250049718318,0.1669618221322417,0.1276711335312575,0.2994851138141635,0.2994125032878114,0.910308666603396,0.5529957860708237
1,I.16.6,kan_bspline,"[2, 2, 1]",60,200,600,0.042412206530570984,0.056332360953092575,,0.01755726514113125,0.13250383066587643,0.09972782358527184,0.23767663949158319,0.23761901450423303,0.9435098150397856,0.5261453874409199
1,I.16.6,kan_bspline,"[2, 2, 1]",60,200,700,0.024758780375123024,0.03391837328672409,,0.010571434912141905,0.10281748349450061,0.07453288963064551,0.18442722625563718,0.1843825116526256,0.9659865982155301,0.47176583856344223
1,I.16.6,kan_bspline,"[2, 2, 1]",60,200,800,0.013999017886817455,0.019413122907280922,,0.006050542764883538,0.07778523487708666,0.05442652127332986,0.13952602830229402,0.13949220004877644,0.9805324874261176,0.4025647509843111
1,I.16.6,kan_bspline,"[2, 2, 1]",60,200,900,0.008447744883596897,0.011694936081767082,,0.003644993380243842,0.06037378056941475,0.03978725774586201,0.10829450897404233,0.10826825283998111,0.988272299326029,0.3447308614850044
1,I.16.6,kan_bspline,"[2, 2, 1]",60,200,1000,0.005716745741665363,0.00787007249891758,,0.0024528878055785725,0.049526637333646754,0.031608160863630476,0.08883761826073004,0.08881607947324366,0.9921078775817325,0.300273597240448
1,I.16.6,kan_bspline,"[2, 2, 1]",60,500,100,0.6430380940437317,0.6322912573814392,,0.20202982500820854,0.44947727974638335,0.39329241295251993,0.8062427240109257,0.8060472494919674,0.3499726699771126,0.8250897228717804
1,I.16.6,kan_bspline,"[2, 2, 1]",60,500,200,0.2666493058204651,0.27227094769477844,,0.0869960670913645,0.29495095709518304,0.25383996979845685,0.5290635896707157,0.528935317566535,0.7200917180837334,0.6978123933076859
1,I.16.6,kan_bspline,"[2, 2, 1]",60,500,300,0.07483289390802383,0.08497540652751923,,0.027151359661004425,0.16477669635298683,0.12624370423005893,0.29556557919037335,0.29549391895990895,0.912640988397546,0.6099101305007935
1,I.16.6,kan_bspline,"[2, 2, 1]",60,500,400,0.03405051678419113,0.04193450137972832,,0.01339892164431718,0.11575371114706078,0.08117278847657144,0.20763137892584674,0.20758103844808803,0.9568892104851969,0.5059363543987274
1,I.16.6,kan_bspline,"[2, 2, 1]",60,500,500,0.01975376345217228,0.02486446686089039,,0.00794469991173426,0.08913304612619419,0.05934727200353518,0.1598809843040849,0.1598422209669822,0.9744380708578654,0.4335138350725174
1,I.16.6,kan_bspline,"[2, 2, 1]",60,500,600,0.012572811916470528,0.015865758061408997,,0.005069430386849662,0.07119993249188979,0.04514774482510984,0.12771374685289003,0.12768278250122897,0.9836891988647375,0.37239817902445793
1,I.16.6,kan_bspline,"[2, 2, 1]",60,500,700,0.008632837794721127,0.010902800597250462,,0.0034836649002834875,0.05902257958005129,0.037501574816182257,0.10587081368300261,0.10584514517678222,0.9887913708100587,0.32955558598041534
1,I.16.6,kan_bspline,"[2, 2, 1]",60,500,800,0.006375224329531193,0.008109155111014843,,0.0025910388410284165,0.05090224789759698,0.03318980859359726,0.09130509783808094,0.09128296080720076,0.9916633791087486,0.2962779104709625
1,I.16.6,kan_bspline,"[2, 2, 1]",60,500,900,0.004977882374078035,0.006351950578391552,,0.002029576628462541,0.045050822727920756,0.030130265032406896,0.08080919697562179,0.08078960468854028,0.9934698736841318,0.26705507934093475
1,I.16.6,kan_bspline,"[2, 2, 1]",60,500,1000,0.004048539791256189,0.005207694135606289,,0.001663963712059862,0.040791711315656544,0.027730301310308278,0.07316948359827939,0.07315174356890258,0.994646226669942,0.2438647300004959
1,I.16.6,kan_bspline,"[2, 2, 1]",60,1000,100,0.935167133808136,0.9384505748748779,,0.294325554615908,0.5425177919809708,0.4716365476876963,0.973132663519574,0.9728967263338867,0.05301281918790557,0.9365128446370363
1,I.16.6,kan_bspline,"[2, 2, 1]",60,1000,200,0.7295387983322144,0.7393739223480225,,0.23188926900534085,0.4815488230754394,0.41927132772514597,0.8637705449309121,0.8635611227225223,0.25390044570708115,0.8232228644192219
1,I.16.6,kan_bspline,"[2, 2, 1]",60,1000,300,0.44979655742645264,0.46413952112197876,,0.1455677321018611,0.38153339578844353,0.32901069448678755,0.6843694624457567,0.6842035362457708,0.5316384388700275,0.7798892185091972
1,I.16.6,kan_bspline,"[2, 2, 1]",60,1000,400,0.2131429761648178,0.22538810968399048,,0.07068829987455165,0.26587271367056764,0.21631723897950725,0.4769049528618807,0.4767893266819808,0.7725616659349922,0.6991294324398041
1,I.16.6,kan_bspline,"[2, 2, 1]",60,1000,500,0.09750134497880936,0.10459098219871521,,0.0328027888848713,0.18111540211939817,0.13624940102826805,0.32487287287907174,0.32479410705997364,0.8944576164669202,0.6087469309568405
1,I.16.6,kan_bspline,"[2, 2, 1]",60,1000,600,0.04918009415268898,0.05311872437596321,,0.016659586819493626,0.12907202183081207,0.0981699941768311,0.2315208869582666,0.23146475444052825,0.9463980789018654,0.4882575795054436
1,I.16.6,kan_bspline,"[2, 2, 1]",60,1000,700,0.024629168212413788,0.02691507525742054,,0.008441354941590281,0.091876846602342,0.06862867898098193,0.1648026327826912,0.1647626761859904,0.9728400922277961,0.3861132562160492
1,I.16.6,kan_bspline,"[2, 2, 1]",60,1000,800,0.012976055033504963,0.01431275624781847,,0.00448889949021753,0.06699924992279786,0.04929955240432173,0.12017883928398941,0.12014970177973866,0.9855570465883012,0.3057359755039215
1,I.16.6,kan_bspline,"[2, 2, 1]",60,1000,900,0.007806961424648762,0.00871399324387312,,0.0027329632047754515,0.05227775057111248,0.03822095744381659,0.09377238388867996,0.09374964866132682,0.9912067400198025,0.24731775373220444
1,I.16.6,kan_bspline,"[2, 2, 1]",60,1000,1000,0.005447739735245705,0.006135022733360529,,0.0019241226446387195,0.043864822405188415,0.03161061915196478,0.07868182775371786,0.07866275124986503,0.9938091699813121,0.2060776650905609
2,I.16.6,kan_bspline,"[2, 2, 1]",60,10,100,0.8343642950057983,1.0123347043991089,,0.273823067916592,0.5232810601546668,0.45262041372212114,0.9302861729291385,0.9298575433148707,0.1345676364537829,0.9353504776954651
2,I.16.6,kan_bspline,"[2, 2, 1]",60,10,200,0.44075965881347656,0.5609304904937744,,0.15172423980518232,0.3895179582576166,0.34137250938627406,0.6924828706155464,0.6921638089393048,0.5204674739023492,0.6564624905586243
2,I.16.6,kan_bspline,"[2, 2, 1]",60,10,300,0.1088089793920517,0.20933352410793304,,0.05662193304672185,0.23795363633851416,0.20170964460994584,0.42303265785789995,0.42283774544251973,0.8210433703850453,0.6695232391357422
2,I.16.6,kan_bspline,"[2, 2, 1]",60,10,400,0.021314997225999832,0.12354406714439392,,0.033417029574903764,0.18280325373172043,0.13753261410619597,0.32498661285927644,0.3248368751865413,0.8943837014618796,0.6843739151954651
2,I.16.6,kan_bspline,"[2, 2, 1]",60,10,500,0.012297464534640312,0.10261470824480057,,0.027755915961353482,0.1666010683079598,0.1233590888621984,0.29618245727507947,0.29604599112508284,0.9122759520021841,0.6489346027374268
2,I.16.6,kan_bspline,"[2, 2, 1]",60,10,600,0.008829711005091667,0.08498154580593109,,0.022986377236570186,0.15161258930765012,0.11079263053264003,0.26953602225389695,0.26941183345628616,0.9273503327072887,0.600372850894928
2,I.16.6,kan_bspline,"[2, 2, 1]",60,10,700,0.006473924964666367,0.0716056376695633,,0.01936837132187651,0.1391702961190947,0.1006394090912072,0.24741618227837345,0.24730218520321573,0.9387852327465772,0.5549923181533813
2,I.16.6,kan_bspline,"[2, 2, 1]",60,10,800,0.0047419266775250435,0.06146115064620972,,0.01662442458640628,0.1289357382047595,0.09251919479097705,0.22922124185585108,0.22911562810457994,0.9474576222818748,0.5160394310951233
2,I.16.6,kan_bspline,"[2, 2, 1]",60,10,900,0.0034161624498665333,0.05371739715337753,,0.014529840973623248,0.12053979000157271,0.08585114994633478,0.21429497160302494,0.21419623513494596,0.9540776651454956,0.4854446053504944
2,I.16.6,kan_bspline,"[2, 2, 1]",60,10,1000,0.0023583986330777407,0.047774240374565125,,0.012922296373147213,0.11367627884984279,0.08014392776775639,0.20209305945984118,0.2019999450261936,0.959158395318016,0.4636775851249695
2,I.16.6,kan_bspline,"[2, 2, 1]",60,20,100,0.6186931133270264,0.7225407958030701,,0.20221789474862745,0.44968644047672535,0.38945934518438297,0.7994500653350062,0.7990817184938915,0.3608795930335841,0.8851399943232536
2,I.16.6,kan_bspline,"[2, 2, 1]",60,20,200,0.3200160562992096,0.38901418447494507,,0.10887361545115554,0.3299600209891428,0.2659456845711684,0.5866010993305971,0.5863308227100776,0.6558991502629127,0.7031556963920593
2,I.16.6,kan_bspline,"[2, 2, 1]",60,20,300,0.12902306020259857,0.1776183694601059,,0.04971015175221232,0.2229577353495777,0.1741549642587779,0.3963730280664096,0.39619039908290943,0.8428884226209071,0.570622056722641
2,I.16.6,kan_bspline,"[2, 2, 1]",60,20,400,0.038193222135305405,0.08605269342660904,,0.024083616768124236,0.1551889711549253,0.11612197302829008,0.27589409411044663,0.2757669758294503,0.9238824488347056,0.5354402363300323
2,I.16.6,kan_bspline,"[2, 2, 1]",60,20,500,0.010050380602478981,0.054500240832567215,,0.015253011952217609,0.12350308478826595,0.08696510101098101,0.21956310067606824,0.21946193691604596,0.9517920448213395,0.49813466146588326
2,I.16.6,kan_bspline,"[2, 2, 1]",60,20,600,0.003886894090101123,0.04148595780134201,,0.01161069819736321,0.10775294983137682,0.07266991815704386,0.1915625979102485,0.19147433538970401,0.9633037710817461,0.47104500234127045
2,I.16.6,kan_bspline,"[2, 2, 1]",60,20,700,0.002157909329980612,0.03402912616729736,,0.009523749833691916,0.09758970147352597,0.06457980030763429,0.17349443122262012,0.17341449361492847,0.9698996823346326,0.4464302510023117
2,I.16.6,kan_bspline,"[2, 2, 1]",60,20,800,0.0015636322787031531,0.029797233641147614,,0.00833936802121253,0.09132014028248385,0.05992032419692259,0.1623484400326548,0.1622736379435201,0.9736429840188698,0.4295107275247574
2,I.16.6,kan_bspline,"[2, 2, 1]",60,20,900,0.0013190481113269925,0.027327222749590874,,0.007648084772960859,0.08745332911308099,0.05712688156950753,0.15547404453444932,0.1554024098249624,0.9758278214760142,0.4193465858697891
2,I.16.6,kan_bspline,"[2, 2, 1]",60,20,1000,0.0011703806230798364,0.025688134133815765,,0.0071893521811722,0.08479004765402717,0.05517586940329056,0.15073927749502314,0.15066982433077342,0.9772776702201977,0.4154340475797653
2,I.16.6,kan_bspline,"[2, 2, 1]",60,30,100,0.9156901836395264,0.9807848930358887,,0.30085598421785176,0.5485034040166494,0.47734684267488775,0.9751263162676558,0.9746770265448084,0.04912866731889387,1.0261965952813625
2,I.16.6,kan_bspline,"[2, 2, 1]",60,30,200,0.5966827273368835,0.6754388809204102,,0.20719104625406254,0.4551824318381176,0.38944171080214435,0.8092208083627205,0.8088479596490242,0.34516168331045904,0.9143339470028877
2,I.16.6,kan_bspline,"[2, 2, 1]",60,30,300,0.3118118643760681,0.38106825947761536,,0.11689277360291143,0.34189585198260514,0.26647553450462874,0.6078205536184231,0.6075405001284081,0.6305541745976813,0.7487856447696686
2,I.16.6,kan_bspline,"[2, 2, 1]",60,30,400,0.14803270995616913,0.20039837062358856,,0.06147225499564783,0.24793598971437736,0.18507140345301012,0.44077923044761536,0.4405761412939529,0.8057136700053178,0.6329020299017429
2,I.16.6,kan_bspline,"[2, 2, 1]",60,30,500,0.06240071356296539,0.10463505238294601,,0.03209682647173054,0.17915587199902364,0.13136946045595688,0.3185023177993344,0.31835556776736096,0.8985562735560915,0.59516791254282
2,I.16.6,kan_bspline,"[2, 2, 1]",60,30,600,0.02491740509867668,0.05811314284801483,,0.017826220001696945,0.1335148680922726,0.095316660597804,0.23736199362917318,0.2372526290242465,0.9436592839801842,0.535930335521698
2,I.16.6,kan_bspline,"[2, 2, 1]",60,30,700,0.012044628150761127,0.03678660839796066,,0.011284300995162583,0.10622759055519702,0.07304104732151609,0.18885082263032563,0.1887638095609995,0.9643353667917226,0.47927572578191757
2,I.16.6,kan_bspline,"[2, 2, 1]",60,30,800,0.0072806417010724545,0.02599247917532921,,0.007973198767814046,0.08929276996383327,0.060530344987171705,0.15874419229953388,0.15867105086854993,0.9748002814110791,0.4392269253730774
2,I.16.6,kan_bspline,"[2, 2, 1]",60,30,900,0.0049498858861625195,0.020033402368426323,,0.006145251082731652,0.07839165186887984,0.05316493175143842,0.1393642448766224,0.1393000327618319,0.9805776072498998,0.4129849076271057
2,I.16.6,kan_bspline,"[2, 2, 1]",60,30,1000,0.0035971805918961763,0.016461221501231194,,0.005049483360975072,0.07105971686528924,0.04825192362826783,0.12632957140183726,0.12627136501649447,0.9840408393893714,0.3911650627851486
2,I.16.6,kan_bspline,"[2, 2, 1]",60,40,100,0.817886233329773,0.8957902193069458,,0.2679609682164573,0.5176494646152523,0.4521258353352314,0.9202743535441635,0.9198503368784764,0.15309511420586341,0.9704922288656235
2,I.16.6,kan_bspline,"[2, 2, 1]",60,40,200,0.42510780692100525,0.4874224364757538,,0.14580443722222436,0.3818434721482408,0.3297856088577537,0.6788392116805587,0.6785264363239861,0.5391773246832807,0.7801631093025208
2,I.16.6,kan_bspline,"[2, 2, 1]",60,40,300,0.12882910668849945,0.16746237874031067,,0.05009362295764233,0.22381604714059788,0.16918704581994098,0.39789893001862653,0.39771559797537515,0.8416764414894697,0.7463371455669403
2,I.16.6,kan_bspline,"[2, 2, 1]",60,40,400,0.05232053995132446,0.06999044865369797,,0.020936496833133228,0.14469449482662852,0.10177541942882817,0.2572370721699601,0.2571185501170391,0.9338290887011916,0.6076732724905014
2,I.16.6,kan_bspline,"[2, 2, 1]",60,40,500,0.02675333246588707,0.03454969450831413,,0.0103349735397283,0.10166107189936716,0.06619391184102279,0.18073249103489994,0.18064921848912613,0.9673357666842037,0.4521073177456856
2,I.16.6,kan_bspline,"[2, 2, 1]",60,40,600,0.014869464561343193,0.01985744945704937,,0.005940030652007928,0.07707159432636598,0.04747196645627264,0.1370174538826803,0.1369543230524963,0.9812262173314409,0.4030148983001709
2,I.16.6,kan_bspline,"[2, 2, 1]",60,40,700,0.009196708910167217,0.013787937350571156,,0.004124435212840516,0.0642217658807395,0.04192602050269488,0.11417309998241763,0.11412049469468008,0.9869645032403586,0.36406315118074417
2,I.16.6,kan_bspline,"[2, 2, 1]",60,40,800,0.006131230853497982,0.010808820836246014,,0.0032332813802011485,0.05686195019695639,0.0389003877058858,0.10108886038867668,0.10104228366799002,0.9897810423052823,0.3308565840125084
2,I.16.6,kan_bspline,"[2, 2, 1]",60,40,900,0.004243633709847927,0.00891585648059845,,0.0026670322319105894,0.05164331739838746,0.03646355948934797,0.09181120387905979,0.09176890184120381,0.9915707028422478,0.30429963022470474
2,I.16.6,kan_bspline,"[2, 2, 1]",60,40,1000,0.003020642092451453,0.007542900275439024,,0.002256334833382878,0.04750089297458394,0.033817697370075624,0.08444682466241214,0.08440791576433918,0.9928687338044104,0.2882508262991905
2,I.16.6,kan_bspline,"[2, 2, 1]",60,50,100,0.5252043008804321,0.4676312208175659,,0.16840730130439066,0.4103745865723055,0.35863506397220773,0.7295616690137582,0.729225523270788,0.4677397711039688,0.7639174982905388
2,I.16.6,kan_bspline,"[2, 2, 1]",60,50,200,0.22782570123672485,0.22227449715137482,,0.08004736097627327,0.28292642325571726,0.23734413005958777,0.5029850295619256,0.5027532790689296,0.7470060600356903,0.810815155506134
2,I.16.6,kan_bspline,"[2, 2, 1]",60,50,300,0.09907574951648712,0.1045178696513176,,0.03763985554193813,0.1940099367092782,0.14898466430220286,0.3449097918394996,0.34475087455647907,0.8810372354928104,0.6958814114332199
2,I.16.6,kan_bspline,"[2, 2, 1]",60,50,400,0.05580243468284607,0.06305789202451706,,0.02270894057221922,0.15069485914330064,0.11302038432832341,0.2679044866463938,0.2677810495792704,0.9282271860344772,0.5836167335510254
2,I.16.6,kan_bspline,"[2, 2, 1]",60,50,500,0.035204414278268814,0.043476179242134094,,0.015657009497486506,0.1251279724821213,0.09157002940925305,0.2224518170261489,0.22234932228926074,0.9505151891015889,0.5634658336639404
2,I.16.6,kan_bspline,"[2, 2, 1]",60,50,600,0.022485576570034027,0.030112728476524353,,0.010844449215668,0.10413668525389119,0.07343271410989109,0.18513362275663992,0.18504832238819485,0.9657255417248803,0.5117615014314651
2,I.16.6,kan_bspline,"[2, 2, 1]",60,50,700,0.01428477093577385,0.020782768726348877,,0.007484465617908874,0.08651280609198198,0.05933128546329681,0.15380198791235156,0.15373112360342078,0.9763449485141248,0.44708849117159843
2,I.16.6,kan_bspline,"[2, 2, 1]",60,50,800,0.008991108275949955,0.014387083239853382,,0.005181197256859024,0.07198053387450683,0.05012294485571329,0.12796659478506442,0.1279076341407401,0.983624550619057,0.3799467347562313
2,I.16.6,kan_bspline,"[2, 2, 1]",60,50,900,0.005684912670403719,0.010135081596672535,,0.003649930900716333,0.060414657995525665,0.04286061495693866,0.10740484465244812,0.1073553578402461,0.9884641993451425,0.34826695173978806
2,I.16.6,kan_bspline,"[2, 2, 1]",60,50,1000,0.0037392056547105312,0.007394067943096161,,0.0026628140161725758,0.05160246133831773,0.03672622584889177,0.09173857020156342,0.09169630162969464,0.9915840347373429,0.32518818229436874
2,I.16.6,kan_bspline,"[2, 2, 1]",60,100,100,0.9110944271087646,0.8992555737495422,,0.30055820970447406,0.5482318940963523,0.4788867916633608,0.9746436274338752,0.974194560110043,0.050069799499162904,0.9909213185310364
2,I.16.6,kan_bspline,"[2, 2, 1]",60,100,200,0.6986868381500244,0.7066166996955872,,0.23617253067050933,0.485975853999465,0.42321839711174836,0.8639651838717521,0.8635671116717343,0.25356416105479807,0.9599902927875519
2,I.16.6,kan_bspline,"[2, 2, 1]",60,100,300,0.39912116527557373,0.41955864429473877,,0.14022909610929965,0.3744717560902286,0.3112652869207086,0.6657338156673693,0.6654270786256737,0.5567984866753907,0.8880760073661804
2,I.16.6,kan_bspline,"[2, 2, 1]",60,100,400,0.12920069694519043,0.14408013224601746,,0.04815591394210844,0.21944455778649066,0.16002163625473623,0.39012732043652,0.3899475691645564,0.8478006738484802,0.7579764723777771
2,I.16.6,kan_bspline,"[2, 2, 1]",60,100,500,0.05164916068315506,0.05365471541881561,,0.017933017540697187,0.13391421709698037,0.09671440447086933,0.23807195407976325,0.23796226236036047,0.9433217446804417,0.5534046366810799
2,I.16.6,kan_bspline,"[2, 2, 1]",60,100,600,0.031952060759067535,0.030700944364070892,,0.01026117853793219,0.10129747547659906,0.07333951992972289,0.18008609132662906,0.18000311660970159,0.9675689997105819,0.437640443444252
2,I.16.6,kan_bspline,"[2, 2, 1]",60,100,700,0.019826753064990044,0.01832471787929535,,0.006124671968434905,0.07826028346763705,0.05517649889609311,0.1391306988598798,0.13906659435148178,0.9806426486346926,0.361880898475647
2,I.16.6,kan_bspline,"[2, 2, 1]",60,100,800,0.012009336613118649,0.0108612896874547,,0.0036301695714367,0.06025088855308858,0.04187346447224263,0.10711369624397618,0.10706434357848477,0.9885266560769125,0.29713301360607147
2,I.16.6,kan_bspline,"[2, 2, 1]",60,100,900,0.0074581848457455635,0.0068490649573504925,,0.002289163469760158,0.047845203205338756,0.033337835706421175,0.08505893748525074,0.08501974655602353,0.9927649771538545,0.24596765637397766
2,I.16.6,kan_bspline,"[2, 2, 1]",60,100,1000,0.004965644329786301,0.004747544880956411,,0.0015867720081080157,0.03983430692390688,0.028575065337703563,0.07081721040806052,0.07078458135856583,0.9949849227100027,0.20305782556533813
2,I.16.6,kan_bspline,"[2, 2, 1]",60,200,100,0.9632445573806763,0.9440580010414124,,0.3054851177114026,0.552707081292978,0.4816296382932342,0.9825995904665519,0.9821468574305278,0.034498044811534734,1.0552709102630615
2,I.16.6,kan_bspline,"[2, 2, 1]",60,200,200,0.6889442205429077,0.6763578653335571,,0.21886079119648105,0.4678255991248032,0.4086213227516273,0.8316977611982717,0.8313145562222721,0.30827883401532563,0.8787930682301521
2,I.16.6,kan_bspline,"[2, 2, 1]",60,200,300,0.3869132995605469,0.3820705711841583,,0.1236331728603229,0.35161509191205503,0.30294194951705866,0.6250993645791629,0.6248113498721668,0.6092507844013387,0.7437680065631866
2,I.16.6,kan_bspline,"[2, 2, 1]",60,200,400,0.18039794266223907,0.18335504829883575,,0.05933135585861784,0.24358028626844547,0.20074122547905426,0.43303568496570444,0.43283616365278765,0.8124800955456171,0.6165947169065475
2,I.16.6,kan_bspline,"[2, 2, 1]",60,200,500,0.0934419259428978,0.09838643670082092,,0.03183659687569132,0.17842812803953115,0.13572881040524226,0.31720853861545095,0.31706238469259823,0.8993787430290925,0.6114891022443771
2,I.16.6,kan_bspline,"[2, 2, 1]",60,200,600,0.053778089582920074,0.057165976613759995,,0.01849818114282287,0.13600801867104334,0.09902939033415169,0.24179430293112877,0.241682896138452,0.9415355150698419,0.5535943061113358
2,I.16.6,kan_bspline,"[2, 2, 1]",60,200,700,0.03240225464105606,0.03384274244308472,,0.010951079735252717,0.10464740672970696,0.07480168569274247,0.18604158057003553,0.18595586185977409,0.96538853029888,0.4697290286421776
2,I.16.6,kan_bspline,"[2, 2, 1]",60,200,800,0.018838150426745415,0.01958698220551014,,0.006338097466981107,0.07961216908853261,0.054738392801198646,0.14153407363543377,0.14146886177143594,0.9799681060000884,0.4000036120414734
2,I.16.6,kan_bspline,"[2, 2, 1]",60,200,900,0.010770896449685097,0.011274228803813457,,0.0036481970286688188,0.060400306527937576,0.0404018128780881,0.10737933069279039,0.10732985563615241,0.9884696793399274,0.3357442691922188
2,I.16.6,kan_bspline,"[2, 2, 1]",60,200,1000,0.006756322458386421,0.00725527573376894,,0.002347714552541317,0.04845322024944593,0.03253746307315305,0.08613986682152554,0.0861001778538044,0.9925799233439435,0.28742872178554535
2,I.16.6,kan_bspline,"[2, 2, 1]",60,500,100,0.7638606429100037,0.769959568977356,,0.24578183739756526,0.4957638927932986,0.4353896862094989,0.8813663050728634,0.8809602153013875,0.22319343627944888,0.8950346410274506
2,I.16.6,kan_bspline,"[2, 2, 1]",60,500,200,0.3445890545845032,0.35916629433631897,,0.1146508851249403,0.3386013661002275,0.2905515491318656,0.6019636348482686,0.6016862799352145,0.637639782318973,0.6864575147628784
2,I.16.6,kan_bspline,"[2, 2, 1]",60,500,300,0.12214624136686325,0.1296471208333969,,0.041385172859483406,0.20343346052083813,0.1590331767956959,0.36166288032233435,0.36149624404911157,0.8691999609964882,0.5712469071149826
2,I.16.6,kan_bspline,"[2, 2, 1]",60,500,400,0.05422727018594742,0.05637456104159355,,0.017995545982733722,0.13414747848071437,0.10545243008376565,0.23848664487690757,0.2383767620886041,0.9431241202151537,0.4511425644159317
2,I.16.6,kan_bspline,"[2, 2, 1]",60,500,500,0.024078797549009323,0.02474939078092575,,0.007900350439429847,0.08888391552710674,0.06663745825609659,0.1580173331445035,0.15794452661407846,0.9750305224258103,0.36381714791059494
2,I.16.6,kan_bspline,"[2, 2, 1]",60,500,600,0.011501009576022625,0.011706745252013206,,0.003736956135206926,0.06113064808430323,0.04276073563785758,0.10867772787001995,0.10862765457651957,0.9881891514649679,0.30255986005067825
2,I.16.6,kan_bspline,"[2, 2, 1]",60,500,700,0.006679489742964506,0.006774213630706072,,0.0021624235240345294,0.04650186581240079,0.031046907530748284,0.08267075970205429,0.08263266912640836,0.9931655454902609,0.2652578800916672
2,I.16.6,kan_bspline,"[2, 2, 1]",60,500,800,0.004732711706310511,0.0048493389040231705,,0.0015479765243939995,0.03934433281165153,0.026253349234932104,0.06994613714278765,0.06991390944054346,0.9951075378987849,0.2418774664402008
2,I.16.6,kan_bspline,"[2, 2, 1]",60,500,900,0.0037398471031337976,0.0038691505324095488,,0.0012350869478681597,0.03514380383322442,0.02363337874470744,0.06247845997047818,0.06244967300257897,0.9960964420397035,0.22295507788658142
2,I.16.6,kan_bspline,"[2, 2, 1]",60,500,1000,0.0030605255160480738,0.0031936950981616974,,0.0010194719585691035,0.0319291709658911,0.02154164293978829,0.056763503448566566,0.05673734964848262,0.9967779046762332,0.20624981820583344
2,I.16.6,kan_bspline,"[2, 2, 1]",60,1000,100,0.8400309085845947,0.8192243576049805,,0.26648343421025006,0.5162203349445371,0.4534200141602196,0.9177336547243053,0.9173108086863097,0.15776493898337773,0.8815023228526115
2,I.16.6,kan_bspline,"[2, 2, 1]",60,1000,200,0.44080474972724915,0.4286786615848541,,0.13944380650260035,0.3734217541903529,0.32670514790440214,0.6638671281004336,0.6635612511355564,0.5592804362261169,0.7043709754943848
2,I.16.6,kan_bspline,"[2, 2, 1]",60,1000,300,0.12191906571388245,0.11849432438611984,,0.03854471781386459,0.19632808717517877,0.15673138041270432,0.34903098690923734,0.3488701707844362,0.878177370176731,0.6880498826503754
2,I.16.6,kan_bspline,"[2, 2, 1]",60,1000,400,0.04350515082478523,0.042077742516994476,,0.013687363812628792,0.11699300753732589,0.08021246385702398,0.2079895213658214,0.20789369013570208,0.9567403590018628,0.5423343479633331
2,I.16.6,kan_bspline,"[2, 2, 1]",60,1000,500,0.022469863295555115,0.020997988060116768,,0.00683038302554351,0.08264613134045362,0.0567309060258558,0.14692783493708844,0.14686013789606286,0.9784122113206231,0.4165294198319316
2,I.16.6,kan_bspline,"[2, 2, 1]",60,1000,600,0.012599742040038109,0.011466004885733128,,0.003729747780360692,0.06107166102506704,0.04142914022004698,0.10857286100254158,0.1085228360264797,0.9882119338536809,0.3335777744650841
2,I.16.6,kan_bspline,"[2, 2, 1]",60,1000,700,0.007928618229925632,0.007180136628448963,,0.0023356085678023883,0.04832813432983306,0.03331177653337363,0.08591748976585763,0.08587790325842706,0.9926181849523076,0.2775561809539795
2,I.16.6,kan_bspline,"[2, 2, 1]",60,1000,800,0.005723713897168636,0.005228597670793533,,0.0017007974186935733,0.041240725244514956,0.02888848774845246,0.07331753311538189,0.07328375204150075,0.9946245393378558,0.23963084816932678
2,I.16.6,kan_bspline,"[2, 2, 1]",60,1000,900,0.004530389327555895,0.0041735367849469185,,0.0013575993351486063,0.03684561487000327,0.026270823674742132,0.06550393021391795,0.06547374925975821,0.9957092351265149,0.2128414511680603
2,I.16.6,kan_bspline,"[2, 2, 1]",60,1000,1000,0.0037451470270752907,0.003484657732769847,,0.0011335155130440006,0.03366772212437308,0.024245759504963642,0.05985429007705198,0.05982671219616483,0.9964174639593594,0.19460196048021317
3,I.16.6,kan_bspline,"[2, 2, 1]",60,10,100,0.8057271838188171,1.0641522407531738,,0.27769657194304154,0.5269692324444014,0.45669632876111427,0.9370859467004506,0.9366589219002315,0.12186992849339984,0.9930475875735283
3,I.16.6,kan_bspline,"[2, 2, 1]",60,10,200,0.33803755044937134,0.519546389579773,,0.13557857442688032,0.3682099597062528,0.31752669622475516,0.6547713935315438,0.6544730178868161,0.5712744222112368,0.8568634018301964
3,I.16.6,kan_bspline,"[2, 2, 1]",60,10,300,0.05200360342860222,0.19703857600688934,,0.05141833489942065,0.22675611325699832,0.16520609036932002,0.40323031019456707,0.4030465604080513,0.8374053169398155,0.7453523427248001
3,I.16.6,kan_bspline,"[2, 2, 1]",60,10,400,0.013605499640107155,0.14301294088363647,,0.03732004019652951,0.193183954293646,0.13357983767805853,0.3435304331846312,0.3433738882966022,0.8819868414755603,0.6978946998715401
3,I.16.6,kan_bspline,"[2, 2, 1]",60,10,500,0.006871266756206751,0.12994612753391266,,0.03391017934787434,0.18414716763467837,0.1263148765527294,0.3274607174212121,0.32731149541235716,0.8927694785456041,0.6891581639647484
3,I.16.6,kan_bspline,"[2, 2, 1]",60,10,600,0.004392385017126799,0.12230464816093445,,0.031916091847002157,0.17865075383832602,0.1230650202157558,0.3176866892451825,0.31754192120604496,0.8990751674760762,0.6822119429707527
3,I.16.6,kan_bspline,"[2, 2, 1]",60,10,700,0.003071362152695656,0.11617817729711533,,0.030317356694737545,0.17411880052061451,0.11974249600345502,0.3096277182395499,0.3094866226282144,0.9041306760974293,0.6744558587670326
3,I.16.6,kan_bspline,"[2, 2, 1]",60,10,800,0.0021909591741859913,0.11093737185001373,,0.028949737343007292,0.17014622341682253,0.11652685639547417,0.30256346107432686,0.302425584605286,0.908455352022399,0.6651432663202286
3,I.16.6,kan_bspline,"[2, 2, 1]",60,10,900,0.0015210615238174796,0.1065504401922226,,0.027804941251376402,0.1667481371751313,0.11375808874616632,0.2965207954560813,0.2963856725958076,0.9120754178617804,0.6557293981313705
3,I.16.6,kan_bspline,"[2, 2, 1]",60,10,1000,0.0010006509255617857,0.10308898985385895,,0.026901657223964776,0.16401724672718043,0.11169104728946695,0.29166457444127425,0.29153166453362883,0.9149317760156881,0.6472162455320358
3,I.16.6,kan_bspline,"[2, 2, 1]",60,20,100,0.8585589528083801,0.9968205690383911,,0.26148853841322667,0.5113595001691341,0.4425567794385715,0.9093278541092428,0.9089134785158387,0.1731228537381414,0.9773246273398399
3,I.16.6,kan_bspline,"[2, 2, 1]",60,20,200,0.5093387365341187,0.6217612028121948,,0.16310201481416509,0.40385890458694246,0.3395501850200235,0.7181643265637732,0.7178370631156814,0.4842400000493696,0.9196089208126068
3,I.16.6,kan_bspline,"[2, 2, 1]",60,20,300,0.1748291701078415,0.28850871324539185,,0.07568235193844401,0.2751042564891427,0.21136336375953396,0.48920566280053374,0.4889827345289498,0.7606778194830401,0.8120416402816772
3,I.16.6,kan_bspline,"[2, 2, 1]",60,20,400,0.05012582615017891,0.13106252253055573,,0.03438065392018249,0.1854202090393129,0.14820641632558545,0.3297245103267622,0.32957425672020085,0.8912817472893906,0.616156741976738
3,I.16.6,kan_bspline,"[2, 2, 1]",60,20,500,0.027418488636612892,0.08439233899116516,,0.022138015532635953,0.1487884926082523,0.11803973718784982,0.2645839583597466,0.2644633889366776,0.9299953289784391,0.5424290522933006
3,I.16.6,kan_bspline,"[2, 2, 1]",60,20,600,0.016831709071993828,0.0569208562374115,,0.014931625432544322,0.12219503031033759,0.09365727649867768,0.21729398722065657,0.2171949675717029,0.9527833231175814,0.48900023102760315
3,I.16.6,kan_bspline,"[2, 2, 1]",60,20,700,0.010155750438570976,0.03895970433950424,,0.010220009938691668,0.10109406480447637,0.07387502519931877,0.1797710788230781,0.17968915815263173,0.9676823592186719,0.43515538424253464
3,I.16.6,kan_bspline,"[2, 2, 1]",60,20,800,0.006132854614406824,0.02768923155963421,,0.007263510176117865,0.085226229390475,0.05910302616428817,0.15155401290057144,0.15148495058850803,0.9770313811736518,0.38579829037189484
3,I.16.6,kan_bspline,"[2, 2, 1]",60,20,900,0.003878206480294466,0.02085478976368904,,0.005470682524976738,0.07396406238827569,0.04926890481408918,0.1315270022567043,0.13146706614085513,0.9827006476773035,0.3431116193532944
3,I.16.6,kan_bspline,"[2, 2, 1]",60,20,1000,0.002658587647601962,0.016687585040926933,,0.004377530168327703,0.06616290628688935,0.043090636442939284,0.11765455335353822,0.11760093883470187,0.9861574060751302,0.3077077269554138
3,I.16.6,kan_bspline,"[2, 2, 1]",60,30,100,0.8507639765739441,1.125502586364746,,0.26941110674218705,0.5190482701466088,0.4519083544075838,0.9230004517671413,0.9225798456478138,0.14807016603462575,0.9206232167780399
3,I.16.6,kan_bspline,"[2, 2, 1]",60,30,200,0.562000572681427,0.7554903626441956,,0.18084144761981746,0.4252545680175787,0.3694519463604665,0.7562112831729474,0.7558666819405232,0.4281444951998924,0.823210209608078
3,I.16.6,kan_bspline,"[2, 2, 1]",60,30,300,0.2756485044956207,0.4031457304954529,,0.0965008373958108,0.31064583917350447,0.2565162348593003,0.5524076784144556,0.5521559493395024,0.6948457568276671,0.6756902635097504
3,I.16.6,kan_bspline,"[2, 2, 1]",60,30,400,0.11331780254840851,0.2009444683790207,,0.048099995267511735,0.21931711120546826,0.1684132193326368,0.39000186372981044,0.38982414207201516,0.8478985462867339,0.5138953924179077
3,I.16.6,kan_bspline,"[2, 2, 1]",60,30,500,0.046003930270671844,0.10755836963653564,,0.02574620674790503,0.16045624558709154,0.12136001954699167,0.2853322045055899,0.2852021802233412,0.9185855330716909,0.4685838893055916
3,I.16.6,kan_bspline,"[2, 2, 1]",60,30,600,0.0191035158932209,0.06169652193784714,,0.0147682722769943,0.12152478050584703,0.08879719966376433,0.21610211180574213,0.2160036352877176,0.9532998772729326,0.45462068170309067
3,I.16.6,kan_bspline,"[2, 2, 1]",60,30,700,0.009624405764043331,0.039601635187864304,,0.009479427213916971,0.09736235008419307,0.06986973978119204,0.17313513652099763,0.17305623981216944,0.970024224501749,0.4144323468208313
3,I.16.6,kan_bspline,"[2, 2, 1]",60,30,800,0.005980494432151318,0.02826026640832424,,0.006764648998672856,0.08224748627570849,0.058243136086559386,0.1462570465127417,0.1461903979984964,0.9786088763452937,0.37082652747631073
3,I.16.6,kan_bspline,"[2, 2, 1]",60,30,900,0.004188194405287504,0.02182065136730671,,0.005223200720620845,0.07227171452664483,0.050153753527964,0.12851757532924102,0.12845901059233206,0.9834832328314341,0.33256863057613373
3,I.16.6,kan_bspline,"[2, 2, 1]",60,30,1000,0.0031001120805740356,0.017667533829808235,,0.004229070611958902,0.06503130486126586,0.04460860508406768,0.11564227687147653,0.11558957933572564,0.9866268637999333,0.30130143463611603
3,I.16.6,kan_bspline,"[2, 2, 1]",60,40,100,0.9083215594291687,1.0785109996795654,,0.2923464345121661,0.540690701336879,0.46987497976137094,0.9614862245071532,0.9610480806374484,0.0755442400796954,0.9604683667421341
3,I.16.6,kan_bspline,"[2, 2, 1]",60,40,200,0.5789939761161804,0.704695999622345,,0.1910183152266784,0.43705642110221693,0.3800385305405944,0.7771979935722203,0.7768438288137962,0.39596327878516846,0.7799687087535858
3,I.16.6,kan_bspline,"[2, 2, 1]",60,40,300,0.21038933098316193,0.2749927043914795,,0.07454085438481133,0.2730217104642254,0.23026629908563337,0.4855023638351377,0.48528112313608257,0.7642874547096561,0.6777290403842926
3,I.16.6,kan_bspline,"[2, 2, 1]",60,40,400,0.06723085045814514,0.10313637554645538,,0.027956645851419024,0.16720240982539403,0.1286238499469473,0.29732860830419955,0.29719311732815024,0.9115956986835737,0.5830335915088654
3,I.16.6,kan_bspline,"[2, 2, 1]",60,40,500,0.03126875311136246,0.05902029201388359,,0.015998326814535484,0.1264844923875472,0.09284410741919419,0.2249217468392065,0.22481925126305669,0.9494102077986202,0.4869353771209717
3,I.16.6,kan_bspline,"[2, 2, 1]",60,40,600,0.016679927706718445,0.03757774829864502,,0.010186006983937028,0.10092574985570842,0.07214346234308323,0.17947177183625757,0.17938998755832317,0.9677898831138398,0.413216233253479
3,I.16.6,kan_bspline,"[2, 2, 1]",60,40,700,0.00950971245765686,0.025218043476343155,,0.006835724702062388,0.08267844157978782,0.05557446506706765,0.1470233951612871,0.14695639742626893,0.9783841212751712,0.36036899499595165
3,I.16.6,kan_bspline,"[2, 2, 1]",60,40,800,0.005869602784514427,0.018460402265191078,,0.005003966081709046,0.0707387169922458,0.044062205729598646,0.12579151400086294,0.125734191514783,0.9841764950053145,0.32107068225741386
3,I.16.6,kan_bspline,"[2, 2, 1]",60,40,900,0.0038570992182940245,0.01472363993525505,,0.003991061270530166,0.06317484681841473,0.038154252428154,0.1123410201082966,0.11228982693670218,0.9873794952009824,0.2987990975379944
3,I.16.6,kan_bspline,"[2, 2, 1]",60,40,1000,0.0026295813731849194,0.01249988004565239,,0.003388277591555245,0.05820891333425874,0.03459301904734457,0.10351032147591913,0.10346315240406984,0.9892856133479138,0.28566280007362366
3,I.16.6,kan_bspline,"[2, 2, 1]",60,50,100,0.6064818501472473,0.7036784887313843,,0.19321325513723595,0.4395602974988027,0.37965938068175453,0.7816505255969682,0.7812943318447202,0.3890224558318123,0.870945431292057
3,I.16.6,kan_bspline,"[2, 2, 1]",60,50,200,0.2836306691169739,0.341969758272171,,0.09389670585116687,0.3064256938495316,0.2523830369067728,0.5449031816950084,0.544654872377041,0.7030805225776016,0.6568091809749603
3,I.16.6,kan_bspline,"[2, 2, 1]",60,50,300,0.09624545276165009,0.1342848390340805,,0.03687139977485245,0.1920192692800711,0.158530357182899,0.34145932562965875,0.34130372453370433,0.8834055289401244,0.5409294804558158
3,I.16.6,kan_bspline,"[2, 2, 1]",60,50,400,0.038917530328035355,0.0668179988861084,,0.018346622955098923,0.13544970636771023,0.10530027514969698,0.2408641880914281,0.24075442763438376,0.941984442894851,0.4559464752674103
3,I.16.6,kan_bspline,"[2, 2, 1]",60,50,500,0.020314818248152733,0.041933488100767136,,0.01151393226514825,0.10730299280611072,0.07501111458142987,0.19081213931804794,0.19072518729837618,0.9635907274887405,0.39556536078453064
3,I.16.6,kan_bspline,"[2, 2, 1]",60,50,600,0.01167531032115221,0.02873879112303257,,0.007890983219764178,0.08883120633968773,0.05859779585147044,0.15796458306159641,0.15789259948873305,0.9750471904980873,0.359920859336853
3,I.16.6,kan_bspline,"[2, 2, 1]",60,50,700,0.007200776133686304,0.021166270598769188,,0.005811751591938972,0.07623484499845837,0.048729707514459736,0.13556503396899874,0.13550325774478886,0.9816221215649189,0.34008319675922394
3,I.16.6,kan_bspline,"[2, 2, 1]",60,50,800,0.005005983170121908,0.01685473322868347,,0.004627905899102584,0.06802871378397936,0.043861710223893166,0.1209724358353316,0.1209173093760922,0.9853656697680145,0.3230966031551361
3,I.16.6,kan_bspline,"[2, 2, 1]",60,50,900,0.0037991649005562067,0.014075621031224728,,0.0038648282851852524,0.062167743124431116,0.04011890011146897,0.11055013240480675,0.11049975533067545,0.9877786682252363,0.3085485100746155
3,I.16.6,kan_bspline,"[2, 2, 1]",60,50,1000,0.0029722261242568493,0.011972762644290924,,0.0032874341943514686,0.05733615085050154,0.036509057785908225,0.10195832677113806,0.10191186493455474,0.9896044996019929,0.2958175390958786
3,I.16.6,kan_bspline,"[2, 2, 1]",60,100,100,0.8643807768821716,0.9759600162506104,,0.27522810518923857,0.5246218687676283,0.45591262234182794,0.93291173428373,0.9324866116486534,0.12967569603263052,0.948680991306901
3,I.16.6,kan_bspline,"[2, 2, 1]",60,100,200,0.45731547474861145,0.5378748178482056,,0.15168476807670056,0.3894672875566067,0.3330892424629419,0.6925723541314065,0.6922567528013452,0.5203435342911773,0.7851906269788742
3,I.16.6,kan_bspline,"[2, 2, 1]",60,100,300,0.15651611983776093,0.21733030676841736,,0.06128878731149247,0.24756572321606332,0.18392347978329054,0.44023511398264203,0.4400345013149782,0.8061930444160015,0.5894971862435341
3,I.16.6,kan_bspline,"[2, 2, 1]",60,100,400,0.06818358600139618,0.10925726592540741,,0.03081137358426413,0.1755316882624449,0.13777531286416342,0.3121401936662329,0.3119979531339636,0.9025684994976604,0.4808208644390106
3,I.16.6,kan_bspline,"[2, 2, 1]",60,100,500,0.03173055127263069,0.05723753944039345,,0.016141419536822375,0.1270488864052825,0.09809865564195207,0.22592538361695205,0.2258224306891623,0.9489577210373517,0.42192864418029785
3,I.16.6,kan_bspline,"[2, 2, 1]",60,100,600,0.014840961433947086,0.03150254115462303,,0.008883954816270663,0.09425473365444657,0.0692141978367581,0.1676090004493663,0.16753262196969337,0.9719072229682645,0.3817735128104687
3,I.16.6,kan_bspline,"[2, 2, 1]",60,100,700,0.007786340080201626,0.019596489146351814,,0.005526357713870491,0.07433947614740428,0.05132327710831305,0.13219458384632682,0.13213434351729855,0.9825245920016343,0.35389953292906284
3,I.16.6,kan_bspline,"[2, 2, 1]",60,100,800,0.004784110933542252,0.013926171697676182,,0.003927285163377992,0.06266805536617513,0.04077667117951205,0.11143981541063572,0.11138903291295794,0.9875811675411993,0.3339808713644743
3,I.16.6,kan_bspline,"[2, 2, 1]",60,100,900,0.003362249117344618,0.011013315990567207,,0.003105838164818197,0.05573004723502571,0.03477379795530578,0.09910226415050682,0.09905710380561088,0.9901787412402082,0.31778086721897125
3,I.16.6,kan_bspline,"[2, 2, 1]",60,100,1000,0.0025250797625631094,0.009107124991714954,,0.0025682781549998613,0.050678182238512275,0.03086700549343368,0.0901187573318993,0.09007769072058029,0.9918786095769254,0.2993101254105568
3,I.16.6,kan_bspline,"[2, 2, 1]",60,200,100,0.7814851403236389,0.841655433177948,,0.2469156013194295,0.4969060286607816,0.4318162701324909,0.8836258886098785,0.8832232252577275,0.21920528897562808,0.9281802922487259
3,I.16.6,kan_bspline,"[2, 2, 1]",60,200,200,0.5151145458221436,0.5629299283027649,,0.16514617717452193,0.4063818120616644,0.3494020853759139,0.7226507007082766,0.7223213928446974,0.477775964763981,0.8205056190490723
3,I.16.6,kan_bspline,"[2, 2, 1]",60,200,300,0.2672707438468933,0.3026643991470337,,0.08879233946264499,0.2979804346977247,0.2390232534603565,0.5298853529866947,0.5296438872088811,0.7192215126891682,0.6708104908466339
3,I.16.6,kan_bspline,"[2, 2, 1]",60,200,400,0.1222231313586235,0.14757393300533295,,0.04329360890254085,0.2080711630729757,0.15947653634188463,0.3700036943805348,0.3698350857761378,0.8630972661442693,0.4985142648220062
3,I.16.6,kan_bspline,"[2, 2, 1]",60,200,500,0.05662097781896591,0.07233677804470062,,0.02122136523724653,0.1456755478357522,0.11140488282957813,0.25904834713319885,0.25893030025706,0.9328939538473192,0.40844372659921646
3,I.16.6,kan_bspline,"[2, 2, 1]",60,200,600,0.027430839836597443,0.036408327519893646,,0.010681073274484332,0.10334927805497401,0.07789235347934301,0.1837814242355628,0.1836976760732469,0.9662243881058281,0.37171315029263496
3,I.16.6,kan_bspline,"[2, 2, 1]",60,200,700,0.015477675944566727,0.021554673090577126,,0.006323472036645411,0.07952026179940186,0.0572732252474525,0.1414073445322488,0.14134290599994448,0.9800039629122669,0.3549788510426879
3,I.16.6,kan_bspline,"[2, 2, 1]",60,200,800,0.010301653295755386,0.015073074027895927,,0.004421972151729646,0.06649791088244536,0.04506141502974788,0.11825027712496111,0.11819639113814961,0.9860168719598202,0.3424891512840986
3,I.16.6,kan_bspline,"[2, 2, 1]",60,200,900,0.007686308119446039,0.011872389353811741,,0.0034829906434975548,0.05901686744903998,0.03801105703407666,0.10494707034079746,0.10489924655056386,0.9889861124268445,0.3371346741914749
3,I.16.6,kan_bspline,"[2, 2, 1]",60,200,1000,0.006198561284691095,0.009658662602305412,,0.002833551520825839,0.053231114217399574,0.03440512824425241,0.09465852271668361,0.09461538735978871,0.9910397640770633,0.32003696262836456
3,I.16.6,kan_bspline,"[2, 2, 1]",60,500,100,0.9582815170288086,1.010660171508789,,0.2998567003162067,0.5475917277645881,0.4763683073660941,0.9737580128489837,0.9733142767942891,0.05179533240902934,0.939518116414547
3,I.16.6,kan_bspline,"[2, 2, 1]",60,500,200,0.7289295196533203,0.7548178434371948,,0.22394985124115185,0.47323340038627015,0.4131075272244052,0.8415299066972174,0.8411464262474773,0.2918274161316562,0.8539943397045135
3,I.16.6,kan_bspline,"[2, 2, 1]",60,500,300,0.3090973198413849,0.29854515194892883,,0.08857653685343399,0.2976181057218025,0.25122917331109057,0.5292410394850426,0.5289998673172712,0.7199039221237962,0.7243846207857132
3,I.16.6,kan_bspline,"[2, 2, 1]",60,500,400,0.09367002546787262,0.08059299737215042,,0.023911450978462482,0.1546332790134856,0.11635973973473301,0.2749774820506915,0.27485217635728,0.924387384364793,0.5620536655187607
3,I.16.6,kan_bspline,"[2, 2, 1]",60,500,500,0.04004046693444252,0.03508351370692253,,0.0104090647831959,0.10202482434778264,0.07613461378676584,0.18142620711917204,0.18134353221606164,0.9670845313702343,0.39978598058223724
3,I.16.6,kan_bspline,"[2, 2, 1]",60,500,600,0.0193821769207716,0.017900412902235985,,0.005310943761961716,0.07287622219875092,0.05179876440105727,0.1295925444343168,0.12953348984002713,0.9832057724269799,0.3166739195585251
3,I.16.6,kan_bspline,"[2, 2, 1]",60,500,700,0.010695110075175762,0.010467611253261566,,0.0031056765295461135,0.05572859705345285,0.03780935047188541,0.09909968535711924,0.09905452618736496,0.990179252362085,0.27816246449947357
3,I.16.6,kan_bspline,"[2, 2, 1]",60,500,800,0.007050590589642525,0.007389264181256294,,0.0021923494146568103,0.0468225310577804,0.03236085457162699,0.08326242433484135,0.08322448211594188,0.9930673686938601,0.2545384466648102
3,I.16.6,kan_bspline,"[2, 2, 1]",60,500,900,0.005397206638008356,0.005915066692978144,,0.001754964017752692,0.0418922906720639,0.029416352383384945,0.0744951971518058,0.07446125010906864,0.9944504656012939,0.23506896197795868
3,I.16.6,kan_bspline,"[2, 2, 1]",60,500,1000,0.004417135380208492,0.0049581630155444145,,0.0014710566550525165,0.0383543564025329,0.02721948174998397,0.06820384600603048,0.06817276589665797,0.9953482353899692,0.21962620317935944
3,I.16.6,kan_bspline,"[2, 2, 1]",60,1000,100,0.6177414059638977,0.6223111152648926,,0.1947906035060486,0.44135088479128326,0.38543429340509466,0.7848346473346656,0.7844770025960339,0.3840345763408822,0.8379652798175812
3,I.16.6,kan_bspline,"[2, 2, 1]",60,1000,200,0.2970432639122009,0.29722851514816284,,0.09303598525395301,0.30501800808141316,0.25387173564353727,0.5423999567067959,0.5421527880943893,0.7058022869634206,0.6520391702651978
3,I.16.6,kan_bspline,"[2, 2, 1]",60,1000,300,0.1329398900270462,0.1337561309337616,,0.04186722460624911,0.20461482010413887,0.16533362783672056,0.36385743341563936,0.363691625627827,0.8676077681477131,0.4776719771325588
3,I.16.6,kan_bspline,"[2, 2, 1]",60,1000,400,0.06448639184236526,0.06540412455797195,,0.02047225252299338,0.14308127942883855,0.11490378209535265,0.25443507501708107,0.25431913038312254,0.9352627926008223,0.3878459930419922
3,I.16.6,kan_bspline,"[2, 2, 1]",60,1000,500,0.03183792904019356,0.0323965959250927,,0.010140512563527727,0.10070011203334248,0.07439705904998119,0.1790705301330135,0.17898892869866861,0.9679337452377675,0.3335690498352051
3,I.16.6,kan_bspline,"[2, 2, 1]",60,1000,600,0.01779833249747753,0.018286915495991707,,0.005724017424867713,0.07565723643424807,0.05190875304542715,0.1345378983510338,0.13447659018675331,0.9818995539072226,0.28085148334503174
3,I.16.6,kan_bspline,"[2, 2, 1]",60,1000,700,0.011299357749521732,0.01183278951793909,,0.0037038007684080023,0.06085885940771485,0.04187170629907632,0.10822260270993168,0.10817328627800342,0.9882878682626467,0.24505194276571274
3,I.16.6,kan_bspline,"[2, 2, 1]",60,1000,800,0.007827622815966606,0.008377498015761375,,0.0026222540933264703,0.051207949513005016,0.03643068269320065,0.09106081891231864,0.09101932300883109,0.9917079272589885,0.2394978255033493
3,I.16.6,kan_bspline,"[2, 2, 1]",60,1000,900,0.005756812170147896,0.0062484340742230415,,0.0019558323398123356,0.04422479327043073,0.03187770626932616,0.0786429827738107,0.07860714560847291,0.9938152812604162,0.23013896495103836
3,I.16.6,kan_bspline,"[2, 2, 1]",60,1000,1000,0.004423285368829966,0.004877699539065361,,0.0015267767024440037,0.039073990101396144,0.02791535408940399,0.0694835386037344,0.06945187534563597,0.9951720378630862,0.22086240351200104
4,I.16.6,kan_bspline,"[2, 2, 1]",60,10,100,0.8392783999443054,2.64788818359375,,0.42549510950209607,0.6522998616450076,0.5340919648259879,1.161185614377457,1.1611375601859295,-0.34835203104194856,1.30751571059227
4,I.16.6,kan_bspline,"[2, 2, 1]",60,10,200,0.6204472780227661,2.2739741802215576,,0.3654099982674912,0.6044915204264583,0.4882636718004942,1.076080034360578,1.076035502155365,-0.15794824035358168,1.232913851737976
4,I.16.6,kan_bspline,"[2, 2, 1]",60,10,300,0.35401779413223267,1.746286392211914,,0.28061465248716644,0.5297307358339389,0.4174297717958689,0.9429953095386534,0.9429562848757117,0.11075984618493595,1.1163799911737442
4,I.16.6,kan_bspline,"[2, 2, 1]",60,10,400,0.18133512139320374,1.2935552597045898,,0.20786430602962236,0.4559213814130923,0.35156560863554476,0.8116042644082206,0.8115706771967673,0.34129851799204813,1.0079714059829712
4,I.16.6,kan_bspline,"[2, 2, 1]",60,10,500,0.09116242825984955,0.9764836430549622,,0.1569133457532504,0.3961228922357939,0.2981981107718311,0.7051545325025993,0.7051253505780717,0.5027570852892719,0.9455429315567017
4,I.16.6,kan_bspline,"[2, 2, 1]",60,10,600,0.042427755892276764,0.7562873363494873,,0.12152949873545525,0.34861081270588157,0.25494638086436316,0.6205763400127832,0.6205506582493071,0.6148850062149686,0.9059170782566071
4,I.16.6,kan_bspline,"[2, 2, 1]",60,10,700,0.01793600246310234,0.551652729511261,,0.08864631541985804,0.29773531100603107,0.21671512328227982,0.530010782403862,0.5299888485809366,0.7190885705346468,0.790570855140686
4,I.16.6,kan_bspline,"[2, 2, 1]",60,10,800,0.00614364817738533,0.42585909366607666,,0.06843225252390175,0.2615955896491792,0.19066651773219928,0.4656769889835223,0.4656577175329105,0.7831449419304691,0.7056841850280762
4,I.16.6,kan_bspline,"[2, 2, 1]",60,10,900,0.0021622306667268276,0.36588770151138306,,0.05879530805730884,0.24247743824386805,0.17542826608614995,0.43164398715311725,0.43162612411505213,0.8136834683538968,0.6663129329681396
4,I.16.6,kan_bspline,"[2, 2, 1]",60,10,1000,0.0010849300306290388,0.34254711866378784,,0.055044666858435704,0.23461599872650565,0.16751303588645533,0.4176495177187092,0.4176322338239835,0.8255688803487091,0.6535734534263611
4,I.16.6,kan_bspline,"[2, 2, 1]",60,20,100,0.8363139033317566,1.6222329139709473,,0.35469317801471645,0.5955612294422098,0.49833211268484595,1.0601828587932507,1.0601389844724531,-0.12398769408302779,1.1968430578708649
4,I.16.6,kan_bspline,"[2, 2, 1]",60,20,200,0.5004311203956604,1.1142643690109253,,0.24362840549512468,0.49358728255003154,0.40396333774924276,0.8786548727626032,0.8786185107469018,0.2279656145677873,1.029662013053894
4,I.16.6,kan_bspline,"[2, 2, 1]",60,20,300,0.16744168102741241,0.5134451985359192,,0.11226224842014727,0.3350555900446182,0.2562164400913753,0.5964461347506697,0.5964214515850843,0.6442520083397205,0.7852864265441895
4,I.16.6,kan_bspline,"[2, 2, 1]",60,20,400,0.03961797431111336,0.2046426385641098,,0.04474409552300989,0.21152800174683703,0.155106502589304,0.3765496317092721,0.37653404868111734,0.8582103748591072,0.6706805229187012
4,I.16.6,kan_bspline,"[2, 2, 1]",60,20,500,0.009431865066289902,0.09395628422498703,,0.020543074670324037,0.14332855497186886,0.102678933899384,0.2551450122082307,0.2551344533560265,0.9349010227450303,0.5356494784355164
4,I.16.6,kan_bspline,"[2, 2, 1]",60,20,600,0.004267203155905008,0.062166161835193634,,0.01359232312650538,0.1165861189271921,0.08204668813897296,0.20753971002377714,0.20753112125652795,0.9569272687630933,0.4952564984560013
4,I.16.6,kan_bspline,"[2, 2, 1]",60,20,700,0.003253430128097534,0.051853056997060776,,0.011337413568356693,0.10647729132710267,0.07409851114405319,0.18954457331189206,0.18953672925051535,0.964072854727885,0.48008501529693604
4,I.16.6,kan_bspline,"[2, 2, 1]",60,20,800,0.0027849432080984116,0.04668036103248596,,0.010206430909786688,0.10102688211454755,0.06963832659972832,0.17984207735531055,0.17983463481940337,0.9676568272124114,0.4688909351825714
4,I.16.6,kan_bspline,"[2, 2, 1]",60,20,900,0.002450187923386693,0.04301246628165245,,0.00940446332539838,0.09697661225985563,0.06632260711444542,0.1726320266314696,0.17262488247435223,0.9701981833810056,0.45859195291996
4,I.16.6,kan_bspline,"[2, 2, 1]",60,20,1000,0.0021808170713484287,0.03999662026762962,,0.00874506320842345,0.09351504268524637,0.06352948687179014,0.16646994531036324,0.16646305616315332,0.9722877573082661,0.44882772862911224
4,I.16.6,kan_bspline,"[2, 2, 1]",60,30,100,0.9113001227378845,1.3654236793518066,,0.3405068794905328,0.5835296731876904,0.49486911012232304,1.0387649943066808,1.0387220063369969,-0.07903271340079687,1.148334726691246
4,I.16.6,kan_bspline,"[2, 2, 1]",60,30,200,0.6223387122154236,1.0066463947296143,,0.2510356807753898,0.5010346103567994,0.42363330549001693,0.8919121650345404,0.8918752543826397,0.20449268986056912,0.9941964000463486
4,I.16.6,kan_bspline,"[2, 2, 1]",60,30,300,0.23717409372329712,0.49249643087387085,,0.12281787670849846,0.3504538153715814,0.2873500038427301,0.6238571443000522,0.6238313267646585,0.6108022635043994,0.8248676657676697
4,I.16.6,kan_bspline,"[2, 2, 1]",60,30,400,0.06653914600610733,0.21223466098308563,,0.05292670221460218,0.23005804096923493,0.17713620740687475,0.40953571103272335,0.40951876291758,0.8322805013883251,0.7924030423164368
4,I.16.6,kan_bspline,"[2, 2, 1]",60,30,500,0.02690991945564747,0.12600432336330414,,0.03142273558076963,0.1772645920108402,0.13136525919614359,0.31555593720713787,0.31554287832554617,0.9004244504929707,0.7132959067821503
4,I.16.6,kan_bspline,"[2, 2, 1]",60,30,600,0.012764658778905869,0.08209610730409622,,0.02047298042456103,0.14308382307081757,0.10127318005589768,0.25470935495979385,0.2546988141367114,0.935123144495735,0.6446340680122375
4,I.16.6,kan_bspline,"[2, 2, 1]",60,30,700,0.006994036957621574,0.059156905859708786,,0.014752444507128743,0.12145964147456036,0.0824559914576821,0.21621526647580036,0.21620631868166848,0.9532509585426323,0.5883676260709763
4,I.16.6,kan_bspline,"[2, 2, 1]",60,30,800,0.00460174260661006,0.047518450766801834,,0.01185006740348383,0.10885801487940072,0.07297706036595628,0.19378259650227955,0.19377457705569695,0.9624483052927011,0.5613864660263062
4,I.16.6,kan_bspline,"[2, 2, 1]",60,30,900,0.003426052862778306,0.041378866881132126,,0.010318988709877736,0.10158242323294782,0.06759698776621371,0.18083101878058502,0.18082353531859327,0.9673001426466594,0.5474112331867218
4,I.16.6,kan_bspline,"[2, 2, 1]",60,30,1000,0.0026950722094625235,0.03779930993914604,,0.009426324738742222,0.09708926170664922,0.06396158027928323,0.17283255851071058,0.17282540605483615,0.9701289067185356,0.5377178490161896
4,I.16.6,kan_bspline,"[2, 2, 1]",60,40,100,1.0609369277954102,1.3072627782821655,,0.37085903621466015,0.6089819670685332,0.5205304724127054,1.0840736617542086,1.0840287987428807,-0.17521570411335885,1.165705993771553
4,I.16.6,kan_bspline,"[2, 2, 1]",60,40,200,0.8157157897949219,1.075867772102356,,0.30521427957395253,0.5524620164083252,0.46933981963992116,0.983460190111815,0.9834194908611957,0.03280605446179241,1.0821198746562004
4,I.16.6,kan_bspline,"[2, 2, 1]",60,40,300,0.49442774057388306,0.709559440612793,,0.20129579948250503,0.44866000432677866,0.3652995707988739,0.7986779906053508,0.7986449383313181,0.36211346732033023,0.9395403861999512
4,I.16.6,kan_bspline,"[2, 2, 1]",60,40,400,0.22355230152606964,0.3688523471355438,,0.10464019591350845,0.3234813687270234,0.23687454818189144,0.5758423908563836,0.575818560350565,0.6684055408916245,0.7710691392421722
4,I.16.6,kan_bspline,"[2, 2, 1]",60,40,500,0.09139604866504669,0.17634300887584686,,0.05002696984732656,0.22366709603186286,0.1566290430915542,0.39815892903427247,0.3981424517327996,0.8414694672297173,0.5971261560916901
4,I.16.6,kan_bspline,"[2, 2, 1]",60,40,600,0.03752589970827103,0.08503907173871994,,0.02412484120642421,0.15532173449464248,0.10674643277516589,0.27649456070785916,0.27648311833171185,0.9235507578986961,0.45008307695388794
4,I.16.6,kan_bspline,"[2, 2, 1]",60,40,700,0.016874423250555992,0.04477851092815399,,0.01270327113196839,0.1127087890626476,0.07614874193584546,0.20063751683681094,0.2006292137080585,0.9597445868374153,0.3409819006919861
4,I.16.6,kan_bspline,"[2, 2, 1]",60,40,800,0.009383125230669975,0.02758474089205265,,0.007825550465838106,0.08846214142692967,0.061171600309666244,0.15747506949170145,0.15746855258600057,0.9752016024884956,0.2640607953071594
4,I.16.6,kan_bspline,"[2, 2, 1]",60,40,900,0.006700704339891672,0.019753532484173775,,0.005603903843047552,0.07485922683976606,0.0538678348264657,0.13325996588523187,0.13325445109083184,0.9822417814922036,0.21743425726890564
4,I.16.6,kan_bspline,"[2, 2, 1]",60,40,1000,0.005367285571992397,0.015268388204276562,,0.004331508092981498,0.06581419370456117,0.04833546203281731,0.11715853313054696,0.11715368467348684,0.9862738781146497,0.20405489206314087
4,I.16.6,kan_bspline,"[2, 2, 1]",60,50,100,1.0006945133209229,1.0975019931793213,,0.3262457470004465,0.571179259952991,0.49077833465486764,1.0167795194921014,1.0167374413633634,-0.03384059126226635,1.0790982842445374
4,I.16.6,kan_bspline,"[2, 2, 1]",60,50,200,0.8616396188735962,0.940007209777832,,0.2794285415820668,0.5286100089688681,0.451132070351392,0.9410002578915709,0.9409613157913074,0.1145185146448473,1.0206729024648666
4,I.16.6,kan_bspline,"[2, 2, 1]",60,50,300,0.4087297022342682,0.4677487015724182,,0.13904397383423106,0.37288600648754716,0.2843908321298659,0.6637896035177133,0.6637621334282234,0.5593833622602296,0.8231547772884369
4,I.16.6,kan_bspline,"[2, 2, 1]",60,50,400,0.1459372490644455,0.19166146218776703,,0.05697369575200768,0.2386916331839214,0.18313679329771548,0.42490472100738896,0.42488713686529206,0.8194559780649907,0.5899488925933838
4,I.16.6,kan_bspline,"[2, 2, 1]",60,50,500,0.06607719510793686,0.08580965548753738,,0.02550795923851069,0.15971211362483026,0.1219783892929554,0.28431005383824326,0.2842982880278413,0.9191677932862077,0.41467130184173584
4,I.16.6,kan_bspline,"[2, 2, 1]",60,50,600,0.035653483122587204,0.04485422372817993,,0.01333346271318307,0.11547061406774917,0.08915185771137477,0.20555395428210535,0.20554544769283492,0.9577475718788399,0.37849903106689453
4,I.16.6,kan_bspline,"[2, 2, 1]",60,50,700,0.021632423624396324,0.02693845145404339,,0.008007781728695387,0.08948620971242098,0.06889507975429296,0.15929805525511076,0.1592914629074599,0.9746241295918494,0.30776381492614746
4,I.16.6,kan_bspline,"[2, 2, 1]",60,50,800,0.011555642820894718,0.01623980887234211,,0.0048274801496617295,0.06948007016160626,0.05167414919612929,0.12368430947406911,0.12367919095604514,0.9847021915898683,0.21576356887817383
4,I.16.6,kan_bspline,"[2, 2, 1]",60,50,900,0.004841928370296955,0.010048088617622852,,0.0029869168200218404,0.05465269270604917,0.040634847500827166,0.09728948952589707,0.09728546332396572,0.9905347552277567,0.1912093162536621
4,I.16.6,kan_bspline,"[2, 2, 1]",60,50,1000,0.002735824091359973,0.007578517775982618,,0.0022528063425358157,0.04746373713200232,0.03535505389748141,0.08449213621367943,0.08448863961395767,0.9928610789180237,0.2003614902496338
4,I.16.6,kan_bspline,"[2, 2, 1]",60,100,100,0.7806435227394104,0.9314916133880615,,0.2705354468194719,0.5201302210211131,0.4493802675902843,0.925905041171652,0.9258667237677557,0.142699854729872,0.9979407265782356
4,I.16.6,kan_bspline,"[2, 2, 1]",60,100,200,0.4558783769607544,0.551572322845459,,0.16019453892547933,0.40024309978496736,0.3451038738386705,0.7124890821716491,0.7124595967161008,0.4923593077843954,0.8369968831539154
4,I.16.6,kan_bspline,"[2, 2, 1]",60,100,300,0.16602808237075806,0.18822917342185974,,0.05466786890686436,0.23381160986329222,0.19130371821392328,0.4162175922634847,0.41620036762717505,0.8267629158897714,0.7505018711090088
4,I.16.6,kan_bspline,"[2, 2, 1]",60,100,400,0.06505563855171204,0.06604829430580139,,0.019182573033958747,0.13850116618266703,0.09674122683843597,0.24655158034256708,0.24654137711862384,0.9392123182303664,0.5581862777471542
4,I.16.6,kan_bspline,"[2, 2, 1]",60,100,500,0.03338820859789848,0.03555518761277199,,0.010326382817659442,0.10161881133756408,0.06921876036701724,0.18089579473118586,0.1808883085885237,0.9672767114484563,0.4630901366472244
4,I.16.6,kan_bspline,"[2, 2, 1]",60,100,600,0.0187387615442276,0.022793499752879143,,0.00661997375281011,0.08136322113098836,0.053015187033917756,0.14483799165380168,0.14483199771751348,0.9790219561736186,0.39168497920036316
4,I.16.6,kan_bspline,"[2, 2, 1]",60,100,700,0.011780712753534317,0.016290931031107903,,0.004731416942697413,0.06878529597739194,0.046364718100521715,0.12244751358403785,0.12244244624924061,0.9850066064170335,0.33179274946451187
4,I.16.6,kan_bspline,"[2, 2, 1]",60,100,800,0.008291692472994328,0.012350089848041534,,0.0035868681195126905,0.05989046768487195,0.04149664349621162,0.1066134666020491,0.10660905453917124,0.9886335687390533,0.2865063026547432
4,I.16.6,kan_bspline,"[2, 2, 1]",60,100,900,0.0061447517946362495,0.00940588116645813,,0.0027317735778197394,0.05226637138562174,0.03741534393047914,0.09304150151992911,0.0930376511155849,0.9913432789948863,0.250212699174881
4,I.16.6,kan_bspline,"[2, 2, 1]",60,100,1000,0.004628446884453297,0.007049530278891325,,0.0020474130216735003,0.04524834827563875,0.033077400490175934,0.08054843206544601,0.08054509867091049,0.9935119500917752,0.222699835896492
4,I.16.6,kan_bspline,"[2, 2, 1]",60,200,100,0.8390563726425171,0.9385837316513062,,0.28456915149382894,0.5334502333806116,0.46048165100067856,0.9496165389729455,0.9495772402988348,0.09822842890583672,1.0118501409888268
4,I.16.6,kan_bspline,"[2, 2, 1]",60,200,200,0.5568926334381104,0.6352870464324951,,0.19261264584168633,0.43887657244570066,0.37820005463436246,0.7812621040974183,0.7812297725577243,0.3896295246991036,0.8445258438587189
4,I.16.6,kan_bspline,"[2, 2, 1]",60,200,300,0.22444972395896912,0.26207417249679565,,0.07945824968539202,0.2818833973212896,0.22971105263289066,0.5017921436866084,0.5017713776561986,0.7482046445335024,0.7036677375435829
4,I.16.6,kan_bspline,"[2, 2, 1]",60,200,400,0.07993844896554947,0.08659175783395767,,0.026253753707666767,0.16203010123945108,0.12515383882587774,0.2884363982247267,0.2884244616508042,0.9168044441788509,0.5297350585460663
4,I.16.6,kan_bspline,"[2, 2, 1]",60,200,500,0.04039466008543968,0.039834022521972656,,0.012077275864505332,0.10989665993334526,0.08275599380815402,0.19563153096632063,0.19562343500393406,0.9617283040916373,0.4164252430200577
4,I.16.6,kan_bspline,"[2, 2, 1]",60,200,600,0.02404911443591118,0.02370724268257618,,0.007187797740988692,0.08478088075143295,0.05930829279636964,0.15092190707284056,0.15091566136144147,0.9772225779654159,0.34225136041641235
4,I.16.6,kan_bspline,"[2, 2, 1]",60,200,700,0.015776047483086586,0.01611521653831005,,0.004885972510872088,0.06989973183691113,0.04793200004240498,0.12443136635530261,0.12442621692127864,0.9845168350668974,0.27394920587539673
4,I.16.6,kan_bspline,"[2, 2, 1]",60,200,800,0.011568202637135983,0.012190951965749264,,0.003696174267914178,0.06079616984575737,0.041875165441073475,0.10822574399465582,0.10822126520972625,0.9882871883367615,0.237263023853302
4,I.16.6,kan_bspline,"[2, 2, 1]",60,200,900,0.009089045226573944,0.009615711867809296,,0.002915387531419923,0.053994328696817064,0.038532624364830556,0.09611750887482613,0.09611353117382518,0.9907614244876648,0.2122582197189331
4,I.16.6,kan_bspline,"[2, 2, 1]",60,200,1000,0.007339466828852892,0.007664579898118973,,0.0023238236741824504,0.04820605433119838,0.03505277500767261,0.08581356536566127,0.08581001408027274,0.9926360319992071,0.1960136443376541
4,I.16.6,kan_bspline,"[2, 2, 1]",60,500,100,0.6742650866508484,0.72456294298172,,0.22012544432050232,0.46917528102032646,0.40696873610466716,0.8351980722001023,0.8351635085888864,0.30244418019075137,0.9183232560753822
4,I.16.6,kan_bspline,"[2, 2, 1]",60,500,200,0.3659323453903198,0.39848393201828003,,0.12106119761555398,0.34793849688638073,0.2937757833274081,0.6193795231746592,0.6193538909399275,0.6163690062705673,0.7429071664810181
4,I.16.6,kan_bspline,"[2, 2, 1]",60,500,300,0.139175146818161,0.14569039642810822,,0.04426139005620722,0.21038391111538737,0.1666370695005171,0.3745129892678142,0.3744974905235196,0.8597400208691872,0.532023973762989
4,I.16.6,kan_bspline,"[2, 2, 1]",60,500,400,0.04789060354232788,0.0458410270512104,,0.013926707177772425,0.11801147053474262,0.09159239860670641,0.21007703661149635,0.21006834284020964,0.955867638688375,0.4059028625488281
4,I.16.6,kan_bspline,"[2, 2, 1]",60,500,500,0.018413767218589783,0.016206657513976097,,0.004923655079775019,0.07016876142397711,0.048102614581119266,0.12491027690658667,0.12490510765345791,0.9843974227230643,0.2935551702976227
4,I.16.6,kan_bspline,"[2, 2, 1]",60,500,600,0.010695901699364185,0.009183762595057487,,0.0027900678731130214,0.05282109307003237,0.03629101131623611,0.09402898423730457,0.09402509296724257,0.9911585501232693,0.23411501199007034
4,I.16.6,kan_bspline,"[2, 2, 1]",60,500,700,0.007829790934920311,0.006653460208326578,,0.002021350926610532,0.04495943645788426,0.03281104136398062,0.08003412834360538,0.08003081623287604,0.9935945383002566,0.2053278386592865
4,I.16.6,kan_bspline,"[2, 2, 1]",60,500,800,0.006188024301081896,0.005200383253395557,,0.001579899752284479,0.03974795280620725,0.029615910957101733,0.07075695353226996,0.07075402534563484,0.9949934535268143,0.18697912245988846
4,I.16.6,kan_bspline,"[2, 2, 1]",60,500,900,0.004942287690937519,0.004101573023945093,,0.001246076202640692,0.03529980456944049,0.02654186602542177,0.06283862325679468,0.06283602276019887,0.9960513074271766,0.16976065188646317
4,I.16.6,kan_bspline,"[2, 2, 1]",60,500,1000,0.003906714729964733,0.003208510112017393,,0.000974759703377322,0.031221141929425357,0.023543839844409376,0.055578029376641726,0.055575729350500085,0.9969110826505981,0.15339859575033188
4,I.16.6,kan_bspline,"[2, 2, 1]",60,1000,100,1.175552487373352,1.1873434782028198,,0.3697091300602542,0.6080371124037202,0.5261127086649648,1.082391687390928,1.0823468939859726,-0.17157176493714776,1.251150220632553
4,I.16.6,kan_bspline,"[2, 2, 1]",60,1000,200,0.9966311454772949,1.0111055374145508,,0.31483299977442825,0.5610998126665417,0.4879741829428822,0.998836683876002,0.9987953482887221,0.002325278940042752,1.0507699847221375
4,I.16.6,kan_bspline,"[2, 2, 1]",60,1000,300,0.8024155497550964,0.8127657175064087,,0.25307492279315863,0.5030655253475025,0.43933073930907995,0.8955274797232186,0.8954904194561125,0.19803053305772766,0.9312175586819649
4,I.16.6,kan_bspline,"[2, 2, 1]",60,1000,400,0.4616314470767975,0.46063461899757385,,0.14343010045791538,0.3787216662113687,0.3296630803337321,0.6741778996375603,0.6741499996416324,0.5454841596386709,0.7916628420352936
4,I.16.6,kan_bspline,"[2, 2, 1]",60,1000,500,0.18989381194114685,0.183270663022995,,0.05706590570016534,0.2388847121524635,0.19104508684063332,0.425248428761894,0.4252308303958882,0.8191637738348971,0.6295059621334076
4,I.16.6,kan_bspline,"[2, 2, 1]",60,1000,600,0.0764131247997284,0.07224886864423752,,0.0224964929133598,0.14998830925562098,0.11231455996865407,0.2670003126985291,0.26698926322977456,0.9287108330186341,0.4456247091293335
4,I.16.6,kan_bspline,"[2, 2, 1]",60,1000,700,0.030599573627114296,0.02873033471405506,,0.008945909168561965,0.09458281645500922,0.07058359485585243,0.16837073299063562,0.16836376518174226,0.9716512962720952,0.28707683086395264
4,I.16.6,kan_bspline,"[2, 2, 1]",60,1000,800,0.012539339251816273,0.011664829216897488,,0.003632136382562053,0.06026720818622722,0.04285546046495438,0.10728411774924368,0.10727967793232009,0.9884901180787254,0.22235986590385437
4,I.16.6,kan_bspline,"[2, 2, 1]",60,1000,900,0.007269968278706074,0.006822376977652311,,0.002124317701449082,0.04609032112547148,0.03376256079832092,0.08204726230964776,0.08204386688792663,0.9932682467474679,0.1824626922607422
4,I.16.6,kan_bspline,"[2, 2, 1]",60,1000,1000,0.005406294949352741,0.005142882000654936,,0.0016013648287107464,0.04001705672223716,0.03036991397012025,0.07123599639957726,0.07123304838836163,0.9949254328169413,0.15579944849014282
5,I.16.6,kan_bspline,"[2, 2, 1]",60,10,100,1.0800869464874268,0.9509817361831665,,0.3458088578631141,0.5880551486579418,0.5103489701573272,1.0383043324750012,1.0377394880647295,-0.07807588684016165,1.2184365391731262
5,I.16.6,kan_bspline,"[2, 2, 1]",60,10,200,0.6156772375106812,0.5590025186538696,,0.2032720668044214,0.4508570358821313,0.3943911060609389,0.796059374280817,0.7956263127267587,0.3662894726173983,0.9062546826899052
5,I.16.6,kan_bspline,"[2, 2, 1]",60,10,300,0.2597059905529022,0.2544292211532593,,0.09251901194473768,0.30416938035367347,0.2683646225158591,0.5370591281246669,0.5367669644140681,0.7115674928969549,0.6332179307937622
5,I.16.6,kan_bspline,"[2, 2, 1]",60,10,400,0.09977559745311737,0.10583323240280151,,0.0384845174531477,0.19617471155362431,0.163846206713235,0.3463774671355578,0.34618903550714564,0.8800226502603323,0.6027422361075878
5,I.16.6,kan_bspline,"[2, 2, 1]",60,10,500,0.035702433437108994,0.05525772273540497,,0.020093561563619047,0.1417517603545686,0.10611338447942399,0.2502851428951926,0.25014898612543174,0.937357347245712,0.5505193024873734
5,I.16.6,kan_bspline,"[2, 2, 1]",60,10,600,0.01760074682533741,0.047236062586307526,,0.01717661853452153,0.13105959916969656,0.1000952318960335,0.23140644196533933,0.23128055533349468,0.946451058616753,0.4918374754488468
5,I.16.6,kan_bspline,"[2, 2, 1]",60,10,700,0.011192426085472107,0.040660083293914795,,0.014785371094931221,0.121595111311809,0.0921700660593342,0.21469539238108026,0.21457859667051196,0.9539058884901713,0.4533868161961436
5,I.16.6,kan_bspline,"[2, 2, 1]",60,10,800,0.007425783667713404,0.032974082976579666,,0.01199048371551339,0.10950106718892465,0.08116286725807004,0.19334144549600854,0.19323626647349404,0.962619085453382,0.41959962993860245
5,I.16.6,kan_bspline,"[2, 2, 1]",60,10,900,0.004928720183670521,0.026462098583579063,,0.00962250678711849,0.09809437693934596,0.07018786982330494,0.17320113054023037,0.17310690798198944,0.9700013683794803,0.3881371319293976
5,I.16.6,kan_bspline,"[2, 2, 1]",60,10,1000,0.0032604984007775784,0.02157868817448616,,0.007846734531213002,0.08858179571002725,0.06071166644548066,0.1564051645054747,0.15632007906361972,0.9755374245159291,0.35956478118896484
5,I.16.6,kan_bspline,"[2, 2, 1]",60,20,100,0.6880737543106079,0.8002656102180481,,0.2153003004738736,0.4640046341081882,0.410620943546528,0.8192735374947779,0.8188278472827044,0.3287908707584245,0.7878372669219971
5,I.16.6,kan_bspline,"[2, 2, 1]",60,20,200,0.35016384720802307,0.38939204812049866,,0.10476049063613573,0.323667252956081,0.29060111578390935,0.5714857046852632,0.5711748126897801,0.6734040893392359,0.5983015894889832
5,I.16.6,kan_bspline,"[2, 2, 1]",60,20,300,0.10520273447036743,0.1158280298113823,,0.0311619146007481,0.17652737634924534,0.14989905152306893,0.3116869907221603,0.31151743094189405,0.9028512198142212,0.40949709713459015
5,I.16.6,kan_bspline,"[2, 2, 1]",60,20,400,0.043031468987464905,0.04985989257693291,,0.013414107908099495,0.11581928987910216,0.08779293350991793,0.2044972665235515,0.2043860186607632,0.958180867984248,0.4008062332868576
5,I.16.6,kan_bspline,"[2, 2, 1]",60,20,500,0.020782100036740303,0.02920452132821083,,0.007857068742201071,0.08864010797715147,0.06533954878267832,0.15650812403185532,0.15642298257933843,0.975505207111943,0.3524125814437866
5,I.16.6,kan_bspline,"[2, 2, 1]",60,20,600,0.010048368945717812,0.019332243129611015,,0.005201069720118144,0.07211844230235526,0.05412984230485745,0.12733651132002988,0.12726723941737764,0.9837854128847867,0.3079630434513092
5,I.16.6,kan_bspline,"[2, 2, 1]",60,20,700,0.005249332170933485,0.014369377866387367,,0.0038658807045868137,0.06217620690092645,0.04613193622534163,0.10978192291901147,0.10972220082831972,0.9879479294001617,0.27910856902599335
5,I.16.6,kan_bspline,"[2, 2, 1]",60,20,800,0.003263200866058469,0.01234144251793623,,0.0033202930101426894,0.0576219837400856,0.04278367015183903,0.1017407219368403,0.10168537431255943,0.989648825499734,0.25532884895801544
5,I.16.6,kan_bspline,"[2, 2, 1]",60,20,900,0.002469340804964304,0.011686805635690689,,0.00314417243271612,0.05607292067224714,0.042020165669033306,0.09900560619423628,0.09895174649097269,0.9901978899420772,0.23849986493587494
5,I.16.6,kan_bspline,"[2, 2, 1]",60,20,1000,0.00211002747528255,0.011361558921635151,,0.0030566693721362117,0.05528715377134377,0.041612213911721485,0.09761821050628866,0.09756510555543695,0.9904706849775163,0.22721920907497406
5,I.16.6,kan_bspline,"[2, 2, 1]",60,30,100,0.8960128426551819,0.9637752771377563,,0.2482847253803571,0.49828177307659677,0.43897834680671804,0.8797952453260416,0.8793166309054299,0.22596032629895912,0.8758993521332741
5,I.16.6,kan_bspline,"[2, 2, 1]",60,30,200,0.5476318597793579,0.5457804203033447,,0.14060221158794423,0.37496961421953146,0.3270823012741748,0.6620681340502728,0.6617079646153191,0.5616657858736436,0.699351578950882
5,I.16.6,kan_bspline,"[2, 2, 1]",60,30,300,0.14236178994178772,0.17259612679481506,,0.04446366239908635,0.2108640851332591,0.17978701709141023,0.37231387848045766,0.37211133727307866,0.8613823758903499,0.466963529586792
5,I.16.6,kan_bspline,"[2, 2, 1]",60,30,400,0.06144655868411064,0.09485708922147751,,0.02443678055253788,0.1563226808640956,0.126179369301768,0.2760124066181924,0.2758622540471516,0.9238171513925648,0.5466352328658104
5,I.16.6,kan_bspline,"[2, 2, 1]",60,30,500,0.03915505111217499,0.06728970259428024,,0.017334958311920844,0.13166228887544393,0.1014766799325589,0.23247058592197964,0.23234412038879856,0.9459574266809008,0.566981814801693
5,I.16.6,kan_bspline,"[2, 2, 1]",60,30,600,0.024628277868032455,0.047723252326250076,,0.012294310085973283,0.11087970998326648,0.08110918535687961,0.19577565730346813,0.19566915405366314,0.9616718920072598,0.5468630716204643
5,I.16.6,kan_bspline,"[2, 2, 1]",60,30,700,0.015342101454734802,0.0347905308008194,,0.00896262481615138,0.09467114035518628,0.0649208078023512,0.1671568651604753,0.1670659307224966,0.9720585824296241,0.5314134582877159
5,I.16.6,kan_bspline,"[2, 2, 1]",60,30,800,0.00971473939716816,0.02693561278283596,,0.006939066305241543,0.08330105824802914,0.053701545621501284,0.1470811876676407,0.1470011745307291,0.9783671242341999,0.5112494304776192
5,I.16.6,kan_bspline,"[2, 2, 1]",60,30,900,0.006445278413593769,0.02246079593896866,,0.00578627822209328,0.07606758982703002,0.04797407569107599,0.1343093556082071,0.13423629043223725,0.9819609969960446,0.4862613081932068
5,I.16.6,kan_bspline,"[2, 2, 1]",60,30,1000,0.0045890239998698235,0.019854094833135605,,0.00511474903427015,0.07151747362896811,0.04493317828536965,0.12627540611810503,0.12620671146368653,0.9840545218096514,0.46081186458468437
5,I.16.6,kan_bspline,"[2, 2, 1]",60,40,100,1.004988193511963,1.3643180131912231,,0.3251775911162454,0.5702434489902057,0.4990929515052121,1.0068549608030402,1.0063072250585416,-0.013756912097268259,1.0001640375703573
5,I.16.6,kan_bspline,"[2, 2, 1]",60,40,200,0.9068299531936646,1.2252262830734253,,0.2920258890925032,0.5403941978708721,0.4735957639494445,0.9541513889882712,0.953632324334714,0.08959512688854054,0.966978844255209
5,I.16.6,kan_bspline,"[2, 2, 1]",60,40,300,0.566523551940918,0.7416949272155762,,0.17677885204870458,0.4204507724439385,0.36959714227518997,0.7423723091572432,0.7419684537209775,0.44888335459459805,0.7697701156139374
5,I.16.6,kan_bspline,"[2, 2, 1]",60,40,400,0.1899690330028534,0.21943135559558868,,0.05230024410114983,0.22869246620986408,0.19789629900199363,0.403792703816994,0.4035730379208536,0.836951452343586,0.4880369957536459
5,I.16.6,kan_bspline,"[2, 2, 1]",60,40,500,0.0420965738594532,0.04463718459010124,,0.010639024435262663,0.10314564671018678,0.0834890680287499,0.1821199458920449,0.18202087143938328,0.9668323253081617,0.3002309799194336
5,I.16.6,kan_bspline,"[2, 2, 1]",60,40,600,0.019633296877145767,0.021102728322148323,,0.0050297173544709235,0.07092050024126256,0.058119366011815145,0.12522135522467856,0.12515323398090342,0.9843196121956396,0.2477644830942154
5,I.16.6,kan_bspline,"[2, 2, 1]",60,40,700,0.011994464322924614,0.01157445553690195,,0.002758706805947976,0.05252339294017453,0.04292034999118186,0.0927383538270694,0.09268790355046104,0.9913995977294149,0.19651854038238525
5,I.16.6,kan_bspline,"[2, 2, 1]",60,40,800,0.007561628706753254,0.006316148675978184,,0.0015054187596545523,0.03879972628324267,0.031132775311591105,0.06850705072589788,0.06846978243811708,0.9953067840008227,0.15507635474205017
5,I.16.6,kan_bspline,"[2, 2, 1]",60,40,900,0.004762114491313696,0.003563170088455081,,0.0008492618121926711,0.029142096907955526,0.02248501461488195,0.05145497925830959,0.05142698740996063,0.9973523851095176,0.12653717398643494
5,I.16.6,kan_bspline,"[2, 2, 1]",60,40,1000,0.0029864399693906307,0.0022110133431851864,,0.0005269826975739405,0.02295610371064612,0.016766097171464937,0.04053263030500875,0.04051058028658416,0.9983571058805517,0.10706335306167603
5,I.16.6,kan_bspline,"[2, 2, 1]",60,50,100,0.7845712304115295,0.8939631581306458,,0.2342933358712159,0.4840385685781825,0.4254577734505292,0.8546466160303338,0.8541816826300545,0.26957916170532203,0.8881911858916283
5,I.16.6,kan_bspline,"[2, 2, 1]",60,50,200,0.3852616846561432,0.38739052414894104,,0.10152883239380056,0.3186358931347825,0.2787414529796224,0.5626020434969932,0.562295984271834,0.6834789406518906,0.6606801748275757
5,I.16.6,kan_bspline,"[2, 2, 1]",60,50,300,0.09982487559318542,0.08181124925613403,,0.021441410738724243,0.14642885896818372,0.11772359831747599,0.25854329991501007,0.2584026506533219,0.9331553620688213,0.48179798014461994
5,I.16.6,kan_bspline,"[2, 2, 1]",60,50,400,0.03328828141093254,0.034406136721372604,,0.009017293922671978,0.09495943303680776,0.07733853516285308,0.16766589146699018,0.16757468011534093,0.9718881488384803,0.3368518054485321
5,I.16.6,kan_bspline,"[2, 2, 1]",60,50,500,0.015434575267136097,0.02205064706504345,,0.005779119230111297,0.07602051848094235,0.05769066856359131,0.13422624370502964,0.13415322374248376,0.9819833155007744,0.2647336721420288
5,I.16.6,kan_bspline,"[2, 2, 1]",60,50,600,0.008575274609029293,0.015585584565997124,,0.004084729758788983,0.06391189059000667,0.04447926948429085,0.11284654687186875,0.11278515760551837,0.9872656568590502,0.22313368320465088
5,I.16.6,kan_bspline,"[2, 2, 1]",60,50,700,0.005590788088738918,0.012294271029531956,,0.003222129815127814,0.05676380726420501,0.037246115589747206,0.10022547569680909,0.10017095237648428,0.9899548540213129,0.22840559482574463
5,I.16.6,kan_bspline,"[2, 2, 1]",60,50,800,0.004041326232254505,0.010072946548461914,,0.0026399564012346737,0.051380506042999166,0.03311468679294922,0.09072040632746108,0.09067105382761212,0.9917698078757513,0.22455978393554688
5,I.16.6,kan_bspline,"[2, 2, 1]",60,50,900,0.003102149348706007,0.00829253252595663,,0.0021733384563191837,0.046619078243989164,0.029780801732325925,0.08231335279895827,0.08226857379172019,0.9932245119509703,0.21333980560302734
5,I.16.6,kan_bspline,"[2, 2, 1]",60,50,1000,0.0024658215697854757,0.006780788768082857,,0.001777135064777601,0.04215607980798975,0.02682322377176024,0.07443322349050321,0.07439273132562231,0.9944596952407933,0.19635939598083496
5,I.16.6,kan_bspline,"[2, 2, 1]",60,100,100,0.8071986436843872,0.9141260385513306,,0.25941790595124653,0.5093308413509303,0.44668122174055314,0.8993041221469226,0.8988148947685505,0.19125209588669945,0.8790915012359619
5,I.16.6,kan_bspline,"[2, 2, 1]",60,100,200,0.45396897196769714,0.5114269852638245,,0.14513679956972605,0.3809682395813673,0.33326412586146037,0.6726596554684646,0.6722937241759492,0.5475289879034501,0.6872065961360931
5,I.16.6,kan_bspline,"[2, 2, 1]",60,100,300,0.13958270847797394,0.14198990166187286,,0.04029501765721626,0.2007361892066706,0.16435772602329962,0.3544314770706035,0.3542386640076256,0.874378328061107,0.5676790997385979
5,I.16.6,kan_bspline,"[2, 2, 1]",60,100,400,0.05464346334338188,0.04632629454135895,,0.01314684201508923,0.11465967911645851,0.08097677088412457,0.20244979039552954,0.20233965637326937,0.9590140823686616,0.46743031591176987
5,I.16.6,kan_bspline,"[2, 2, 1]",60,100,500,0.02865706756711006,0.022952008992433548,,0.006513501936584021,0.08070626949985993,0.05487239530938678,0.14249967791429505,0.1424221571489299,0.9796938417942506,0.38261522352695465
5,I.16.6,kan_bspline,"[2, 2, 1]",60,100,600,0.017192402854561806,0.013802478089928627,,0.003916976036783018,0.06258574947049063,0.04288210911233909,0.11050503507147182,0.11044491960299617,0.9877886372238097,0.3108145147562027
5,I.16.6,kan_bspline,"[2, 2, 1]",60,100,700,0.011759039014577866,0.009789620526134968,,0.00277817574246746,0.052708402958802116,0.037399246692890305,0.09306501826378202,0.09301439027956393,0.9913389023755314,0.26096001267433167
5,I.16.6,kan_bspline,"[2, 2, 1]",60,100,800,0.008978025056421757,0.007756807375699282,,0.0022012880196493026,0.04691788592476544,0.03441919113253243,0.08284094499883081,0.08279587897795358,0.9931373778316764,0.23408475518226624
5,I.16.6,kan_bspline,"[2, 2, 1]",60,100,900,0.007275573443621397,0.006443091668188572,,0.0018284714402414727,0.04276062955852583,0.031970878458814696,0.07550065165027843,0.07545957879743298,0.9942996516003632,0.21236294507980347
5,I.16.6,kan_bspline,"[2, 2, 1]",60,100,1000,0.006010156124830246,0.005368026439100504,,0.0015233810274587266,0.03903051405578367,0.02936357970512472,0.06891454302429617,0.06887705305801536,0.9952507857597357,0.19740697741508484
5,I.16.6,kan_bspline,"[2, 2, 1]",60,200,100,0.8609411716461182,0.8944457173347473,,0.27488156103368205,0.5242914847998984,0.46048792185098864,0.9257195033320517,0.9252159058119582,0.14304340114763614,0.8814874514937401
5,I.16.6,kan_bspline,"[2, 2, 1]",60,200,200,0.518566370010376,0.5370238423347473,,0.16503844736998236,0.4062492429161959,0.3576627542998176,0.7172972636107856,0.716907049164807,0.4854846356146638,0.6977339684963226
5,I.16.6,kan_bspline,"[2, 2, 1]",60,200,300,0.18081088364124298,0.18778131902217865,,0.05770904993397292,0.240227079934742,0.20393100905115716,0.4241588878922443,0.4239281426575385,0.8200892378213798,0.5466229394078255
5,I.16.6,kan_bspline,"[2, 2, 1]",60,200,400,0.07877543568611145,0.08287227153778076,,0.025468350912143296,0.15958806632121117,0.12129468406713567,0.28177796087796153,0.2816246718073474,0.9206011807631779,0.5586610063910484
5,I.16.6,kan_bspline,"[2, 2, 1]",60,200,500,0.04618716612458229,0.0490858368575573,,0.015085086421759257,0.12282135979445619,0.09391746930661611,0.21686052793873878,0.21674255438013595,0.9529715114219656,0.5102943927049637
5,I.16.6,kan_bspline,"[2, 2, 1]",60,200,600,0.027427036315202713,0.028674215078353882,,0.00881217496329104,0.09387318553927441,0.0702465266713407,0.1657479497817537,0.1656577818030407,0.9725276171430484,0.44040748476982117
5,I.16.6,kan_bspline,"[2, 2, 1]",60,200,700,0.01650397479534149,0.016828378662467003,,0.0051717064340818485,0.07191457734063274,0.05095910005108453,0.1269765555004449,0.12690747941613442,0.9838769543531856,0.3775068148970604
5,I.16.6,kan_bspline,"[2, 2, 1]",60,200,800,0.009991331025958061,0.010061921551823616,,0.0030922350049178,0.055607868192530094,0.037805514359148217,0.0981844825196618,0.09813106951309708,0.9903598073923122,0.32230044901371
5,I.16.6,kan_bspline,"[2, 2, 1]",60,200,900,0.006586151663213968,0.006663883570581675,,0.002047948230206236,0.04525426201150822,0.031006567576201634,0.07990355397234947,0.07986008591157913,0.9936154220625653,0.28026197850704193
5,I.16.6,kan_bspline,"[2, 2, 1]",60,200,1000,0.005052820313721895,0.005080464296042919,,0.0015613311372287319,0.03951368291147678,0.027154274068074302,0.06976765402473221,0.06972969996043614,0.9951324744518681,0.25156962871551514
5,I.16.6,kan_bspline,"[2, 2, 1]",60,500,100,0.9939813613891602,0.9959567189216614,,0.3186052420464183,0.564451275174765,0.4936925352422986,0.9966279622285942,0.9960857900388246,0.006732704900575315,1.0142253562808037
5,I.16.6,kan_bspline,"[2, 2, 1]",60,500,200,0.6878500580787659,0.6777856349945068,,0.21682273188987314,0.46564227889000065,0.40881678055156956,0.8221650582575696,0.8217177950391154,0.3240446169779424,0.822783350944519
5,I.16.6,kan_bspline,"[2, 2, 1]",60,500,300,0.29403960704803467,0.28134259581565857,,0.09000112466055338,0.3000018744283998,0.2540395798014943,0.5297007375592544,0.529412576861693,0.7194171286281918,0.6204307377338409
5,I.16.6,kan_bspline,"[2, 2, 1]",60,500,400,0.09623391926288605,0.08738728612661362,,0.027955077141670323,0.16719771870952763,0.12508700427995062,0.2952140052038205,0.2950534068364075,0.9128486911312111,0.46396327018737793
5,I.16.6,kan_bspline,"[2, 2, 1]",60,500,500,0.03530774265527725,0.03047346882522106,,0.009748422086670145,0.09873409789262343,0.07440503752906807,0.17433065901877345,0.17423582198958465,0.9696088213259729,0.36284492164850235
5,I.16.6,kan_bspline,"[2, 2, 1]",60,500,600,0.0163872130215168,0.01374757755547762,,0.004397832127386444,0.0663161528391571,0.04729192962800153,0.11709165197025308,0.11702795333870908,0.9862895450388287,0.29733991622924805
5,I.16.6,kan_bspline,"[2, 2, 1]",60,500,700,0.009560035541653633,0.007814771495759487,,0.0024999351829238497,0.04999935182503719,0.03453584470250644,0.08828176020456113,0.0882337343442995,0.9922063308151569,0.25455541908741
5,I.16.6,kan_bspline,"[2, 2, 1]",60,500,800,0.0065470850095152855,0.005245655309408903,,0.0016780782086936194,0.04096435290217117,0.028395038617076353,0.0723290412343621,0.07228969375851736,0.9947685097940995,0.22135233879089355
5,I.16.6,kan_bspline,"[2, 2, 1]",60,500,900,0.00504386005923152,0.004023393616080284,,0.00128707841388656,0.035875875095759825,0.025392642091261224,0.06334452921341045,0.06331006937140805,0.9959874706187173,0.1947590410709381
5,I.16.6,kan_bspline,"[2, 2, 1]",60,500,1000,0.004168984480202198,0.0033371748868376017,,0.0010675578750688835,0.03267350417492564,0.023464826688403263,0.05769023707961572,0.05765885320985569,0.996671836545686,0.17257311940193176
5,I.16.6,kan_bspline,"[2, 2, 1]",60,1000,100,0.9725133776664734,0.9989258646965027,,0.3130500645203491,0.55950877072692,0.4909523848353419,0.9879011892495865,0.9873637644819191,0.024051240275809183,0.9690681463107467
5,I.16.6,kan_bspline,"[2, 2, 1]",60,1000,200,0.6612376570701599,0.6720710396766663,,0.2106181256840065,0.4589315043489676,0.40503715754929,0.8103161248775634,0.809875307557078,0.3433877777610922,0.8189800530672073
5,I.16.6,kan_bspline,"[2, 2, 1]",60,1000,300,0.290851891040802,0.29161742329597473,,0.09138901370001477,0.3023061588853505,0.26145889922580684,0.5337693160597011,0.5334789420285804,0.7150903172321537,0.6012110114097595
5,I.16.6,kan_bspline,"[2, 2, 1]",60,1000,400,0.10247141122817993,0.10149554908275604,,0.031807353855870725,0.17834616299733147,0.1371966329885181,0.3148983460871551,0.31472703930837354,0.9008390316312245,0.49585896730422974
5,I.16.6,kan_bspline,"[2, 2, 1]",60,1000,500,0.045925408601760864,0.04588032141327858,,0.014378281779117593,0.11990947326678403,0.09144751973054371,0.21171913192467845,0.21160395531944345,0.9551750091769025,0.4173805005848408
5,I.16.6,kan_bspline,"[2, 2, 1]",60,1000,600,0.024188784882426262,0.02459738776087761,,0.007708493513120667,0.08779802681792266,0.06349708641250618,0.15502129661793293,0.1549369640093431,0.97596839759481,0.3572143241763115
5,I.16.6,kan_bspline,"[2, 2, 1]",60,1000,700,0.01432553306221962,0.014642898924648762,,0.004588889113027474,0.06774133976404272,0.04606812370219268,0.1196080447984982,0.11954297723264595,0.98569391561943,0.3125436455011368
5,I.16.6,kan_bspline,"[2, 2, 1]",60,1000,800,0.009323176927864552,0.009446519427001476,,0.0029604136506146644,0.054409683426892536,0.0356550636861939,0.09606889789106657,0.09601663577650389,0.9907707668579633,0.28140996396541595
5,I.16.6,kan_bspline,"[2, 2, 1]",60,1000,900,0.006719459313899279,0.006705097388476133,,0.002101288087803254,0.04583980898523961,0.029910916858585553,0.08093742972546625,0.08089339922946204,0.9934491324694121,0.2555025666952133
5,I.16.6,kan_bspline,"[2, 2, 1]",60,1000,1000,0.0052917031571269035,0.005191918462514877,,0.0016270780923746439,0.04033705606975606,0.02713317239959724,0.07122144950537052,0.07118270456673709,0.994927505130336,0.23221462965011597
6,I.16.6,kan_bspline,"[2, 2, 1]",60,10,100,0.6677358150482178,0.8267111778259277,,0.23000727941240642,0.47959074158328624,0.4236277333653998,0.8578004858015188,0.8575444269903172,0.26417832655604867,0.876986674964428
6,I.16.6,kan_bspline,"[2, 2, 1]",60,10,200,0.3107360601425171,0.4954971969127655,,0.13785704837306506,0.37129105614472463,0.3253451430364512,0.6640946555457927,0.6638964191366985,0.5589782884739387,0.7121043168008327
6,I.16.6,kan_bspline,"[2, 2, 1]",60,10,300,0.07788606733083725,0.24605071544647217,,0.06845613889362838,0.2616412408119721,0.2067957621330861,0.4679739703341334,0.46783427717645804,0.781000363088925,0.7129449062049389
6,I.16.6,kan_bspline,"[2, 2, 1]",60,10,400,0.02823755517601967,0.1561722755432129,,0.04345019309637,0.20844709903563063,0.15382381303305737,0.372830430851071,0.37271913863512596,0.860997469830908,0.6147319599986076
6,I.16.6,kan_bspline,"[2, 2, 1]",60,10,500,0.0088945422321558,0.11027039587497711,,0.03067938775768035,0.17515532466265576,0.1210772809444461,0.3132844518439407,0.3131909344752345,0.9018528522324908,0.5241146124899387
6,I.16.6,kan_bspline,"[2, 2, 1]",60,10,600,0.0032094039488583803,0.08892562985420227,,0.024740855045417714,0.1572922599666548,0.10584344202536158,0.2813344072631227,0.2812504271825954,0.9208509512896246,0.4758346825838089
6,I.16.6,kan_bspline,"[2, 2, 1]",60,10,700,0.0017470966558903456,0.07877498120069504,,0.021916742367618595,0.1480430422803402,0.10038347304915078,0.2647911700054309,0.2647121281847155,0.9298856362869045,0.45029012858867645
6,I.16.6,kan_bspline,"[2, 2, 1]",60,10,800,0.0010478433687239885,0.07279015332460403,,0.02025164853699212,0.14230828695825173,0.09695176025643014,0.2545339330016468,0.2544579530303438,0.9352124769504816,0.435992956161499
6,I.16.6,kan_bspline,"[2, 2, 1]",60,10,900,0.0006169834523461759,0.06894426047801971,,0.019181645284966884,0.13849781689603227,0.09481904595461674,0.2477184906106757,0.2476445450915621,0.9386355494093492,0.4266580045223236
6,I.16.6,kan_bspline,"[2, 2, 1]",60,10,1000,0.00035565716098062694,0.066532664000988,,0.018510694411228372,0.13605401284500349,0.09357376077235677,0.24334747982915883,0.24327483908410752,0.9407820040605855,0.42037615180015564
6,I.16.6,kan_bspline,"[2, 2, 1]",60,20,100,0.8080612421035767,1.0918617248535156,,0.25659929711346,0.5065563118878887,0.4461773835993372,0.9060313570456963,0.9057609010177078,0.17910718004700044,0.9095824584364891
6,I.16.6,kan_bspline,"[2, 2, 1]",60,20,200,0.49012652039527893,0.6395904421806335,,0.1503106965205767,0.38769923461438077,0.34202120800944974,0.6934424770152462,0.6932354800978506,0.5191375310692412,0.7524226009845734
6,I.16.6,kan_bspline,"[2, 2, 1]",60,20,300,0.1596604436635971,0.25426965951919556,,0.05975612222382511,0.24445065396481375,0.19564033929328434,0.4372267259231509,0.4370962110102794,0.8088327901378387,0.529289960861206
6,I.16.6,kan_bspline,"[2, 2, 1]",60,20,400,0.05970204621553421,0.11945509165525436,,0.028073242616521662,0.167550716550308,0.1321457194117829,0.29968277865157106,0.2995933214674015,0.9101902321793525,0.4124666899442673
6,I.16.6,kan_bspline,"[2, 2, 1]",60,20,500,0.026549730449914932,0.07294559478759766,,0.01714300615024529,0.13093130317172166,0.10056407354236581,0.23418495339702966,0.23411504772343683,0.9451574076022351,0.44636058807373047
6,I.16.6,kan_bspline,"[2, 2, 1]",60,20,600,0.014833139255642891,0.05700806528329849,,0.013397512207403938,0.1157476229017423,0.08566734410938807,0.2070272808597224,0.20696548192127376,0.9571397049796765,0.47907721996307373
6,I.16.6,kan_bspline,"[2, 2, 1]",60,20,700,0.01012130081653595,0.04936879128217697,,0.011602199624256447,0.10771350715790684,0.07733194381115027,0.19265738630067392,0.1925998768656457,0.9628831315036602,0.4720405340194702
6,I.16.6,kan_bspline,"[2, 2, 1]",60,20,800,0.007589046843349934,0.04395037144422531,,0.010328812133255469,0.10163076371480964,0.07148789762123488,0.1817777344890706,0.18172347269816858,0.9669568552439028,0.4495522975921631
6,I.16.6,kan_bspline,"[2, 2, 1]",60,20,900,0.005809697322547436,0.03926616534590721,,0.009227974856658253,0.09606234879836248,0.0665136300965678,0.17181801549052675,0.17176672673805135,0.9704785695527917,0.42147648334503174
6,I.16.6,kan_bspline,"[2, 2, 1]",60,20,1000,0.004388599190860987,0.03490188345313072,,0.008202320090636945,0.09056666103283782,0.06210101057146676,0.1619883769543086,0.16194002241042804,0.973759765731615,0.3910982608795166
6,I.16.6,kan_bspline,"[2, 2, 1]",60,30,100,0.9011653661727905,0.9865005612373352,,0.28142360662671295,0.5304937385367644,0.4644503522610757,0.9488460622263172,0.9485628257409937,0.09969115019439434,0.9877730496227741
6,I.16.6,kan_bspline,"[2, 2, 1]",60,30,200,0.6436511874198914,0.7087252140045166,,0.20218133550376421,0.4496457889314257,0.3952348653667141,0.8042406634261557,0.8040005925569901,0.3531969552895454,0.837716668844223
6,I.16.6,kan_bspline,"[2, 2, 1]",60,30,300,0.3551849126815796,0.4022562503814697,,0.11475351452934444,0.3387528812118717,0.29793901205039586,0.6058965715453556,0.6057157076284085,0.632889344588272,0.6776047348976135
6,I.16.6,kan_bspline,"[2, 2, 1]",60,30,400,0.15271033346652985,0.18521162867546082,,0.052836178572266204,0.2298612158939959,0.1914266112970654,0.4111319205409554,0.41100919509073314,0.8309705439117014,0.6213292926549911
6,I.16.6,kan_bspline,"[2, 2, 1]",60,30,500,0.055529553443193436,0.074397012591362,,0.021223580874210335,0.14568315233481988,0.10998352772113867,0.2605702487778389,0.260492466928515,0.9321031454516124,0.5614216327667236
6,I.16.6,kan_bspline,"[2, 2, 1]",60,30,600,0.023476196452975273,0.03379424288868904,,0.009640641514494515,0.09818676853066566,0.07465849977103062,0.175617772492507,0.17556534948879615,0.9691583979846599,0.4392743781208992
6,I.16.6,kan_bspline,"[2, 2, 1]",60,30,700,0.010174366645514965,0.017121192067861557,,0.004884242052443016,0.06988735259289063,0.05372221124102362,0.12500117247395348,0.12496385884199324,0.9843747068800811,0.35126805771142244
6,I.16.6,kan_bspline,"[2, 2, 1]",60,30,800,0.00428481912240386,0.010149541310966015,,0.0028954066487079672,0.05380898297410914,0.0402748954447452,0.09624325019973459,0.09621452098747575,0.9907372367909582,0.2939446344971657
6,I.16.6,kan_bspline,"[2, 2, 1]",60,30,900,0.002567445393651724,0.008181109093129635,,0.0023338630633962646,0.048310072069872395,0.03593719483050518,0.08640784672747137,0.08638205344467685,0.9925336840238951,0.25900279730558395
6,I.16.6,kan_bspline,"[2, 2, 1]",60,30,1000,0.001944820280186832,0.007431951351463795,,0.00212014735309622,0.04604505785745328,0.03393783875578083,0.08235662112343613,0.0823320371568279,0.9932173869571066,0.23758794367313385
6,I.16.6,kan_bspline,"[2, 2, 1]",60,40,100,0.9458731412887573,1.0701000690460205,,0.3004400583358745,0.5481241267595092,0.4806089072104078,0.9803799394909464,0.9800872899459913,0.0388551742402935,0.9890354089438915
6,I.16.6,kan_bspline,"[2, 2, 1]",60,40,200,0.5942613482475281,0.7160720229148865,,0.20104353515690235,0.4483787853555321,0.39458063611644323,0.8019744889805737,0.8017350945786569,0.35683691902204906,0.8297439217567444
6,I.16.6,kan_bspline,"[2, 2, 1]",60,40,300,0.17215552926063538,0.23401181399822235,,0.06570088747614483,0.2563218435407814,0.21182147739385254,0.45845964662485006,0.4583227935523211,0.7898147524158665,0.5801519230008125
6,I.16.6,kan_bspline,"[2, 2, 1]",60,40,400,0.049061715602874756,0.07353509217500687,,0.02064562723161099,0.14368586301933461,0.10537771261599846,0.25699787842837524,0.25692116295394846,0.933952090483078,0.43412746489048004
6,I.16.6,kan_bspline,"[2, 2, 1]",60,40,500,0.019145751371979713,0.03436310589313507,,0.00964774520096934,0.09822293622657255,0.0687617750929203,0.17568246237166696,0.17563002005762246,0.9691356724149175,0.3627932667732239
6,I.16.6,kan_bspline,"[2, 2, 1]",60,40,600,0.009699514135718346,0.020810870453715324,,0.005842835525579178,0.07643844272078794,0.053733083959436045,0.1367185135462351,0.136677702214664,0.9813080480536411,0.3303522616624832
6,I.16.6,kan_bspline,"[2, 2, 1]",60,40,700,0.006284540984779596,0.015202358365058899,,0.004268196326561347,0.06533143444438784,0.047054361479124056,0.11685241466400112,0.11681753348722379,0.9863455131871436,0.30914443731307983
6,I.16.6,kan_bspline,"[2, 2, 1]",60,40,800,0.004660961218178272,0.012265753000974655,,0.0034437187700431114,0.058683206882745524,0.04209699713042937,0.10496133266923859,0.10493000105482439,0.988983118644258,0.2924559414386749
6,I.16.6,kan_bspline,"[2, 2, 1]",60,40,900,0.003757049096748233,0.010457995347678661,,0.002936174549676715,0.05418647939917037,0.03841602219059132,0.09691844383616059,0.09688951307437743,0.9906068152443435,0.27730947732925415
6,I.16.6,kan_bspline,"[2, 2, 1]",60,40,1000,0.003188765374943614,0.009209414944052696,,0.0025856246363884523,0.05084903771349515,0.03597207546583377,0.0909490644235072,0.09092191555882168,0.9917282676804592,0.26282283663749695
6,I.16.6,kan_bspline,"[2, 2, 1]",60,50,100,0.9959453344345093,1.2128738164901733,,0.32492711519031664,0.5700237847584227,0.4974275703902822,1.0195498726058725,1.0192455305908452,-0.03948194273436556,1.063722901046276
6,I.16.6,kan_bspline,"[2, 2, 1]",60,50,200,0.7721211910247803,0.9357612133026123,,0.2506890601297488,0.5006885859790982,0.43823043248686006,0.8955362876069201,0.8952689644228137,0.19801475757634945,0.9435639604926109
6,I.16.6,kan_bspline,"[2, 2, 1]",60,50,300,0.35557106137275696,0.43549293279647827,,0.11666791739246468,0.34156685640217593,0.29810528933792374,0.6109296738886317,0.6107473075591493,0.6267649335609962,0.6432586908340454
6,I.16.6,kan_bspline,"[2, 2, 1]",60,50,400,0.07697384804487228,0.09908990561962128,,0.026546038432938613,0.16292955052088806,0.12815435458649882,0.29141731787157493,0.29133032797915476,0.915075946844234,0.4830579459667206
6,I.16.6,kan_bspline,"[2, 2, 1]",60,50,500,0.024506021291017532,0.031179120764136314,,0.008352840072156576,0.09139387327472545,0.06810984788392671,0.16346793650670863,0.16341914030504595,0.9732782337341431,0.3298712447285652
6,I.16.6,kan_bspline,"[2, 2, 1]",60,50,600,0.01163480058312416,0.01612098142504692,,0.004318786751376569,0.06571747675753056,0.04797564264689572,0.11754289355577568,0.11750780626672969,0.9861836681744862,0.2555390000343323
6,I.16.6,kan_bspline,"[2, 2, 1]",60,50,700,0.0077854935079813,0.011316759511828423,,0.003031743062076802,0.05506126644090927,0.04193326949630864,0.09848309612052124,0.0984536983002431,0.9903010797784815,0.21564923226833344
6,I.16.6,kan_bspline,"[2, 2, 1]",60,50,800,0.006025917362421751,0.008845450356602669,,0.0023696832355718706,0.04867939230898297,0.037604212637292224,0.08706841636123769,0.08704242589427515,0.992419090872319,0.18991772830486298
6,I.16.6,kan_bspline,"[2, 2, 1]",60,50,900,0.004873737692832947,0.007149242330342531,,0.001915271392679109,0.043763813735540794,0.03378121326421388,0.07827636655148967,0.07825300056639625,0.993872810439475,0.17361289262771606
6,I.16.6,kan_bspline,"[2, 2, 1]",60,50,1000,0.003990475554019213,0.00585514772683382,,0.0015685854726193477,0.039605371764690554,0.03039803102170117,0.07083853835031016,0.07081739260346404,0.9949819014843737,0.16134828329086304
6,I.16.6,kan_bspline,"[2, 2, 1]",60,100,100,0.9443293213844299,1.0320805311203003,,0.30460076476346104,0.5519064819002047,0.4836070028829854,0.9871450952703331,0.9868504262840568,0.025544560880242595,0.9902357719838619
6,I.16.6,kan_bspline,"[2, 2, 1]",60,100,200,0.7286049723625183,0.8208833932876587,,0.24226954909062384,0.4922088470259589,0.4306068640665617,0.8803693472079889,0.8801065514504721,0.22494981249380952,0.8770602494478226
6,I.16.6,kan_bspline,"[2, 2, 1]",60,100,300,0.35822850465774536,0.42587462067604065,,0.12568952411108092,0.35452718388168897,0.3069245830697473,0.6341106368308499,0.6339213508389149,0.597903700256537,0.7131278663873672
6,I.16.6,kan_bspline,"[2, 2, 1]",60,100,400,0.11959853023290634,0.15222378075122833,,0.04492622085954237,0.21195806391723426,0.1719137388758827,0.37911017547484965,0.3789970087158499,0.856275474850915,0.6167328953742981
6,I.16.6,kan_bspline,"[2, 2, 1]",60,100,500,0.0539402961730957,0.07017160207033157,,0.0207099340860559,0.14390946489392525,0.1112246618506033,0.25739781483252006,0.25732097997457476,0.9337463649192069,0.5125269740819931
6,I.16.6,kan_bspline,"[2, 2, 1]",60,100,600,0.027954937890172005,0.037736549973487854,,0.011137289841796844,0.10553335890511988,0.07913689269428141,0.18875795274575152,0.18870160731603336,0.9643704352751054,0.41251635551452637
6,I.16.6,kan_bspline,"[2, 2, 1]",60,100,700,0.01877208799123764,0.025506317615509033,,0.007527748479884986,0.08676259839288462,0.06502630989276804,0.15518439493872876,0.15513807142604397,0.9759178035674145,0.34116102010011673
6,I.16.6,kan_bspline,"[2, 2, 1]",60,100,800,0.014515313319861889,0.019450180232524872,,0.005740383625296646,0.07576531940998234,0.057025554791325705,0.1355145588970958,0.13547410695351908,0.9816358043268599,0.29421789571642876
6,I.16.6,kan_bspline,"[2, 2, 1]",60,100,900,0.011784393340349197,0.015567892231047153,,0.004594593907222471,0.06778343387010186,0.051109966326737775,0.12123808376932779,0.12120189344288684,0.985301327043889,0.2627027779817581
6,I.16.6,kan_bspline,"[2, 2, 1]",60,100,1000,0.009745312854647636,0.012757621705532074,,0.0037651914797748455,0.061361156115044356,0.04615560227655806,0.10975113771183409,0.10971837631065083,0.987954687770915,0.23345084488391876
6,I.16.6,kan_bspline,"[2, 2, 1]",60,200,100,0.9012495279312134,0.8752176761627197,,0.28292936885241377,0.5319110535159179,0.46705435384507293,0.9513810850535678,0.9510970918480721,0.09487403099906133,0.9667172357439995
6,I.16.6,kan_bspline,"[2, 2, 1]",60,200,200,0.6334065198898315,0.6213577389717102,,0.2008647257535752,0.44817934552316796,0.3932305293402169,0.8016177690311324,0.801378481112352,0.3574089523712537,0.8587457835674286
6,I.16.6,kan_bspline,"[2, 2, 1]",60,200,300,0.34235161542892456,0.34572863578796387,,0.11176281507779273,0.33430946004831025,0.2828029702755157,0.5979490268948051,0.5977705353696542,0.6424569612342779,0.7133256569504738
6,I.16.6,kan_bspline,"[2, 2, 1]",60,200,400,0.14801841974258423,0.15696492791175842,,0.05074166029405603,0.22525909591858,0.17400227698055096,0.40290052571128043,0.4027802573839084,0.8376711663809937,0.6188536882400513
6,I.16.6,kan_bspline,"[2, 2, 1]",60,200,500,0.06257078051567078,0.07140495628118515,,0.023082898005231126,0.15193056968639038,0.11631132497196085,0.27174443788226177,0.2716633204675871,0.9261549604797896,0.4981805086135864
6,I.16.6,kan_bspline,"[2, 2, 1]",60,200,600,0.031090576201677322,0.03861211985349655,,0.012482042355992241,0.11172306098560064,0.0832976550378371,0.19982891177651715,0.19976926159627112,0.9600684060180702,0.41110941022634506
6,I.16.6,kan_bspline,"[2, 2, 1]",60,200,700,0.018812591210007668,0.025113265961408615,,0.008118301684865693,0.09010161865841086,0.06484957902296447,0.1611565978140675,0.16110849156146373,0.9740285509809021,0.3635842949151993
6,I.16.6,kan_bspline,"[2, 2, 1]",60,200,800,0.012853714637458324,0.017578626051545143,,0.0056825976318463905,0.07538300625370675,0.05324279412417673,0.13483075001017097,0.13479050218782476,0.9818206688516298,0.3208492174744606
6,I.16.6,kan_bspline,"[2, 2, 1]",60,200,900,0.009105941280722618,0.012680509127676487,,0.004099195832962993,0.06402496257681838,0.043787415999686344,0.11451564686279768,0.11448146322582728,0.9868861666235481,0.29042884707450867
6,I.16.6,kan_bspline,"[2, 2, 1]",60,200,1000,0.006585384719073772,0.009250708855688572,,0.002990453154720557,0.054685035930504396,0.036325027351966126,0.09781016671088914,0.09778096976424946,0.9904331712879539,0.26168234646320343
6,I.16.6,kan_bspline,"[2, 2, 1]",60,500,100,0.7711856961250305,0.7976536750793457,,0.2432188782203231,0.49317226018940186,0.43440868974546903,0.8820925170025113,0.8818292068680311,0.22191279144539344,0.919680330902338
6,I.16.6,kan_bspline,"[2, 2, 1]",60,500,200,0.5041531920433044,0.5324013233184814,,0.16233869342649007,0.4029127615582436,0.351991098646773,0.7206535335926045,0.7204384140045949,0.4806584845186368,0.8052060753107071
6,I.16.6,kan_bspline,"[2, 2, 1]",60,500,300,0.25404468178749084,0.2810646891593933,,0.08570165816745606,0.292748455448455,0.23876164014241658,0.5236126253653278,0.5234563237210639,0.7258298185570491,0.6622409913688898
6,I.16.6,kan_bspline,"[2, 2, 1]",60,500,400,0.11628888547420502,0.13527093827724457,,0.04124652938764133,0.20309241587917884,0.16038478959561325,0.36325299447739595,0.36314456118612254,0.8680472620027334,0.5363567993044853
6,I.16.6,kan_bspline,"[2, 2, 1]",60,500,500,0.05568919703364372,0.066748708486557,,0.020352877896760675,0.14266351284319573,0.11209128197352401,0.25516929334173233,0.2550931237113932,0.9348886317352483,0.41857708990573883
6,I.16.6,kan_bspline,"[2, 2, 1]",60,500,600,0.02732461877167225,0.03361286222934723,,0.01024916298285677,0.10123814983916277,0.07644268115400336,0.18107550163914013,0.18102144946913679,0.9672116627060166,0.32999665290117264
6,I.16.6,kan_bspline,"[2, 2, 1]",60,500,700,0.0145800169557333,0.018277274444699287,,0.00557306797577552,0.07465298370310137,0.05413972710049711,0.1335250248485717,0.13348516679335454,0.9821710677391245,0.2871096134185791
6,I.16.6,kan_bspline,"[2, 2, 1]",60,500,800,0.009065772406756878,0.011403434909880161,,0.0034771118789803063,0.05896704061575675,0.0416577922210563,0.10546900033867712,0.10543751718228778,0.9888762899675204,0.2590297758579254
6,I.16.6,kan_bspline,"[2, 2, 1]",60,500,900,0.006470171734690666,0.008039356209337711,,0.002451343874999165,0.049511048009501527,0.034828118237899615,0.08855592352530275,0.08852948902814625,0.9921578484085527,0.23612571507692337
6,I.16.6,kan_bspline,"[2, 2, 1]",60,500,1000,0.005025836173444986,0.006132990587502718,,0.001870058509460658,0.043244173127262565,0.030610309923300518,0.07734693249954842,0.07732384395633382,0.9940174520328889,0.21639487147331238
6,I.16.6,kan_bspline,"[2, 2, 1]",60,1000,100,0.841895341873169,0.8864939212799072,,0.26800140674254747,0.5176885229001581,0.4554742980671581,0.9259425337770163,0.9256661341382139,0.14263042413953508,0.9441227167844772
6,I.16.6,kan_bspline,"[2, 2, 1]",60,1000,200,0.5530136227607727,0.5987919569015503,,0.18102446432756783,0.4254696984834147,0.37214175539347344,0.7609990819422816,0.7607719189556976,0.42088039728093485,0.8215742260217667
6,I.16.6,kan_bspline,"[2, 2, 1]",60,1000,300,0.2255965918302536,0.2590849995613098,,0.07832558087598297,0.27986707715625103,0.22773647914011963,0.5005728716779084,0.5004234475442512,0.7494268001392367,0.6645058244466782
6,I.16.6,kan_bspline,"[2, 2, 1]",60,1000,400,0.07423555105924606,0.09009624272584915,,0.027237545478262973,0.16503801222222406,0.12991540800803342,0.2951885321901187,0.2951004165666327,0.9128637304631319,0.5338401794433594
6,I.16.6,kan_bspline,"[2, 2, 1]",60,1000,500,0.02920576184988022,0.03620656207203865,,0.010945827153902368,0.10462230715245371,0.07843890594062396,0.18712843706025814,0.18707257805116595,0.9649829480432599,0.4105508476495743
6,I.16.6,kan_bspline,"[2, 2, 1]",60,1000,600,0.014281303621828556,0.01774989441037178,,0.0053660791418471245,0.07325352648062156,0.051207651100354266,0.13102194257192362,0.13098283170242467,0.9828332505646182,0.33399249613285065
6,I.16.6,kan_bspline,"[2, 2, 1]",60,1000,700,0.008502586744725704,0.010495390743017197,,0.0031729258295039964,0.056328730054067404,0.03867585487780161,0.10075009339305717,0.1007200188599114,0.989849418681254,0.28392571583390236
6,I.16.6,kan_bspline,"[2, 2, 1]",60,1000,800,0.005925619974732399,0.007219215855002403,,0.0021824853827848976,0.04671707806343305,0.03236429944564588,0.08355860274896709,0.08353365998332436,0.9930179599066153,0.24957796931266785
6,I.16.6,kan_bspline,"[2, 2, 1]",60,1000,900,0.004548948258161545,0.005454462021589279,,0.0016489717527095906,0.040607533201483574,0.028410936984000726,0.07263101366894247,0.07260933285700041,0.994724735853403,0.22483724355697632
6,I.16.6,kan_bspline,"[2, 2, 1]",60,1000,1000,0.0036136216949671507,0.00426947046071291,,0.0012907297864189796,0.03592672802272675,0.025298239310039206,0.06425888174866312,0.0642397000704733,0.9958707961163966,0.20474109053611755
7,I.16.6,kan_bspline,"[2, 2, 1]",60,10,100,0.9760780334472656,1.2204985618591309,,0.3522645870809819,0.5935188177985445,0.510224383681621,1.0517949862942109,1.0514679561721576,-0.10627269319755661,1.1473803520202637
7,I.16.6,kan_bspline,"[2, 2, 1]",60,10,200,0.6874389052391052,0.9339598417282104,,0.26956278774061254,0.5191943641263959,0.44209543127527423,0.9200820811813075,0.9197960039901922,0.15344896388607643,1.0396106466650963
7,I.16.6,kan_bspline,"[2, 2, 1]",60,10,300,0.30797839164733887,0.5174481868743896,,0.14934771610637695,0.38645532226426504,0.31611216902833394,0.6848506874507126,0.684637749751994,0.5309795358966254,0.8275887966156006
7,I.16.6,kan_bspline,"[2, 2, 1]",60,10,400,0.08832044899463654,0.229612797498703,,0.06627165557459762,0.25743281759441167,0.19843486090346277,0.4562054963273286,0.4560636503011642,0.7918765451199988,0.6868866980075836
7,I.16.6,kan_bspline,"[2, 2, 1]",60,10,500,0.025005122646689415,0.11443421244621277,,0.03302840234819904,0.18173717932277655,0.13752347467195206,0.32206266811211637,0.32196253054250057,0.8962756378081376,0.5606877654790878
7,I.16.6,kan_bspline,"[2, 2, 1]",60,10,600,0.008189111016690731,0.07912348955869675,,0.022836901604364072,0.1511188327256536,0.11103063202633484,0.26780284942781096,0.26771958263183276,0.9282816338380913,0.5348667353391647
7,I.16.6,kan_bspline,"[2, 2, 1]",60,10,700,0.00287910969927907,0.06995068490505219,,0.020189414336880915,0.1420894589224722,0.10106947053580506,0.2518015874445961,0.2517232958526525,0.9365959605601569,0.5614671111106873
7,I.16.6,kan_bspline,"[2, 2, 1]",60,10,800,0.0013095943722873926,0.06738848984241486,,0.019449900425370075,0.13946289981701254,0.09760913544504865,0.2471469722656287,0.24707012791329921,0.9389183740997162,0.5855009853839874
7,I.16.6,kan_bspline,"[2, 2, 1]",60,10,900,0.0008591754594817758,0.06659288704395294,,0.019220274092200163,0.13863720313177183,0.0961452030798696,0.2456837269435053,0.24560733755179318,0.9396395063149354,0.5987429022789001
7,I.16.6,kan_bspline,"[2, 2, 1]",60,10,1000,0.0006791172781959176,0.06625643372535706,,0.019123163421698793,0.13828652653710988,0.09522716990469916,0.24506228096232435,0.24498608479415648,0.9399444784493302,0.606622040271759
7,I.16.6,kan_bspline,"[2, 2, 1]",60,20,100,0.645258367061615,0.6254298090934753,,0.21515136172631122,0.4638441136053267,0.4087470054853898,0.8219940101002159,0.8217384310140315,0.3243258473569737,0.7998073101043701
7,I.16.6,kan_bspline,"[2, 2, 1]",60,20,200,0.29306691884994507,0.2825596034526825,,0.09720207737052117,0.311772476929124,0.27074205106908494,0.5525026642203026,0.5523308769270855,0.6947408060283867,0.632199227809906
7,I.16.6,kan_bspline,"[2, 2, 1]",60,20,300,0.11542844772338867,0.11636102199554443,,0.04002884302142426,0.20007209455949687,0.167104255768862,0.35455459817701523,0.35444435803038266,0.8742910369110901,0.5313619822263718
7,I.16.6,kan_bspline,"[2, 2, 1]",60,20,400,0.05094350501894951,0.062127429991960526,,0.021372182969837936,0.14619228081481572,0.11591843385661059,0.25907233837382737,0.2589917861183564,0.9328815234892794,0.46773117780685425
7,I.16.6,kan_bspline,"[2, 2, 1]",60,20,500,0.02065616101026535,0.03891273960471153,,0.01338619916125399,0.11569874312737365,0.08148655683632978,0.20503369782492484,0.20496994757311862,0.9579611827560885,0.43593212962150574
7,I.16.6,kan_bspline,"[2, 2, 1]",60,20,600,0.008643290027976036,0.030763370916247368,,0.010582771574996179,0.10287259875689045,0.07008004793982991,0.1823040489278633,0.18224736590869264,0.9667652337443895,0.41025733947753906
7,I.16.6,kan_bspline,"[2, 2, 1]",60,20,700,0.004250444937497377,0.0276891328394413,,0.00952521602261546,0.09759721319082558,0.0672625661486104,0.17295535782867186,0.17290158155808918,0.9700864441982502,0.39060381054878235
7,I.16.6,kan_bspline,"[2, 2, 1]",60,20,800,0.002590474206954241,0.026070116087794304,,0.008968265187049759,0.09470092495350697,0.06561365959730893,0.16782274643452294,0.1677705660248756,0.9718355257790741,0.37908098101615906
7,I.16.6,kan_bspline,"[2, 2, 1]",60,20,900,0.0018635655287653208,0.025058824568986893,,0.008620375606214033,0.09284597786772475,0.06394007350441962,0.16453553129296525,0.16448437296307963,0.9729280589420458,0.3735928535461426
7,I.16.6,kan_bspline,"[2, 2, 1]",60,20,1000,0.0014715009601786733,0.024400493130087852,,0.008393907044727436,0.09161826807317107,0.06257979327610656,0.16235986479712355,0.16230938293792752,0.9736392743029664,0.37152108550071716
7,I.16.6,kan_bspline,"[2, 2, 1]",60,30,100,0.5097904801368713,0.44465625286102295,,0.15479578111951814,0.3934409499779073,0.34130914523724504,0.6972301571237716,0.6970133703294296,0.5138701079954395,0.8043021708726883
7,I.16.6,kan_bspline,"[2, 2, 1]",60,30,200,0.2575540244579315,0.23414410650730133,,0.08151132413358565,0.28550188113843605,0.23469936627235302,0.5059476433667158,0.5057903312272599,0.7440169821707603,0.6227069795131683
7,I.16.6,kan_bspline,"[2, 2, 1]",60,30,300,0.12697240710258484,0.1286822408437729,,0.04479745284642145,0.21165408771488786,0.17383784505857192,0.37507944417485345,0.37496282232553235,0.8593154105569848,0.4904879629611969
7,I.16.6,kan_bspline,"[2, 2, 1]",60,30,400,0.05512997880578041,0.06427885591983795,,0.02237705285813132,0.14958961480708252,0.12162260691301935,0.26509287007842786,0.26501044588475237,0.9297257702333329,0.4378804862499237
7,I.16.6,kan_bspline,"[2, 2, 1]",60,30,500,0.019696077331900597,0.030567003414034843,,0.010641126486550391,0.10315583593064617,0.07766621626859568,0.18280598320585872,0.18274914412240717,0.966581972504021,0.3845216929912567
7,I.16.6,kan_bspline,"[2, 2, 1]",60,30,600,0.008075982332229614,0.01849847473204136,,0.0064397739505531425,0.08024820216399332,0.057614665635787335,0.142210582316973,0.14216636538810526,0.9797761502769958,0.3367615044116974
7,I.16.6,kan_bspline,"[2, 2, 1]",60,30,700,0.004791941959410906,0.014249416068196297,,0.004960572185595973,0.07043132957424539,0.051549657013193154,0.12481376681365965,0.12477495900232101,0.9844215236137303,0.2975681573152542
7,I.16.6,kan_bspline,"[2, 2, 1]",60,30,800,0.0035383463837206364,0.012067475356161594,,0.004200984866486355,0.0648150049485947,0.04792146145265588,0.11486088595207057,0.11482517274746173,0.9868069768782587,0.26535287499427795
7,I.16.6,kan_bspline,"[2, 2, 1]",60,30,900,0.0028493364807218313,0.01065497100353241,,0.00370925778067013,0.060903676249222674,0.04486946357127317,0.10792948665624484,0.10789592860200965,0.9883512259100782,0.23952841758728027
7,I.16.6,kan_bspline,"[2, 2, 1]",60,30,1000,0.002368886722251773,0.009615898132324219,,0.003347530801859896,0.057857849958842196,0.0421921226204563,0.1025318737663488,0.10249999396883205,0.9894872148619243,0.21921560168266296
7,I.16.6,kan_bspline,"[2, 2, 1]",60,40,100,0.8553652763366699,0.8046911358833313,,0.2683531982280186,0.5180281828511057,0.45387470605542923,0.9180154514777878,0.9177300168550182,0.15724763084504922,0.9201256893575191
7,I.16.6,kan_bspline,"[2, 2, 1]",60,40,200,0.5784549117088318,0.5472201108932495,,0.18249019165443503,0.4271887073114586,0.3725346448988844,0.7570357115521251,0.7568003296722209,0.4268969314327383,0.8270836696028709
7,I.16.6,kan_bspline,"[2, 2, 1]",60,40,300,0.24922332167625427,0.2456936240196228,,0.08193536559717925,0.2862435424549858,0.23377584096549117,0.5072619667392565,0.507104245942849,0.7426852970989103,0.7587365806102753
7,I.16.6,kan_bspline,"[2, 2, 1]",60,40,400,0.07279090583324432,0.09148399531841278,,0.03050861855927222,0.17466716508626406,0.1315173273635287,0.30953365419714973,0.30943741222030935,0.90418891691902,0.6240089237689972
7,I.16.6,kan_bspline,"[2, 2, 1]",60,40,500,0.03381558880209923,0.04829082265496254,,0.016104309018570677,0.12690275418039862,0.09296662057882213,0.22488870881794862,0.22481878513239054,0.9494250686460168,0.492350772023201
7,I.16.6,kan_bspline,"[2, 2, 1]",60,40,600,0.01731693372130394,0.027439026162028313,,0.00915052897897337,0.09565839732597117,0.06804603136137166,0.1695195159566898,0.1694668079777432,0.9712631337097078,0.4168052449822426
7,I.16.6,kan_bspline,"[2, 2, 1]",60,40,700,0.009078883565962315,0.016522295773029327,,0.005509952691630149,0.07422905557549651,0.05099350799659305,0.13154384688466914,0.13150294651828343,0.9826962163467214,0.35638927668333054
7,I.16.6,kan_bspline,"[2, 2, 1]",60,40,800,0.0052524348720908165,0.010961061343550682,,0.0036553599696048603,0.06045957301871111,0.040809097098112486,0.1071424761399116,0.10710916278749433,0.9885204898065678,0.30450148694217205
7,I.16.6,kan_bspline,"[2, 2, 1]",60,40,900,0.003441333770751953,0.007951579988002777,,0.002651739962818936,0.05149504794462217,0.03520572898101955,0.09125613480635698,0.09122776092618762,0.9916723178601745,0.26327867060899734
7,I.16.6,kan_bspline,"[2, 2, 1]",60,40,1000,0.0025037440937012434,0.00618754280731082,,0.0020634583657651584,0.04542530534586596,0.031032303054891144,0.08049973645466207,0.08047470701548325,0.993519792430707,0.23332351446151733
7,I.16.6,kan_bspline,"[2, 2, 1]",60,50,100,0.7267393469810486,0.7049059867858887,,0.22543079334695332,0.47479552793487145,0.4193357800672952,0.8414013858046127,0.8411397724660048,0.2920437079635705,0.8332808464765549
7,I.16.6,kan_bspline,"[2, 2, 1]",60,50,200,0.35542312264442444,0.3449799418449402,,0.1103254895273003,0.3321528105063998,0.28167992462466507,0.5886193500485489,0.5884363331484895,0.6535272607471971,0.7202018052339554
7,I.16.6,kan_bspline,"[2, 2, 1]",60,50,300,0.11701294034719467,0.1307876855134964,,0.04182624620434245,0.20451466012083938,0.15633554702058472,0.3624274204761212,0.36231473246648216,0.8686463648865597,0.6315641552209854
7,I.16.6,kan_bspline,"[2, 2, 1]",60,50,400,0.04162401333451271,0.05829378589987755,,0.018642505384040133,0.1365375603416149,0.10096183354539835,0.24196287817937154,0.241887645695271,0.9414539655829472,0.5139017552137375
7,I.16.6,kan_bspline,"[2, 2, 1]",60,50,500,0.01998557150363922,0.034319374710321426,,0.01097542492536661,0.10476366223727868,0.07531812827095427,0.18565526716693107,0.185597542167789,0.9655321217730534,0.4674757868051529
7,I.16.6,kan_bspline,"[2, 2, 1]",60,50,600,0.011624056845903397,0.02345704846084118,,0.007501626235889415,0.08661192894682242,0.0591966752707217,0.1534879600910299,0.15344023673526533,0.976441446107011,0.4379594027996063
7,I.16.6,kan_bspline,"[2, 2, 1]",60,50,700,0.0073769111186265945,0.01671687699854374,,0.0053461010793497375,0.0731170368611156,0.047412807926461485,0.12957320050686857,0.12953291286514293,0.9832107857103474,0.4025048613548279
7,I.16.6,kan_bspline,"[2, 2, 1]",60,50,800,0.004811003338545561,0.011927338317036629,,0.003814394019755297,0.06176078059541749,0.03822409086480775,0.10944839056800702,0.10941436024746698,0.9880210498020305,0.36290283873677254
7,I.16.6,kan_bspline,"[2, 2, 1]",60,50,900,0.003217129735276103,0.008609606884419918,,0.0027533745971603735,0.052472608065164565,0.03145770651094654,0.0929885025135872,0.09295958999572691,0.99135313840025,0.32520677521824837
7,I.16.6,kan_bspline,"[2, 2, 1]",60,50,1000,0.0022426194045692682,0.006407602224498987,,0.002049168121346284,0.04526773819560995,0.02710598248832821,0.0802205063213048,0.08019556370195854,0.9935646703655308,0.29274881444871426
7,I.16.6,kan_bspline,"[2, 2, 1]",60,100,100,0.7762187719345093,0.7522571086883545,,0.24761119481670796,0.49760546099968395,0.43723103483261505,0.8818236479398961,0.8815494662799972,0.2223870539312207,0.8950345367193222
7,I.16.6,kan_bspline,"[2, 2, 1]",60,100,200,0.42805492877960205,0.4173024892807007,,0.13735831951216065,0.3706188331860115,0.3228052856455747,0.6567863037892265,0.6565820920294347,0.5686317511533584,0.7065530084073544
7,I.16.6,kan_bspline,"[2, 2, 1]",60,100,300,0.12346760928630829,0.13166531920433044,,0.04333865204534595,0.20817937468766196,0.16199053898725696,0.36892178643722146,0.3688070791621166,0.8638967154914872,0.6601003408432007
7,I.16.6,kan_bspline,"[2, 2, 1]",60,100,400,0.04723468795418739,0.05886843055486679,,0.0193769962984007,0.13920127980159056,0.10192742241865062,0.24668334649289295,0.2466066462937445,0.9391473265628518,0.5358717739582062
7,I.16.6,kan_bspline,"[2, 2, 1]",60,100,500,0.02461973950266838,0.03242797031998634,,0.010673915340255552,0.10331464242911337,0.07129868121856862,0.18308740963054781,0.18303048304438024,0.9664790004346573,0.43607740104198456
7,I.16.6,kan_bspline,"[2, 2, 1]",60,100,600,0.014155363664031029,0.0195802990347147,,0.006445005715743113,0.08028079294416014,0.05200979654436969,0.14226833755261326,0.14222410266615684,0.9797597201299441,0.36663030087947845
7,I.16.6,kan_bspline,"[2, 2, 1]",60,100,700,0.009302224963903427,0.01345786638557911,,0.00442976014296945,0.06655644328665294,0.04222398120358548,0.11794694836152207,0.11791027562071124,0.9860885173721552,0.3206925243139267
7,I.16.6,kan_bspline,"[2, 2, 1]",60,100,800,0.006882289424538612,0.010194745846092701,,0.003355678974287821,0.05792822260597869,0.03793549305254555,0.10265658354000848,0.10262466496701454,0.989461625855856,0.28835856541991234
7,I.16.6,kan_bspline,"[2, 2, 1]",60,100,900,0.005503969732671976,0.008365504443645477,,0.002753569927114903,0.05247446928854929,0.03499116019818894,0.09299180085117267,0.0929628873077744,0.9913525249744253,0.2659543342888355
7,I.16.6,kan_bspline,"[2, 2, 1]",60,100,1000,0.0046082730405032635,0.007108645513653755,,0.0023398653641291734,0.0483721548427313,0.032598572437259915,0.08572194918527616,0.08569529602580116,0.9926517474278509,0.2478196918964386
7,I.16.6,kan_bspline,"[2, 2, 1]",60,200,100,0.8875800371170044,0.8856962323188782,,0.28432877596379136,0.5332248831063601,0.4674215167137604,0.9449460434950366,0.9446522354583328,0.10707697487991441,0.9323475584387779
7,I.16.6,kan_bspline,"[2, 2, 1]",60,200,200,0.622358500957489,0.6291487216949463,,0.20197114443358266,0.4494119985420757,0.39395030719686336,0.7964183656388453,0.79617073867854,0.3657177868709045,0.7939004004001617
7,I.16.6,kan_bspline,"[2, 2, 1]",60,200,300,0.2615815997123718,0.2776494324207306,,0.08913183165752474,0.29854954640314685,0.25208569247687274,0.5290698570130673,0.5289053555824954,0.7200850863991812,0.6552768051624298
7,I.16.6,kan_bspline,"[2, 2, 1]",60,200,400,0.09259571135044098,0.10889159888029099,,0.03495669784057263,0.18696710363208985,0.1412842860109363,0.3313307957641381,0.33122777649518287,0.8902199037779143,0.5863970071077347
7,I.16.6,kan_bspline,"[2, 2, 1]",60,200,500,0.04254189878702164,0.05631396546959877,,0.01807807128777271,0.13445471835444345,0.09397981391746589,0.23827180269253906,0.23819771785877217,0.9432265480414467,0.5599817372858524
7,I.16.6,kan_bspline,"[2, 2, 1]",60,200,600,0.0230230912566185,0.03337038308382034,,0.010712656450880332,0.10350196351219784,0.0683698457017731,0.1834193677254002,0.1833623379249202,0.9663573355430953,0.47691208496689796
7,I.16.6,kan_bspline,"[2, 2, 1]",60,200,700,0.014107471331954002,0.02170935645699501,,0.006969200562598296,0.0834817378987662,0.05299180992266202,0.14794084153007125,0.14789484291618477,0.9781135074072969,0.4127938151359558
7,I.16.6,kan_bspline,"[2, 2, 1]",60,200,800,0.010095405392348766,0.016045160591602325,,0.005150863998217913,0.07176951998040612,0.04557795603045224,0.12718521977807873,0.12714567462100018,0.9838239198699446,0.3713997006416321
7,I.16.6,kan_bspline,"[2, 2, 1]",60,200,900,0.007885385304689407,0.012289582751691341,,0.003945237279209196,0.06281112384927685,0.041103755476260176,0.11130973975385915,0.11127513069196801,0.9876101418358842,0.33085340447723866
7,I.16.6,kan_bspline,"[2, 2, 1]",60,200,1000,0.006343365181237459,0.009948112070560455,,0.0031935718727934548,0.05651169677857368,0.037611541610518086,0.10014630969772811,0.10011517163345664,0.9899707166538912,0.3125927681103349
7,I.16.6,kan_bspline,"[2, 2, 1]",60,500,100,0.9994525909423828,1.0327885150909424,,0.31836387663534904,0.5642374293108788,0.4944911508713108,0.9999044367792106,0.999593540764053,0.0001911173057091986,0.9945984706282616
7,I.16.6,kan_bspline,"[2, 2, 1]",60,500,200,0.8356441855430603,0.8657119274139404,,0.2668614406315084,0.5165863341509417,0.4530943257994209,0.9154603021070359,0.9151756619459455,0.16193243526312695,0.8914062157273293
7,I.16.6,kan_bspline,"[2, 2, 1]",60,500,300,0.5315374135971069,0.5568080544471741,,0.17163975711077262,0.41429428804989893,0.362624297516812,0.7341850703866291,0.7339567933589697,0.46097228241947186,0.717162698507309
7,I.16.6,kan_bspline,"[2, 2, 1]",60,500,400,0.2136266678571701,0.23310546576976776,,0.07185630275583753,0.26806025956086355,0.23167856723295563,0.4750387495321846,0.4748910477630528,0.7743381864420994,0.616461992263794
7,I.16.6,kan_bspline,"[2, 2, 1]",60,500,500,0.07112953066825867,0.0818747729063034,,0.025238439449359426,0.15886610541383403,0.12546159361109177,0.28153205619686755,0.28144452063727676,0.9207397013332832,0.5353580862283707
7,I.16.6,kan_bspline,"[2, 2, 1]",60,500,600,0.02690715156495571,0.03143768757581711,,0.009690874896874424,0.09844224142548982,0.06850564927041569,0.17445286125037227,0.17439861936744763,0.9695661992014506,0.4258560314774513
7,I.16.6,kan_bspline,"[2, 2, 1]",60,500,700,0.012162251397967339,0.014104867354035378,,0.004347918451365132,0.06593874772366497,0.045982918262555815,0.11685230893860245,0.11681597654935133,0.986345537895669,0.32707428745925426
7,I.16.6,kan_bspline,"[2, 2, 1]",60,500,800,0.007296754978597164,0.008274060674011707,,0.002550533908172684,0.050502810893777825,0.03615225036077163,0.08949775760921196,0.0894699304537531,0.9919901513828944,0.26502757146954536
7,I.16.6,kan_bspline,"[2, 2, 1]",60,500,900,0.005438817199319601,0.006055211648344994,,0.0018665589062875504,0.043203690887325244,0.03163003043837807,0.07656273752741832,0.07653893220249795,0.9941381472222869,0.2288358435034752
7,I.16.6,kan_bspline,"[2, 2, 1]",60,500,1000,0.0043374644592404366,0.0047187404707074165,,0.0014545830430296855,0.03813899635582569,0.028100542841553305,0.06758741921299367,0.06756640454545625,0.9954319407641109,0.20141369849443436
7,I.16.6,kan_bspline,"[2, 2, 1]",60,1000,100,0.8117138743400574,0.8496812582015991,,0.26088389971148296,0.5107679509439517,0.4487987859718837,0.9051493463261397,0.904867912106484,0.18070466084246095,0.901138424873352
7,I.16.6,kan_bspline,"[2, 2, 1]",60,1000,200,0.40459707379341125,0.4384438097476959,,0.13461862394692703,0.3669041072908929,0.3209433543706969,0.6502033110436296,0.6500011461056512,0.5772356543064041,0.6832588613033295
7,I.16.6,kan_bspline,"[2, 2, 1]",60,1000,300,0.11285243928432465,0.13533389568328857,,0.04155255969226546,0.2038444497460391,0.16335139855368333,0.361239717759985,0.3611273990376779,0.8695058663122244,0.605847641825676
7,I.16.6,kan_bspline,"[2, 2, 1]",60,1000,400,0.042832352221012115,0.05540997534990311,,0.017012934868293,0.13043364162781396,0.09266473736001217,0.231145915165905,0.23107404595390654,0.946571565901927,0.4793787207454443
7,I.16.6,kan_bspline,"[2, 2, 1]",60,1000,500,0.02173679694533348,0.029229028150439262,,0.008974403766652159,0.09473332975596371,0.062097098453536545,0.16788017209270556,0.16782797382794365,0.9718162478180238,0.378853514790535
7,I.16.6,kan_bspline,"[2, 2, 1]",60,1000,600,0.012623517774045467,0.017230510711669922,,0.005290411020671486,0.0727352116974405,0.04493096939173256,0.12889655508173437,0.12885647782648035,0.9833856780880026,0.30739153921604156
7,I.16.6,kan_bspline,"[2, 2, 1]",60,1000,700,0.008374799974262714,0.01129881851375103,,0.003469159464923694,0.05889957100797674,0.03711619121815738,0.10437794324846042,0.1043454894604456,0.9891052449631826,0.26478419452905655
7,I.16.6,kan_bspline,"[2, 2, 1]",60,1000,800,0.006268122233450413,0.008251193910837173,,0.0025334248890321307,0.05033313907389575,0.032983600961147656,0.08919707637701561,0.08916934271108784,0.9920438815657646,0.239308699965477
7,I.16.6,kan_bspline,"[2, 2, 1]",60,1000,900,0.005066594108939171,0.006512653548270464,,0.001999627807340555,0.04471719811594366,0.03030741794117921,0.0792448754260708,0.07922023615547111,0.9937202497186843,0.21856531500816345
7,I.16.6,kan_bspline,"[2, 2, 1]",60,1000,1000,0.004234925843775272,0.00537578109651804,,0.0016505656517350365,0.04062715411808999,0.0279916311450811,0.07199676864047366,0.07197438299275453,0.9948164653053118,0.2037990242242813
8,I.16.6,kan_bspline,"[2, 2, 1]",60,10,100,0.8415607213973999,1.1709154844284058,,0.3084257976683647,0.5553609615991789,0.48501844898756824,0.9660964717686432,0.9648516750623968,0.06665760723293479,1.0423344150185585
8,I.16.6,kan_bspline,"[2, 2, 1]",60,10,200,0.466454416513443,0.8045483827590942,,0.21192261957449363,0.46035053988726204,0.39561738228652393,0.8008179600547052,0.7997861215291443,0.3586905948515914,0.9241818301379681
8,I.16.6,kan_bspline,"[2, 2, 1]",60,10,300,0.14777204394340515,0.45228111743927,,0.1191334104633992,0.3451570808536299,0.28410089240263914,0.6004293803051302,0.5996557386070405,0.6394845592651442,0.7674778550863266
8,I.16.6,kan_bspline,"[2, 2, 1]",60,10,400,0.038739774376153946,0.31765687465667725,,0.08367262027548915,0.28926219987321045,0.22604576836753404,0.5031955971641308,0.5025472393238408,0.7467941909937538,0.8071339428424835
8,I.16.6,kan_bspline,"[2, 2, 1]",60,10,500,0.014282455667853355,0.3071228861808777,,0.08089791381905947,0.2844255857321199,0.2191848227851442,0.4947819055651409,0.4941443886045103,0.755190865924477,0.7917261719703674
8,I.16.6,kan_bspline,"[2, 2, 1]",60,10,600,0.005709410645067692,0.31325510144233704,,0.08251317126752766,0.28725105964561326,0.218766645778378,0.49969705187113994,0.49905320183911195,0.7503028563504233,0.7641631960868835
8,I.16.6,kan_bspline,"[2, 2, 1]",60,10,700,0.002706232015043497,0.31526562571525574,,0.08304275283741122,0.288171394897917,0.2170171633422724,0.5012980514040107,0.5006521385149043,0.7487002636576683,0.7566555142402649
8,I.16.6,kan_bspline,"[2, 2, 1]",60,10,800,0.0017595153767615557,0.31324660778045654,,0.08251093355936845,0.2872471645802069,0.21458745074871693,0.4996902760816866,0.49904643478013294,0.75030962798854,0.7591534107923508
8,I.16.6,kan_bspline,"[2, 2, 1]",60,10,900,0.0014035141794010997,0.3093211352825165,,0.08147694898232134,0.28544167352074107,0.2122436273493222,0.4965494745796562,0.4959096801403765,0.7534386192938103,0.7665236443281174
8,I.16.6,kan_bspline,"[2, 2, 1]",60,10,1000,0.0011935034999623895,0.3047845959663391,,0.08028199113067186,0.2833407685644123,0.21029217086214338,0.4928947760931332,0.49225969066249936,0.7570547396992556,0.7709646672010422
8,I.16.6,kan_bspline,"[2, 2, 1]",60,20,100,0.8225099444389343,1.2157930135726929,,0.27601916642524665,0.5253752624793507,0.46221858715225245,0.9139338601947855,0.9127562740094067,0.16472489918655497,0.8915125876665115
8,I.16.6,kan_bspline,"[2, 2, 1]",60,20,200,0.5579863786697388,0.7377950549125671,,0.16750020985781447,0.40926789497566807,0.36466768108640096,0.7119554608333081,0.711038119927366,0.49311942178786994,0.6929788291454315
8,I.16.6,kan_bspline,"[2, 2, 1]",60,20,300,0.2949901819229126,0.35124847292900085,,0.07974327933691046,0.2823885255050397,0.24774087657179916,0.4912382702824312,0.4906053192276464,0.7586849618090862,0.6215912252664566
8,I.16.6,kan_bspline,"[2, 2, 1]",60,20,400,0.10713306814432144,0.13835471868515015,,0.03141041603036982,0.17722983955973617,0.13111702938150846,0.3083060109190019,0.30790876455890964,0.9049474036308819,0.6159579157829285
8,I.16.6,kan_bspline,"[2, 2, 1]",60,20,500,0.034393709152936935,0.06749656796455383,,0.015323619869229359,0.12378860961021154,0.08734549872163916,0.21534055732906263,0.2150630951663101,0.9536284443690475,0.5679285526275635
8,I.16.6,kan_bspline,"[2, 2, 1]",60,20,600,0.014286020770668983,0.04322243854403496,,0.009812709462989812,0.09905912104894639,0.06860416233871365,0.17232156013688293,0.17209952712388482,0.9703052799118874,0.5148191303014755
8,I.16.6,kan_bspline,"[2, 2, 1]",60,20,700,0.006266992539167404,0.030641155317425728,,0.006956404500503328,0.08340506279898918,0.052442539793381,0.1450900269722248,0.14490308126549467,0.9789488840731259,0.46821223199367523
8,I.16.6,kan_bspline,"[2, 2, 1]",60,20,800,0.0030740187503397465,0.024798743426799774,,0.0056300125946411785,0.07503340985615127,0.04315175667306175,0.13052684207053825,0.1303586607472086,0.9829627434990336,0.4363368898630142
8,I.16.6,kan_bspline,"[2, 2, 1]",60,20,900,0.0018155664438381791,0.02212267741560936,,0.005022470268570121,0.07086938879777446,0.0389994561066269,0.12328318194490706,0.1231243339382068,0.9848012570494861,0.41384489834308624
8,I.16.6,kan_bspline,"[2, 2, 1]",60,20,1000,0.0012634156737476587,0.020617812871932983,,0.004680823932934289,0.06841654721581826,0.03678808266570559,0.11901626049743669,0.11886291033688204,0.985835129737157,0.39576925337314606
8,I.16.6,kan_bspline,"[2, 2, 1]",60,30,100,1.0199087858200073,1.721073865890503,,0.38312858588800314,0.618973816803266,0.5304219732354977,1.0767563114427054,1.0753689316632717,-0.1594041542357305,1.2940253615379333
8,I.16.6,kan_bspline,"[2, 2, 1]",60,30,200,0.7694374918937683,1.191042423248291,,0.2651381955479718,0.5149157169362495,0.4437051608353504,0.8957386128796049,0.8945844709201285,0.19765233739373234,1.0683966279029846
8,I.16.6,kan_bspline,"[2, 2, 1]",60,30,300,0.597777247428894,0.8937960267066956,,0.19896811890849275,0.4460584254427807,0.3785452153212973,0.775955641142033,0.7749558372357845,0.3978928429777636,1.0420448929071426
8,I.16.6,kan_bspline,"[2, 2, 1]",60,30,400,0.4098004996776581,0.7299472689628601,,0.16249371451239028,0.4031050911516627,0.33403281128179513,0.7012347522450963,0.7003312247657935,0.5082698222420492,1.027963936328888
8,I.16.6,kan_bspline,"[2, 2, 1]",60,30,500,0.1820608228445053,0.43091675639152527,,0.09592645824906124,0.3097199674691014,0.23977462512400233,0.5387835813064471,0.5380893690336683,0.7097122525135902,0.9626385271549225
8,I.16.6,kan_bspline,"[2, 2, 1]",60,30,600,0.06600023806095123,0.2323618084192276,,0.05172611099756152,0.22743375078813943,0.15829315668012714,0.39563987998874,0.39513010561955286,0.8434690853619513,0.9033747464418411
8,I.16.6,kan_bspline,"[2, 2, 1]",60,30,700,0.02873285301029682,0.15828870236873627,,0.03523667480439217,0.187714343629868,0.12026592947397148,0.3265446756627956,0.3261239291342804,0.8933685747959089,0.8739569783210754
8,I.16.6,kan_bspline,"[2, 2, 1]",60,30,800,0.015401712618768215,0.1291843056678772,,0.02875774741538482,0.1695810939208284,0.10294836160953855,0.29500038325312034,0.2946202809381385,0.9129747738802096,0.8603550046682358
8,I.16.6,kan_bspline,"[2, 2, 1]",60,30,900,0.009462692774832249,0.11484691500663757,,0.025566094483953805,0.15989401015658405,0.09415919626358664,0.2781488972944832,0.2777905077947634,0.9226331909335941,0.8495979756116867
8,I.16.6,kan_bspline,"[2, 2, 1]",60,30,1000,0.006578831467777491,0.10619471222162247,,0.02364002585613477,0.15375313283356137,0.08994648377451812,0.2674663316740029,0.26712170645444266,0.9284617614206037,0.8378295600414276
8,I.16.6,kan_bspline,"[2, 2, 1]",60,40,100,0.7132635712623596,1.0208548307418823,,0.24786276437272245,0.497858176966817,0.43228896598290883,0.8660656068151007,0.8649496979527246,0.24993036468938434,1.0186142474412918
8,I.16.6,kan_bspline,"[2, 2, 1]",60,40,200,0.4329652190208435,0.5630068182945251,,0.13669764328779768,0.36972644385788483,0.30654404916014755,0.6431698258050517,0.6423411138657009,0.5863325751724615,0.888344794511795
8,I.16.6,kan_bspline,"[2, 2, 1]",60,40,300,0.14727024734020233,0.23274505138397217,,0.05651032362305935,0.2377190013925251,0.18187017387669766,0.4135319267965328,0.4129990988694606,0.8289913455193527,0.7527559995651245
8,I.16.6,kan_bspline,"[2, 2, 1]",60,40,400,0.05638882517814636,0.13492389023303986,,0.03275941664289847,0.18099562603250519,0.13756623425189174,0.3148569089408941,0.31445122187480734,0.900865126891841,0.676231861114502
8,I.16.6,kan_bspline,"[2, 2, 1]",60,40,500,0.026637103408575058,0.07630409300327301,,0.018526573759153186,0.1361123571140886,0.09923587806377326,0.23677873863042698,0.23647365378375865,0.943935828932389,0.5763394236564636
8,I.16.6,kan_bspline,"[2, 2, 1]",60,40,600,0.012588073499500751,0.04419915750622749,,0.010731521439037455,0.10359305690555451,0.07058417146879947,0.18020871774637978,0.1799765222826318,0.9675248180480928,0.49207599461078644
8,I.16.6,kan_bspline,"[2, 2, 1]",60,40,700,0.007015281356871128,0.029285985976457596,,0.007110614114983614,0.08432445739513308,0.053386160282825584,0.146689390155658,0.1465003837002542,0.9784822228156863,0.43558908998966217
8,I.16.6,kan_bspline,"[2, 2, 1]",60,40,800,0.004696512594819069,0.021271394565701485,,0.005164677669765331,0.0718656918826037,0.0435740596637479,0.12501633382561203,0.12485525268607714,0.9843709162767488,0.396834060549736
8,I.16.6,kan_bspline,"[2, 2, 1]",60,40,900,0.0034039791207760572,0.016024814918637276,,0.0038908123410259874,0.0623763764659826,0.036521120937948584,0.10850888231677881,0.10836907071073996,0.9882258224583225,0.36739449203014374
8,I.16.6,kan_bspline,"[2, 2, 1]",60,40,1000,0.0025063762441277504,0.012280148454010487,,0.002981610365721099,0.05460412407246452,0.030895182485168333,0.09498840440372647,0.09486601367320562,0.9909772030288028,0.3429908752441406
8,I.16.6,kan_bspline,"[2, 2, 1]",60,50,100,0.7050932049751282,0.9114844799041748,,0.23205088688112574,0.4817166043236684,0.42601166360784554,0.8379860019137428,0.8369062730817419,0.2977794605941796,0.809133917093277
8,I.16.6,kan_bspline,"[2, 2, 1]",60,50,200,0.297698050737381,0.39334040880203247,,0.1001388336787253,0.31644720519973835,0.2777353429659852,0.5504861695071062,0.5497768786747089,0.6969649771803403,0.7018204182386398
8,I.16.6,kan_bspline,"[2, 2, 1]",60,50,300,0.06418877840042114,0.13237504661083221,,0.033700787260172414,0.18357774173404687,0.127733620607818,0.31934871344543586,0.3189372387757134,0.8980163992203904,0.7251157015562057
8,I.16.6,kan_bspline,"[2, 2, 1]",60,50,400,0.03021254763007164,0.08678135275840759,,0.022093287001402374,0.1486381075007428,0.10233895207109163,0.25856832070684066,0.2582351604031224,0.933142423526612,0.6374065279960632
8,I.16.6,kan_bspline,"[2, 2, 1]",60,50,500,0.018131807446479797,0.061624422669410706,,0.015688694349930424,0.12525451828149922,0.0833477156352601,0.21789062709123688,0.21760987921268538,0.9525236746256225,0.5778791308403015
8,I.16.6,kan_bspline,"[2, 2, 1]",60,50,600,0.011344355531036854,0.04500598832964897,,0.011457880115441348,0.10704148782337318,0.06805770908895648,0.1862075494490067,0.18596762460608907,0.9653267485280752,0.5273355841636658
8,I.16.6,kan_bspline,"[2, 2, 1]",60,50,700,0.007706310600042343,0.03401024639606476,,0.008658521513674031,0.09305117685270849,0.05729856483120238,0.16187024272009007,0.16166167602839268,0.9737980245216481,0.48412279784679413
8,I.16.6,kan_bspline,"[2, 2, 1]",60,50,800,0.005701266694813967,0.02643297053873539,,0.006729454903104363,0.08203325486108888,0.049764094094221945,0.14270365324344583,0.1425197823333269,0.9796356673509036,0.4474586099386215
8,I.16.6,kan_bspline,"[2, 2, 1]",60,50,900,0.0044601378031075,0.020998584106564522,,0.0053459393374063685,0.07311593080448589,0.04386749701801455,0.12719122816427814,0.12702734471525517,0.9838223914780063,0.4175673574209213
8,I.16.6,kan_bspline,"[2, 2, 1]",60,50,1000,0.0035825762897729874,0.016969485208392143,,0.0043201878006246235,0.06572813553284942,0.03895112458843505,0.11433954531367785,0.1141922210106094,0.9869264683774159,0.39399269223213196
8,I.16.6,kan_bspline,"[2, 2, 1]",60,100,100,0.9423575401306152,1.0449260473251343,,0.3262719274841531,0.5712021774154517,0.5026469520712853,0.9936535810486293,0.9923732775375579,0.012652560865802909,0.9877771846950054
8,I.16.6,kan_bspline,"[2, 2, 1]",60,100,200,0.6570377945899963,0.7352331876754761,,0.22957219659259573,0.47913692885499415,0.4230134919724078,0.8334984423967434,0.8324244956987934,0.30528034651978764,0.849922426044941
8,I.16.6,kan_bspline,"[2, 2, 1]",60,100,300,0.3113332688808441,0.3593665063381195,,0.11221004764726855,0.3349776823122229,0.29067785567144167,0.5827214719435808,0.5819706465445329,0.6604356861347263,0.6515011340379715
8,I.16.6,kan_bspline,"[2, 2, 1]",60,100,400,0.10498777031898499,0.1308393031358719,,0.04085378955710804,0.20212320390570707,0.1612459586011828,0.35161008363567764,0.35115704081150556,0.876370349085282,0.5896934792399406
8,I.16.6,kan_bspline,"[2, 2, 1]",60,100,500,0.05031294375658035,0.06631149351596832,,0.020705367573575054,0.1438935980979524,0.1070121785007068,0.2503148529421815,0.24999232707279645,0.9373424743963162,0.565225675702095
8,I.16.6,kan_bspline,"[2, 2, 1]",60,100,600,0.027757635340094566,0.03891816735267639,,0.012151965338591218,0.11023595302164906,0.07937306348752463,0.191764586710602,0.19151750173214732,0.9632263432835841,0.5068763941526413
8,I.16.6,kan_bspline,"[2, 2, 1]",60,100,700,0.014879611320793629,0.02316659316420555,,0.007233630243523375,0.08505075098741559,0.05718409847054863,0.14795283812101698,0.1477622037372316,0.97810995769186,0.44241878390312195
8,I.16.6,kan_bspline,"[2, 2, 1]",60,100,800,0.008184092119336128,0.014313895255327225,,0.004469428205390654,0.06685378228186237,0.04146898266446078,0.11629770123005304,0.1161478538807814,0.9864748446885583,0.3795948773622513
8,I.16.6,kan_bspline,"[2, 2, 1]",60,100,900,0.005014883354306221,0.009859917685389519,,0.0030787005683127564,0.0554860394001298,0.0328865426191478,0.09652256928993437,0.09639820181749073,0.9906833936176375,0.3475108668208122
8,I.16.6,kan_bspline,"[2, 2, 1]",60,100,1000,0.003580539720132947,0.007536361925303936,,0.0023531839763747194,0.048509627666832485,0.029209439230093268,0.08438652223733602,0.08427779182789737,0.9928789148646628,0.32396264374256134
8,I.16.6,kan_bspline,"[2, 2, 1]",60,200,100,1.0037753582000732,1.1001639366149902,,0.3308912535901402,0.5752314782677841,0.506153523945075,1.0006628841979246,0.9993735493346764,-0.0013262078147897594,0.9830900132656097
8,I.16.6,kan_bspline,"[2, 2, 1]",60,200,200,0.9296305775642395,1.0108569860458374,,0.30403083473844367,0.5513899117126134,0.4859162198275444,0.9591885010074628,0.9579526050885615,0.07995741953185831,0.9400830715894699
8,I.16.6,kan_bspline,"[2, 2, 1]",60,200,300,0.5160400867462158,0.5469462871551514,,0.16450252754562616,0.4055891117197627,0.3568729492058628,0.7055559121259274,0.7046468169153018,0.5021908548624202,0.751783475279808
8,I.16.6,kan_bspline,"[2, 2, 1]",60,200,400,0.10239899903535843,0.11598964035511017,,0.03488567519747549,0.18677707353279602,0.1386710482366034,0.324914216562343,0.324495570848992,0.894430751875312,0.6162132769823074
8,I.16.6,kan_bspline,"[2, 2, 1]",60,200,500,0.041464913636446,0.051339492201805115,,0.0154411446738125,0.12426240249493206,0.09202176880679326,0.21616475936328472,0.2158862352320772,0.9532727968092508,0.499357134103775
8,I.16.6,kan_bspline,"[2, 2, 1]",60,200,600,0.024605058133602142,0.03229130059480667,,0.009712107627886012,0.09855002601666836,0.0701779384491383,0.17143594708791657,0.1712150551702837,0.9706097160459669,0.4325390011072159
8,I.16.6,kan_bspline,"[2, 2, 1]",60,200,700,0.015592132695019245,0.021224873140454292,,0.006383708386783213,0.07989811253579908,0.054168886798841416,0.13898939601289328,0.1388103108517154,0.980681947795904,0.38283659517765045
8,I.16.6,kan_bspline,"[2, 2, 1]",60,200,800,0.010081253945827484,0.01418385561555624,,0.004266013604730408,0.06531472731880926,0.042354638350137974,0.11362038742430385,0.11347398974233187,0.9870904075615062,0.3333262950181961
8,I.16.6,kan_bspline,"[2, 2, 1]",60,200,900,0.006825408432632685,0.00994033832103014,,0.0029897100210947076,0.05467824083760109,0.03479199686978245,0.09511733666625201,0.09499477980899289,0.9909526922654874,0.2942131757736206
8,I.16.6,kan_bspline,"[2, 2, 1]",60,200,1000,0.0048737856559455395,0.0073623149655759335,,0.002214329970727194,0.04705666765429947,0.030129903213179203,0.08185897774143362,0.081753504024422,0.9932991077631041,0.2652115225791931
8,I.16.6,kan_bspline,"[2, 2, 1]",60,500,100,0.9059251546859741,0.9936283826828003,,0.3002217479739662,0.5479249473914892,0.48319222011050444,0.9531609080779866,0.9519327785965421,0.0914842833087901,0.9117345735430717
8,I.16.6,kan_bspline,"[2, 2, 1]",60,500,200,0.6517603993415833,0.6993791460990906,,0.21131525101139886,0.4596903860332505,0.4071246866708971,0.7996695676517741,0.7986392088077175,0.360528582569402,0.7917671799659729
8,I.16.6,kan_bspline,"[2, 2, 1]",60,500,300,0.28020307421684265,0.29114028811454773,,0.0879671405840447,0.29659254977838656,0.25539409397827695,0.5159473490334517,0.5152825608063528,0.7337983330244282,0.727479949593544
8,I.16.6,kan_bspline,"[2, 2, 1]",60,500,400,0.09268596023321152,0.0914715975522995,,0.02763785977393852,0.16624638273941036,0.127160303399025,0.2891993764674461,0.2888267486380367,0.9163637206505496,0.6246187388896942
8,I.16.6,kan_bspline,"[2, 2, 1]",60,500,500,0.04304777458310127,0.04277879744768143,,0.012925482449637286,0.11369029180029967,0.08553904476441676,0.1977736956273295,0.1975188680277126,0.9608855653177725,0.5416558682918549
8,I.16.6,kan_bspline,"[2, 2, 1]",60,500,600,0.021988973021507263,0.023618072271347046,,0.007136127084054796,0.08447560052497287,0.06109931873861933,0.14695231617056875,0.14676297094005616,0.9784050167720302,0.4784093499183655
8,I.16.6,kan_bspline,"[2, 2, 1]",60,500,700,0.013172637671232224,0.015736106783151627,,0.004754615990863237,0.06895372354603656,0.04795586656738306,0.11995072329411428,0.11979616909623482,0.9856118239811689,0.4338448494672775
8,I.16.6,kan_bspline,"[2, 2, 1]",60,500,800,0.009122154675424099,0.011917206458747387,,0.0036007472943985126,0.060006227130178016,0.04061260279506678,0.10438581089257919,0.10425131178470015,0.9891036024842608,0.40125685930252075
8,I.16.6,kan_bspline,"[2, 2, 1]",60,500,900,0.007015989627689123,0.009736812673509121,,0.002941947944166772,0.0542397266232673,0.03619975998211885,0.0943545048062877,0.09423293084319541,0.9910972274227293,0.3770268112421036
8,I.16.6,kan_bspline,"[2, 2, 1]",60,500,1000,0.005765965674072504,0.008303504437208176,,0.002508878063215764,0.05008870195179512,0.033305358223209625,0.08713345297400531,0.08702118319719164,0.9924077613728004,0.3555845618247986
8,I.16.6,kan_bspline,"[2, 2, 1]",60,1000,100,0.9324681162834167,1.0217851400375366,,0.30786423450017975,0.5548551473134045,0.48836416164267576,0.9652165658504279,0.9639729028860184,0.06835698100466825,0.9765010923147202
8,I.16.6,kan_bspline,"[2, 2, 1]",60,1000,200,0.6947401762008667,0.7610782384872437,,0.22931317199175938,0.47886654925120775,0.4209041114057763,0.8330280946421874,0.8319547539782647,0.3060641935343946,0.8930381238460541
8,I.16.6,kan_bspline,"[2, 2, 1]",60,1000,300,0.35545381903648376,0.393999844789505,,0.11871231054118209,0.3445465288479657,0.29014018095174104,0.5993672744329331,0.5985950012378141,0.6407588703375882,0.8075170367956161
8,I.16.6,kan_bspline,"[2, 2, 1]",60,1000,400,0.12205968052148819,0.14260239899158478,,0.04296615974838585,0.2072828013810742,0.15033261160569963,0.3605856315430154,0.3601210238981464,0.8699780023242728,0.7031969130039215
8,I.16.6,kan_bspline,"[2, 2, 1]",60,1000,500,0.0525941327214241,0.06264198571443558,,0.018874053238849647,0.13738287098051796,0.09965895352273947,0.2389889029173731,0.2386809703165673,0.9428843042821519,0.5804316401481628
8,I.16.6,kan_bspline,"[2, 2, 1]",60,1000,600,0.027104699984192848,0.03178773075342178,,0.009577654618286769,0.09786549247966195,0.07098173353477615,0.17024514420359985,0.17002578661256013,0.9710165908749947,0.44446422159671783
8,I.16.6,kan_bspline,"[2, 2, 1]",60,1000,700,0.014838417060673237,0.017116403207182884,,0.005157178539739537,0.07181349831152592,0.04949417906539748,0.12492553877814948,0.1247645746262854,0.9843936097609348,0.34925390779972076
8,I.16.6,kan_bspline,"[2, 2, 1]",60,1000,800,0.009013975970447063,0.01023628655821085,,0.003084196665049452,0.05553554415911896,0.03710428560298169,0.09660868692567431,0.09648420849231484,0.9906667616104646,0.2813466191291809
8,I.16.6,kan_bspline,"[2, 2, 1]",60,1000,900,0.006318734493106604,0.007114081643521786,,0.002143475415115376,0.04629768261063804,0.03097115021717036,0.08053866028394605,0.08043488777056192,0.9935135241996446,0.24712523818016052
8,I.16.6,kan_bspline,"[2, 2, 1]",60,1000,1000,0.004867044277489185,0.005439417436718941,,0.001638898549522057,0.040483311988053265,0.027569545010395814,0.07042408015958986,0.07033334008798746,0.9950404489336584,0.22029295563697815
9,I.16.6,kan_bspline,"[2, 2, 1]",60,10,100,0.7631292343139648,0.7457206845283508,,0.2832948200632242,0.5322544692750115,0.4556812125327997,0.9625862262247064,0.9623236057700084,0.07342775707912996,1.0585595518350601
9,I.16.6,kan_bspline,"[2, 2, 1]",60,10,200,0.3464758098125458,0.39670392870903015,,0.15070545489757275,0.3882080046799303,0.32266569361137226,0.7020771074483885,0.7018855611700728,0.5070877351951228,0.8261263370513916
9,I.16.6,kan_bspline,"[2, 2, 1]",60,10,300,0.14665833115577698,0.18348880112171173,,0.0697062931567122,0.26401949389526563,0.21846710633812472,0.47748124806649167,0.4773509778225794,0.7720116577440416,0.7324807643890381
9,I.16.6,kan_bspline,"[2, 2, 1]",60,10,400,0.0715373158454895,0.10591821372509003,,0.040237691609452,0.20059334886643676,0.16134152338607236,0.36277458591212347,0.36267561085502253,0.8683945998158118,0.6157488450407982
9,I.16.6,kan_bspline,"[2, 2, 1]",60,10,500,0.028131714090704918,0.0748867467045784,,0.028449025830653167,0.16866839013476465,0.12277228092262521,0.30503805701128006,0.3049548340946727,0.9069517837744469,0.6311303377151489
9,I.16.6,kan_bspline,"[2, 2, 1]",60,10,600,0.009527546353638172,0.06960482895374298,,0.026442458094607716,0.16261137135701093,0.10926731571415439,0.2940838928209976,0.29400365850686777,0.9135146639829355,0.6946345269680023
9,I.16.6,kan_bspline,"[2, 2, 1]",60,10,700,0.004359357990324497,0.06890292465686798,,0.02617580733513862,0.16178939191164116,0.10830309784272686,0.29259733678807126,0.29251750804801957,0.9143867985042186,0.7144838273525238
9,I.16.6,kan_bspline,"[2, 2, 1]",60,10,800,0.0027220058254897594,0.06548483669757843,,0.02487729937949785,0.1577253923104896,0.10531150580430404,0.285247562826042,0.2851697393099663,0.9186338279015092,0.7035652995109558
9,I.16.6,kan_bspline,"[2, 2, 1]",60,10,900,0.0018704207614064217,0.06078364700078964,,0.023091342439053142,0.1519583575821124,0.10119569087540731,0.27481783697844725,0.2747428589833959,0.9244751564782147,0.680549681186676
9,I.16.6,kan_bspline,"[2, 2, 1]",60,10,1000,0.001354749547317624,0.05615707114338875,,0.021333734474947547,0.14606072187603192,0.09718817625334486,0.26415191827663387,0.2640798502426259,0.9302237640705224,0.6564902365207672
9,I.16.6,kan_bspline,"[2, 2, 1]",60,20,100,0.8404213786125183,0.8168146014213562,,0.2966123885289608,0.5446213258117615,0.46983159046201034,0.984951779641641,0.9846830572382056,0.029869991777258575,1.055402785539627
9,I.16.6,kan_bspline,"[2, 2, 1]",60,20,200,0.4665772020816803,0.5093142986297607,,0.18494884497068886,0.430056792727064,0.3655624641762115,0.777760956591521,0.777548761641602,0.3950878943996563,0.86705681681633
9,I.16.6,kan_bspline,"[2, 2, 1]",60,20,300,0.17681598663330078,0.20915527641773224,,0.0759511930520642,0.2755924401213941,0.21329327665222808,0.4984110086926153,0.49827502822441067,0.751586466413112,0.8050301373004913
9,I.16.6,kan_bspline,"[2, 2, 1]",60,20,400,0.05344729870557785,0.06788872927427292,,0.02465264328228352,0.15701160238110914,0.11643650107784197,0.2839566683496172,0.2838791970256726,0.9193686104994941,0.5610431060194969
9,I.16.6,kan_bspline,"[2, 2, 1]",60,20,500,0.03125523775815964,0.04339976608753204,,0.015759889033002586,0.12553839664820715,0.09019244298199192,0.22703713815780138,0.22697519607424363,0.9484541378969291,0.43700700998306274
9,I.16.6,kan_bspline,"[2, 2, 1]",60,20,600,0.022474870085716248,0.03165286406874657,,0.011494200932582889,0.10721101124689986,0.07644943018862978,0.1938919232871023,0.19383902414553073,0.9624059220838925,0.39314743876457214
9,I.16.6,kan_bspline,"[2, 2, 1]",60,20,700,0.01557945180684328,0.022540226578712463,,0.008185101556885972,0.090471551091412,0.06379501356882974,0.16361848321236175,0.16357384351226265,0.9732289919511894,0.35978931188583374
9,I.16.6,kan_bspline,"[2, 2, 1]",60,20,800,0.010209872387349606,0.015571306459605694,,0.00565445543075599,0.0751961131359593,0.052188539705704896,0.13599273833980632,0.13595563571584868,0.9815059751187741,0.32869991660118103
9,I.16.6,kan_bspline,"[2, 2, 1]",60,20,900,0.006305295042693615,0.010542907752096653,,0.003828478456887604,0.061874699650888036,0.042063485321123154,0.11190086147489246,0.11187033178900979,0.9874781972011317,0.2997824251651764
9,I.16.6,kan_bspline,"[2, 2, 1]",60,20,1000,0.0036964002065360546,0.007145174313336611,,0.0025946489052341296,0.050937696308668394,0.0337393764485605,0.09212120835571015,0.09209607511261296,0.9915136829710531,0.27351927757263184
9,I.16.6,kan_bspline,"[2, 2, 1]",60,30,100,0.8996616005897522,0.7614184617996216,,0.28003715040200267,0.5291853648788888,0.4608625563713722,0.9570357277524671,0.9567746216290499,0.08408261580199572,0.9773904010653496
9,I.16.6,kan_bspline,"[2, 2, 1]",60,30,200,0.6093887090682983,0.5062732100486755,,0.18619892316533138,0.4315077324513796,0.3754267423269339,0.780384992037594,0.7801720811773876,0.3909992642002835,0.7964581847190857
9,I.16.6,kan_bspline,"[2, 2, 1]",60,30,300,0.31990739703178406,0.2524663805961609,,0.09285296185558951,0.3047178397396344,0.26180104686086997,0.5510845138000428,0.5509341625258938,0.696305858648673,0.6937864981591702
9,I.16.6,kan_bspline,"[2, 2, 1]",60,30,400,0.1344713419675827,0.11035052686929703,,0.04058509921692016,0.20145743773045502,0.16743946366058662,0.36433729714660323,0.3642378957381545,0.867258333907428,0.623963650316
9,I.16.6,kan_bspline,"[2, 2, 1]",60,30,500,0.06839199364185333,0.06903336197137833,,0.025389332759200082,0.1593403048798391,0.1309364839126356,0.28816814440036,0.2880895240679159,0.9169591205525531,0.550020158290863
9,I.16.6,kan_bspline,"[2, 2, 1]",60,30,600,0.038977015763521194,0.047549545764923096,,0.017487937238997765,0.1322419647426556,0.10701505204988644,0.23916059166879744,0.23909534196792,0.942802211392424,0.47322526574134827
9,I.16.6,kan_bspline,"[2, 2, 1]",60,30,700,0.022707274183630943,0.032107215374708176,,0.011808505599478124,0.10866694805449412,0.0849950660946779,0.19652499599601303,0.19647137847853582,0.9613779259486275,0.38719548285007477
9,I.16.6,kan_bspline,"[2, 2, 1]",60,30,800,0.013164178468286991,0.020616088062524796,,0.007582257578135478,0.08707615964278327,0.06683788595115767,0.1574778921421862,0.15743492776713852,0.9752007134863644,0.3071548454463482
9,I.16.6,kan_bspline,"[2, 2, 1]",60,30,900,0.007614844478666782,0.013028906658291817,,0.004791817453498272,0.0692229546718303,0.05288131836196407,0.12519023615986263,0.12515608076074272,0.9843274047701812,0.26618559658527374
9,I.16.6,kan_bspline,"[2, 2, 1]",60,30,1000,0.004458704963326454,0.008578226901590824,,0.0031549306667299614,0.05616876949631318,0.042251363284420224,0.10158164371036099,0.10155392939580571,0.989681169661064,0.2363462597131729
9,I.16.6,kan_bspline,"[2, 2, 1]",60,40,100,0.8074280619621277,0.7936151027679443,,0.2597321284203689,0.5096392139743261,0.44354043268365784,0.9216863662674062,0.9214349044388414,0.150494242233715,0.990538340061903
9,I.16.6,kan_bspline,"[2, 2, 1]",60,40,200,0.5465770959854126,0.5450097918510437,,0.1783692707119933,0.422337863223265,0.3661710808626376,0.7638012143056984,0.7635928279640546,0.41660770502303235,0.8692858293652534
9,I.16.6,kan_bspline,"[2, 2, 1]",60,40,300,0.23264598846435547,0.2224787026643753,,0.0728122049895876,0.2698373676672443,0.222482748107519,0.4880029167082764,0.48786977585877306,0.7618531532833545,0.6171729564666748
9,I.16.6,kan_bspline,"[2, 2, 1]",60,40,400,0.0818680003285408,0.080589659512043,,0.026375156818860327,0.16240430049373794,0.12658487241202965,0.29370940360137576,0.29362927145838286,0.9137347862358124,0.4890463352203369
9,I.16.6,kan_bspline,"[2, 2, 1]",60,40,500,0.032451730221509933,0.03778235241770744,,0.012365301669857318,0.11119937801020884,0.08359930442227051,0.20110491469086256,0.20105004764342388,0.9595568132870347,0.3878834843635559
9,I.16.6,kan_bspline,"[2, 2, 1]",60,40,600,0.01567034423351288,0.01948174275457859,,0.00637593072789885,0.07984942534482543,0.05979949604580179,0.1444082886022193,0.14436888998069156,0.9791462461829028,0.29099422693252563
9,I.16.6,kan_bspline,"[2, 2, 1]",60,40,700,0.008424963802099228,0.010557345114648342,,0.0034551782099671922,0.05878076394507979,0.04364370645815507,0.10630545539160971,0.10627645228906034,0.9886991501539416,0.22439489513635635
9,I.16.6,kan_bspline,"[2, 2, 1]",60,40,800,0.004829114768654108,0.006044107489287853,,0.001978098530417993,0.044475819614909776,0.03275122000323608,0.08043485556764064,0.08041291068855633,0.9935302340097895,0.2108963578939438
9,I.16.6,kan_bspline,"[2, 2, 1]",60,40,900,0.0027740714140236378,0.003938973881304264,,0.0012891363301106699,0.03590454469994948,0.026110242113936692,0.06493364017049362,0.06491592445667788,0.9957836223741936,0.18854443728923798
9,I.16.6,kan_bspline,"[2, 2, 1]",60,40,1000,0.0016568886348977685,0.0031374674290418625,,0.0010268214781437863,0.03204405526995274,0.02301784114027396,0.05795191588950713,0.0579361049854168,0.9966415754447233,0.16989049315452576
9,I.16.6,kan_bspline,"[2, 2, 1]",60,50,100,0.6439719200134277,0.6667581796646118,,0.21066441627451177,0.4589819345840441,0.3932857282566838,0.830072294025756,0.829845827079367,0.31097998668832894,0.9199677035212517
9,I.16.6,kan_bspline,"[2, 2, 1]",60,50,200,0.3054143190383911,0.3260738253593445,,0.10302408425266137,0.32097365040243003,0.2623740986469202,0.5804832701156779,0.5803248980382588,0.6630391731145913,0.7145394831895828
9,I.16.6,kan_bspline,"[2, 2, 1]",60,50,300,0.11844255775213242,0.1305137425661087,,0.04123624516754941,0.20306709523590818,0.15916712744021788,0.36724837489818873,0.36714817926628046,0.865128631134152,0.5455717071890831
9,I.16.6,kan_bspline,"[2, 2, 1]",60,50,400,0.05339745432138443,0.06745542585849762,,0.02131276263262195,0.14598891270443093,0.1111852361005731,0.2640220508476316,0.2639500182450918,0.9302923566659588,0.42379030585289
9,I.16.6,kan_bspline,"[2, 2, 1]",60,50,500,0.03053460083901882,0.0396948903799057,,0.012541730661513192,0.11198986856637164,0.08214060617005453,0.2025345228299158,0.2024792657453778,0.9589797670619101,0.3634646534919739
9,I.16.6,kan_bspline,"[2, 2, 1]",60,50,600,0.01811785064637661,0.022638387978076935,,0.0071526724254989535,0.08457347353336596,0.06073496806388721,0.15295176541793268,0.1529100358968918,0.9766057574554532,0.3182225227355957
9,I.16.6,kan_bspline,"[2, 2, 1]",60,50,700,0.01066275592893362,0.01273052953183651,,0.004022252635367635,0.06342123173959675,0.04628401258541271,0.11469777643369641,0.11466648367115813,0.9868444200811183,0.26920998096466064
9,I.16.6,kan_bspline,"[2, 2, 1]",60,50,800,0.006347645539790392,0.007592956535518169,,0.002399019748608776,0.04897978918501769,0.036776903755497185,0.08858031854031695,0.08855615135103191,0.9921535271672677,0.22584646940231323
9,I.16.6,kan_bspline,"[2, 2, 1]",60,50,900,0.003982491325587034,0.005211307667195797,,0.0016465298432927504,0.040577454864650524,0.030972495871130375,0.07338463348399932,0.07336461210275746,0.9946146955683997,0.1931300163269043
9,I.16.6,kan_bspline,"[2, 2, 1]",60,50,1000,0.0026918603107333183,0.004133769776672125,,0.0013060781773940016,0.03613970361519311,0.027641286842990668,0.06535892684417019,0.0653410951002508,0.995728210681763,0.1715671718120575
9,I.16.6,kan_bspline,"[2, 2, 1]",60,100,100,0.8867601156234741,0.9055846929550171,,0.2806006913463453,0.5297175580876523,0.4622827386218123,0.9579982031885943,0.9577368344749488,0.08223944268410832,1.0015128403902054
9,I.16.6,kan_bspline,"[2, 2, 1]",60,100,200,0.5451624393463135,0.5778854489326477,,0.1790611671888087,0.42315619715278746,0.36730863131163644,0.7652811773956911,0.7650723872787084,0.41434471952174845,0.8402189016342163
9,I.16.6,kan_bspline,"[2, 2, 1]",60,100,300,0.17153248190879822,0.18976274132728577,,0.05879908598106564,0.2424852283770408,0.19324720944883303,0.4385363662922842,0.43841672130175807,0.8076858554384645,0.6565362513065338
9,I.16.6,kan_bspline,"[2, 2, 1]",60,100,400,0.05868872255086899,0.0624503567814827,,0.019350605804261376,0.1391064549338433,0.10093897622684017,0.2515750740067142,0.25150643728771044,0.9367099821382876,0.5189995914697647
9,I.16.6,kan_bspline,"[2, 2, 1]",60,100,500,0.030562689527869225,0.032437775284051895,,0.010051034128112486,0.10025484590837735,0.06959152454370633,0.18131164575307981,0.18126217886320287,0.9671260871141909,0.4220125377178192
9,I.16.6,kan_bspline,"[2, 2, 1]",60,100,600,0.01757507584989071,0.018690388649702072,,0.005791325263421977,0.0761007573117507,0.05050958900945261,0.13762879416182192,0.13759124517606086,0.9810583150174944,0.3328319787979126
9,I.16.6,kan_bspline,"[2, 2, 1]",60,100,700,0.010569196194410324,0.011416610330343246,,0.0035375032121274857,0.05947691327000323,0.03854393309308216,0.10756444670168679,0.10753510011108273,0.9884298898057182,0.26420608162879944
9,I.16.6,kan_bspline,"[2, 2, 1]",60,100,800,0.006755090318620205,0.007618895266205072,,0.0023607589638205886,0.048587642089533305,0.03261706417007372,0.08787111755740842,0.08784714385799425,0.9922786666991842,0.24324491620063782
9,I.16.6,kan_bspline,"[2, 2, 1]",60,100,900,0.0047615040093660355,0.005685967858880758,,0.001761830221942354,0.041974161360798554,0.028878224554937333,0.07591058772746853,0.07588987719523542,0.9942375826708495,0.23242518305778503
9,I.16.6,kan_bspline,"[2, 2, 1]",60,100,1000,0.003615143010392785,0.004555022343993187,,0.0014114001126491965,0.03756860541262074,0.026287703699897975,0.06794310653307928,0.06792456975263803,0.9953837342746179,0.22247393429279327
9,I.16.6,kan_bspline,"[2, 2, 1]",60,200,100,0.6708934307098389,0.7408786416053772,,0.21094307093097148,0.45928539159325704,0.39838878527702765,0.8306210983180291,0.8303944816424743,0.3100685910264577,0.900858074426651
9,I.16.6,kan_bspline,"[2, 2, 1]",60,200,200,0.3831731379032135,0.42883381247520447,,0.12209762103988198,0.349424700099867,0.29320527622429654,0.6319372082999658,0.6317647981485811,0.6006553647646025,0.7412406355142593
9,I.16.6,kan_bspline,"[2, 2, 1]",60,200,300,0.17193488776683807,0.18876999616622925,,0.05374662654007987,0.23183318688246485,0.18055585044668987,0.41927206882603796,0.419157679674856,0.8242109323016988,0.5922679714858532
9,I.16.6,kan_bspline,"[2, 2, 1]",60,200,400,0.0771700069308281,0.08142537623643875,,0.023183446504537648,0.15226111290982228,0.11670945632038637,0.2753653722744244,0.2752902448964249,0.9241739117518937,0.4710269570350647
9,I.16.6,kan_bspline,"[2, 2, 1]",60,200,500,0.03654186427593231,0.03745225444436073,,0.010663411002171469,0.10326379327804819,0.07641848821332678,0.186753349788793,0.18670239824980178,0.9651231863425387,0.3879469782114029
9,I.16.6,kan_bspline,"[2, 2, 1]",60,200,600,0.01908022165298462,0.019204549491405487,,0.005467922615381397,0.07394540293609467,0.05342539635160938,0.13373081950044308,0.13369433399123098,0.9821160679156753,0.3107832670211792
9,I.16.6,kan_bspline,"[2, 2, 1]",60,200,700,0.011521530337631702,0.011440482921898365,,0.0032573364253047086,0.0570730796900317,0.039700571757275614,0.10321709552327621,0.10318893501170807,0.9893462311917004,0.27935999631881714
9,I.16.6,kan_bspline,"[2, 2, 1]",60,200,800,0.007701454218477011,0.00751442601904273,,0.002139508677866317,0.04625482329299634,0.0319029238014482,0.08365219715100349,0.08362937449111729,0.9930023099117844,0.24217911437153816
9,I.16.6,kan_bspline,"[2, 2, 1]",60,200,900,0.005917979869991541,0.00578735675662756,,0.001647777236822184,0.04059282247913027,0.02816626000730321,0.073412425930812,0.07339239696701307,0.9946106157189336,0.22903520613908768
9,I.16.6,kan_bspline,"[2, 2, 1]",60,200,1000,0.004799997434020042,0.004653484560549259,,0.0013249408260569918,0.03639973662070911,0.025419672486837953,0.06582919849790465,0.0658112384507204,0.9956665166251079,0.20811155065894127
9,I.16.6,kan_bspline,"[2, 2, 1]",60,500,100,0.875215470790863,0.9569675922393799,,0.26950113726596864,0.5191349894449118,0.45389379883836956,0.938859547899415,0.9386034007464127,0.11854274931492081,0.951644491404295
9,I.16.6,kan_bspline,"[2, 2, 1]",60,500,200,0.5403605103492737,0.5957099795341492,,0.16776380982494754,0.4095898067883862,0.35486619570525363,0.7407462579949244,0.7405441616904165,0.45129498126453393,0.825920820236206
9,I.16.6,kan_bspline,"[2, 2, 1]",60,500,300,0.23417861759662628,0.2543036639690399,,0.07161698127637617,0.2676134923287243,0.21115579104190693,0.4839810213682222,0.48384897780429614,0.765762370954526,0.6297019422054291
9,I.16.6,kan_bspline,"[2, 2, 1]",60,500,400,0.1022665798664093,0.10763813555240631,,0.030313044978110867,0.17410641854369088,0.12901805247506126,0.314872772446138,0.31478686634399466,0.9008551371717244,0.5008713752031326
9,I.16.6,kan_bspline,"[2, 2, 1]",60,500,500,0.042505208402872086,0.044848695397377014,,0.012630286154286638,0.1123845458872644,0.08349938860209659,0.20324829974457867,0.20319284792172765,0.9586901286507886,0.4091579467058182
9,I.16.6,kan_bspline,"[2, 2, 1]",60,500,600,0.019109494984149933,0.020404327660799026,,0.0057462652007881235,0.07580412390357218,0.05615905023412779,0.1370923304035379,0.13705492778009984,0.9812056929444593,0.33945730328559875
9,I.16.6,kan_bspline,"[2, 2, 1]",60,500,700,0.010808219201862812,0.011564331129193306,,0.003256746449554443,0.057067910856754195,0.04053593235695735,0.10320774764926896,0.1031795896880624,0.9893481608251263,0.29860685020685196
9,I.16.6,kan_bspline,"[2, 2, 1]",60,500,800,0.007600458338856697,0.008088350296020508,,0.0022778406499484698,0.04772672888380755,0.032317722551058976,0.08631414952492698,0.08629060060995444,0.9925498675917617,0.2730163186788559
9,I.16.6,kan_bspline,"[2, 2, 1]",60,500,900,0.006040157284587622,0.006389370653778315,,0.001799373996681652,0.04241902870978604,0.028542035387828946,0.07671513368687727,0.07669420365199606,0.9941147882633833,0.25319982320070267
9,I.16.6,kan_bspline,"[2, 2, 1]",60,500,1000,0.005022809840738773,0.005298410076647997,,0.0014921377480821055,0.03862819887183592,0.02611663628788665,0.06985938930403957,0.06984032970804276,0.995119665726049,0.2349211573600769
9,I.16.6,kan_bspline,"[2, 2, 1]",60,1000,100,0.6659754514694214,0.7074375152587891,,0.2060261196366728,0.45390100202210704,0.3962185963366646,0.8208833891262648,0.8206594291702286,0.3261504614541423,0.8967173248529434
9,I.16.6,kan_bspline,"[2, 2, 1]",60,1000,200,0.4324674904346466,0.46000197529792786,,0.13396578197505007,0.36601336310994176,0.31261418280308134,0.6619379305987029,0.6617573354108852,0.5618381760331235,0.7838988751173019
9,I.16.6,kan_bspline,"[2, 2, 1]",60,1000,300,0.22232550382614136,0.23309418559074402,,0.06788371783032605,0.26054503992654715,0.20764266658294947,0.47119767183180883,0.4710691159233013,0.7779727540594806,0.6144775748252869
9,I.16.6,kan_bspline,"[2, 2, 1]",60,1000,400,0.10424093902111053,0.10704609751701355,,0.031174895473430164,0.17656413982864744,0.13669542836165055,0.3193175799458681,0.3192304611758778,0.8980362831371457,0.4740366041660309
9,I.16.6,kan_bspline,"[2, 2, 1]",60,1000,500,0.04189334809780121,0.043350037187337875,,0.012624774358710763,0.11236002117617619,0.08480331027507781,0.20320394661941316,0.2031485068973356,0.9587081560781454,0.3667227327823639
9,I.16.6,kan_bspline,"[2, 2, 1]",60,1000,600,0.016638396307826042,0.017419738695025444,,0.005073128041733052,0.07122589446074407,0.053008455006871374,0.12881256789038234,0.12877742421781715,0.9834073223534257,0.3001749888062477
9,I.16.6,kan_bspline,"[2, 2, 1]",60,1000,700,0.008961441926658154,0.009342008270323277,,0.0027206612215932772,0.052159958029059775,0.03813783093215898,0.09433167790515898,0.09430594158412202,0.9911015345435652,0.26517730951309204
9,I.16.6,kan_bspline,"[2, 2, 1]",60,1000,800,0.006065191235393286,0.006227575242519379,,0.0018136487710295906,0.04258695540925168,0.02993807261204347,0.07701883039071364,0.0769978174988745,0.994068099765225,0.2422427348792553
9,I.16.6,kan_bspline,"[2, 2, 1]",60,1000,900,0.0046465531922876835,0.004702276550233364,,0.001369437957285029,0.03700591786843057,0.025952742586610837,0.06692548186109966,0.06690722271714102,0.9955209798776434,0.22282744944095612
9,I.16.6,kan_bspline,"[2, 2, 1]",60,1000,1000,0.0036779027432203293,0.003695511491969228,,0.0010762390597737629,0.03280608266425242,0.023108445450663567,0.059330048185432985,0.05931386128829358,0.9964799453823014,0.20517063466832042
####### PARAMETERS #######
{
  "experiment": {
    "data_random_seed": 42,
    "feynman_functions": [
      "I.16.6"
    ],
    "random_seeds": [
      0,
      1,
      2,
      3,
      4,
      5,
      6,
      7,
      8,
      9
    ],
    "test_sample_size": 1000,
    "train_sample_sizes": [
      10,
      20,
      30,
      40,
      50,
      100,
      200,
      500,
      1000
    ]
  },
  "io": {
    "latest_results_pointer_path": "C:\\Users\\kriehl\\Documents\\GitHub\\neurips26_kan_training\\src\\experiment_1_feynman\\latest_result_path.txt",
    "resolved_results_csv_path": "C:\\Users\\kriehl\\Documents\\GitHub\\neurips26_kan_training\\src\\experiment_1_feynman\\20260625_1947_result.csv",
    "results_dir": "C:\\Users\\kriehl\\Documents\\GitHub\\neurips26_kan_training\\src\\experiment_1_feynman",
    "results_filename": "20260625_1947_result.csv",
    "resume_csv_path": null,
    "resume_latest_result": true
  },
  "model": {
    "hidden_dims": [
      2
    ],
    "kan_base_activation": "silu",
    "kan_grid_range": [
      -2.0,
      2.0
    ],
    "kan_grid_size": 5,
    "kan_spline_order": 3,
    "model_types": [
      "kan_bspline"
    ]
  },
  "technical": {
    "device": "cpu",
    "n_threads": 5,
    "run_experiments_now": true,
    "torch_num_threads_per_worker": 1
  },
  "training": {
    "batch_size": 64,
    "learning_rate": 0.001,
    "loss_function": "mse",
    "shuffle_training_data": false,
    "store_every_train_steps": 100,
    "train_steps": 1500,
    "weight_decay": 0.0
  }
}
