feynman_function,train_sample_size,random_seed,kan_model_type,kan_setup_id,kan_metric,mlp_model_type,mlp_setup_id,mlp_metric,kan_minus_mlp,winner_family
I.12.11,10,0,kan_bspline,kan_bspline_h2x2_p100,0.96509,mlp_relu,mlp_relu_for_kan_bspline_h2_p60_h15_p61,0.557469,0.407621,mlp
I.12.11,10,1,kan_gaussrbf,kan_gaussrbf_h4_p113,0.905922,mlp_relu,mlp_relu_for_kan_bspline_h2_p60_h15_p61,0.863469,0.042453,mlp
I.12.11,10,2,kan_gaussrbf,kan_gaussrbf_h4_p113,1.162469,mlp_relu,mlp_relu_for_kan_bspline_h2_p60_h15_p61,0.653,0.509468,mlp
I.12.11,10,3,kan_gaussrbf,kan_gaussrbf_h4_p113,0.832656,mlp_relu,mlp_relu_for_kan_bspline_h2_p60_h15_p61,0.614609,0.218047,mlp
I.12.11,10,4,kan_gaussrbf,kan_gaussrbf_h4_p113,0.922783,mlp_sigmoid,mlp_sigmoid_for_kan_gaussrbf_h5_p141_h35_p141,0.868332,0.054451,mlp
I.12.11,20,0,kan_bspline,kan_bspline_h5_p150,0.30745,mlp_relu,mlp_relu_for_kan_gaussrbf_h2x2_p95_h7x7_p85,0.489571,-0.182121,kan
I.12.11,20,1,kan_gaussrbf,kan_gaussrbf_h5_p141,0.35536,mlp_sigmoid,mlp_sigmoid_for_kan_bspline_h4_p120_h30_p121,0.621856,-0.266496,kan
I.12.11,20,2,kan_bspline,kan_bspline_h5_p150,0.339399,mlp_relu,mlp_relu_for_kan_gaussrbf_h2x2_p95_h7x7_p85,0.447311,-0.107912,kan
I.12.11,20,3,kan_bspline,kan_bspline_h5_p150,0.431001,mlp_sigmoid,mlp_sigmoid_for_kan_bspline_h4_p120_h30_p121,0.531731,-0.10073,kan
I.12.11,20,4,kan_gaussrbf,kan_gaussrbf_h5_p141,0.463177,mlp_relu,mlp_relu_for_kan_gaussrbf_h2x2_p95_h7x7_p85,0.448865,0.014312,mlp
I.12.11,30,0,kan_gaussrbf,kan_gaussrbf_h5_p141,0.17628,mlp_sigmoid,mlp_sigmoid_for_kan_bspline_h4_p120_h30_p121,0.336024,-0.159743,kan
I.12.11,30,1,kan_bspline,kan_bspline_h3_p90,0.183029,mlp_relu,mlp_relu_for_kan_bspline_h3x3_p180_h11x11_p177,0.286516,-0.103487,kan
I.12.11,30,2,kan_bspline,kan_bspline_h3_p90,0.226854,mlp_relu,mlp_relu_for_kan_bspline_h3x3_p180_h11x11_p177,0.332407,-0.105553,kan
I.12.11,30,3,kan_bspline,kan_bspline_h3_p90,0.171335,mlp_sigmoid,mlp_sigmoid_for_kan_bspline_h4_p120_h30_p121,0.292464,-0.12113,kan
I.12.11,30,4,kan_gaussrbf,kan_gaussrbf_h5_p141,0.210901,mlp_sigmoid,mlp_sigmoid_for_kan_bspline_h4_p120_h30_p121,0.342842,-0.131941,kan
I.12.11,40,0,kan_bspline,kan_bspline_h3x3_p180,0.141326,mlp_relu,mlp_relu_for_kan_gaussrbf_h3x3_p169_h11x11_p177,0.289916,-0.14859,kan
I.12.11,40,1,kan_bspline,kan_bspline_h3x3_p180,0.146285,mlp_relu,mlp_relu_for_kan_gaussrbf_h3x3_p169_h11x11_p177,0.224316,-0.078031,kan
I.12.11,40,2,kan_gaussrbf,kan_gaussrbf_h5_p141,0.167151,mlp_relu,mlp_relu_for_kan_gaussrbf_h3x3_p169_h11x11_p177,0.269882,-0.102731,kan
I.12.11,40,3,kan_gaussrbf,kan_gaussrbf_h5_p141,0.239635,mlp_relu,mlp_relu_for_kan_gaussrbf_h3x3_p169_h11x11_p177,0.194893,0.044742,mlp
I.12.11,40,4,kan_gaussrbf,kan_gaussrbf_h5_p141,0.170633,mlp_relu,mlp_relu_for_kan_gaussrbf_h3x3_p169_h11x11_p177,0.243863,-0.07323,kan
I.12.11,50,0,kan_bspline,kan_bspline_h4_p120,0.151326,mlp_relu,mlp_relu_for_kan_gaussrbf_h3x3_p169_h11x11_p177,0.292321,-0.140994,kan
I.12.11,50,1,kan_bspline,kan_bspline_h4_p120,0.178684,mlp_relu,mlp_relu_for_kan_gaussrbf_h3x3_p169_h11x11_p177,0.220073,-0.041389,kan
I.12.11,50,2,kan_bspline,kan_bspline_h4_p120,0.122975,mlp_relu,mlp_relu_for_kan_gaussrbf_h3x3_p169_h11x11_p177,0.236824,-0.11385,kan
I.12.11,50,3,kan_bspline,kan_bspline_h4_p120,0.124866,mlp_relu,mlp_relu_for_kan_gaussrbf_h3x3_p169_h11x11_p177,0.206735,-0.081868,kan
I.12.11,50,4,kan_gaussrbf,kan_gaussrbf_h5_p141,0.150789,mlp_relu,mlp_relu_for_kan_gaussrbf_h3x3_p169_h11x11_p177,0.241928,-0.091138,kan
I.12.11,100,0,kan_gaussrbf,kan_gaussrbf_h3x3_p169,0.122682,mlp_relu,mlp_relu_for_kan_bspline_h3x3_p180_h11x11_p177,0.244308,-0.121625,kan
I.12.11,100,1,kan_bspline,kan_bspline_h5_p150,0.127078,mlp_relu,mlp_relu_for_kan_bspline_h3x3_p180_h11x11_p177,0.322192,-0.195114,kan
I.12.11,100,2,kan_gaussrbf,kan_gaussrbf_h3x3_p169,0.104038,mlp_relu,mlp_relu_for_kan_bspline_h3x3_p180_h11x11_p177,0.365847,-0.26181,kan
I.12.11,100,3,kan_gaussrbf,kan_gaussrbf_h3x3_p169,0.136406,mlp_relu,mlp_relu_for_kan_bspline_h3x3_p180_h11x11_p177,0.173142,-0.036736,kan
I.12.11,100,4,kan_gaussrbf,kan_gaussrbf_h3x3_p169,0.097104,mlp_relu,mlp_relu_for_kan_bspline_h3x3_p180_h11x11_p177,0.331724,-0.23462,kan
I.12.11,200,0,kan_gaussrbf,kan_gaussrbf_h3x3_p169,0.091685,mlp_relu,mlp_relu_for_kan_bspline_h3x3_p180_h11x11_p177,0.235775,-0.14409,kan
I.12.11,200,1,kan_gaussrbf,kan_gaussrbf_h3x3_p169,0.072775,mlp_relu,mlp_relu_for_kan_bspline_h3x3_p180_h11x11_p177,0.186674,-0.113898,kan
I.12.11,200,2,kan_gaussrbf,kan_gaussrbf_h3x3_p169,0.105225,mlp_relu,mlp_relu_for_kan_bspline_h3x3_p180_h11x11_p177,0.27035,-0.165125,kan
I.12.11,200,3,kan_gaussrbf,kan_gaussrbf_h3x3_p169,0.063841,mlp_relu,mlp_relu_for_kan_bspline_h3x3_p180_h11x11_p177,0.157703,-0.093862,kan
I.12.11,200,4,kan_gaussrbf,kan_gaussrbf_h3x3_p169,0.064618,mlp_relu,mlp_relu_for_kan_bspline_h3x3_p180_h11x11_p177,0.251508,-0.18689,kan
I.12.11,500,0,kan_gaussrbf,kan_gaussrbf_h3x3_p169,0.040146,mlp_relu,mlp_relu_for_kan_bspline_h3x3_p180_h11x11_p177,0.226163,-0.186017,kan
I.12.11,500,1,kan_gaussrbf,kan_gaussrbf_h3x3_p169,0.034455,mlp_relu,mlp_relu_for_kan_bspline_h3x3_p180_h11x11_p177,0.175619,-0.141164,kan
I.12.11,500,2,kan_gaussrbf,kan_gaussrbf_h3x3_p169,0.030108,mlp_relu,mlp_relu_for_kan_bspline_h3x3_p180_h11x11_p177,0.29757,-0.267461,kan
I.12.11,500,3,kan_gaussrbf,kan_gaussrbf_h3x3_p169,0.026925,mlp_relu,mlp_relu_for_kan_bspline_h3x3_p180_h11x11_p177,0.152102,-0.125177,kan
I.12.11,500,4,kan_gaussrbf,kan_gaussrbf_h3x3_p169,0.039475,mlp_relu,mlp_relu_for_kan_bspline_h3x3_p180_h11x11_p177,0.234525,-0.19505,kan
I.12.11,1000,0,kan_gaussrbf,kan_gaussrbf_h3x3_p169,0.034856,mlp_relu,mlp_relu_for_kan_bspline_h3x3_p180_h11x11_p177,0.206986,-0.17213,kan
I.12.11,1000,1,kan_gaussrbf,kan_gaussrbf_h3x3_p169,0.029583,mlp_relu,mlp_relu_for_kan_bspline_h3x3_p180_h11x11_p177,0.168253,-0.13867,kan
I.12.11,1000,2,kan_bspline,kan_bspline_h3x3_p180,0.042021,mlp_relu,mlp_relu_for_kan_bspline_h3x3_p180_h11x11_p177,0.257339,-0.215318,kan
I.12.11,1000,3,kan_gaussrbf,kan_gaussrbf_h3x3_p169,0.02346,mlp_relu,mlp_relu_for_kan_bspline_h3x3_p180_h11x11_p177,0.154913,-0.131453,kan
I.12.11,1000,4,kan_gaussrbf,kan_gaussrbf_h3x3_p169,0.036795,mlp_relu,mlp_relu_for_kan_bspline_h3x3_p180_h11x11_p177,0.225273,-0.188477,kan
I.13.12,10,0,kan_gaussrbf,kan_gaussrbf_h2_p57,0.500762,mlp_relu,mlp_relu_for_kan_gaussrbf_h2x2_p95_h7x7_p85,0.315524,0.185238,mlp
I.13.12,10,1,kan_bspline,kan_bspline_h3x3_p180,0.565479,mlp_sigmoid,mlp_sigmoid_for_kan_gaussrbf_h3x3_p169_h11x11_p177,0.378918,0.186561,mlp
I.13.12,10,2,kan_gaussrbf,kan_gaussrbf_h2_p57,0.496294,mlp_relu,mlp_relu_for_kan_gaussrbf_h2x2_p95_h7x7_p85,0.310941,0.185354,mlp
I.13.12,10,3,kan_bspline,kan_bspline_h3x3_p180,0.511057,mlp_relu,mlp_relu_for_kan_gaussrbf_h2x2_p95_h7x7_p85,0.328372,0.182685,mlp
I.13.12,10,4,kan_bspline,kan_bspline_h3x3_p180,0.517535,mlp_sigmoid,mlp_sigmoid_for_kan_gaussrbf_h3x3_p169_h11x11_p177,0.437919,0.079616,mlp
I.13.12,20,0,kan_gaussrbf,kan_gaussrbf_h2_p57,0.502066,mlp_relu,mlp_relu_for_kan_gaussrbf_h3x3_p169_h11x11_p177,0.265351,0.236715,mlp
I.13.12,20,1,kan_bspline,kan_bspline_h5_p150,0.484165,mlp_relu,mlp_relu_for_kan_gaussrbf_h3x3_p169_h11x11_p177,0.261096,0.223069,mlp
I.13.12,20,2,kan_bspline,kan_bspline_h5_p150,0.441044,mlp_relu,mlp_relu_for_kan_gaussrbf_h3x3_p169_h11x11_p177,0.376929,0.064115,mlp
I.13.12,20,3,kan_gaussrbf,kan_gaussrbf_h2_p57,0.468929,mlp_relu,mlp_relu_for_kan_gaussrbf_h3x3_p169_h11x11_p177,0.322415,0.146514,mlp
I.13.12,20,4,kan_bspline,kan_bspline_h5_p150,0.549816,mlp_sigmoid,mlp_sigmoid_for_kan_bspline_h3x3_p180_h11x11_p177,0.412302,0.137514,mlp
I.13.12,30,0,kan_bspline,kan_bspline_h5_p150,0.276391,mlp_sigmoid,mlp_sigmoid_for_kan_bspline_h3x3_p180_h11x11_p177,0.341639,-0.065248,kan
I.13.12,30,1,kan_bspline,kan_bspline_h5_p150,0.313685,mlp_relu,mlp_relu_for_kan_bspline_h3x3_p180_h11x11_p177,0.297354,0.01633,mlp
I.13.12,30,2,kan_bspline,kan_bspline_h5_p150,0.291653,mlp_relu,mlp_relu_for_kan_bspline_h3x3_p180_h11x11_p177,0.324127,-0.032474,kan
I.13.12,30,3,kan_bspline,kan_bspline_h5_p150,0.314988,mlp_relu,mlp_relu_for_kan_bspline_h3x3_p180_h11x11_p177,0.281808,0.03318,mlp
I.13.12,30,4,kan_bspline,kan_bspline_h5_p150,0.296301,mlp_relu,mlp_relu_for_kan_bspline_h3x3_p180_h11x11_p177,0.300641,-0.00434,kan
I.13.12,40,0,kan_bspline,kan_bspline_h3x3_p180,0.267077,mlp_relu,mlp_relu_for_kan_bspline_h3x3_p180_h11x11_p177,0.314603,-0.047526,kan
I.13.12,40,1,kan_bspline,kan_bspline_h3x3_p180,0.295014,mlp_relu,mlp_relu_for_kan_bspline_h3x3_p180_h11x11_p177,0.277336,0.017678,mlp
I.13.12,40,2,kan_bspline,kan_bspline_h3x3_p180,0.298491,mlp_relu,mlp_relu_for_kan_bspline_h3x3_p180_h11x11_p177,0.309925,-0.011433,kan
I.13.12,40,3,kan_bspline,kan_bspline_h3x3_p180,0.284359,mlp_relu,mlp_relu_for_kan_bspline_h3x3_p180_h11x11_p177,0.295428,-0.01107,kan
I.13.12,40,4,kan_bspline,kan_bspline_h3x3_p180,0.279657,mlp_relu,mlp_relu_for_kan_bspline_h3x3_p180_h11x11_p177,0.320339,-0.040682,kan
I.13.12,50,0,kan_bspline,kan_bspline_h2x2_p100,0.273879,mlp_relu,mlp_relu_for_kan_gaussrbf_h3x3_p169_h11x11_p177,0.325865,-0.051985,kan
I.13.12,50,1,kan_bspline,kan_bspline_h2x2_p100,0.27725,mlp_relu,mlp_relu_for_kan_gaussrbf_h3x3_p169_h11x11_p177,0.272861,0.004389,mlp
I.13.12,50,2,kan_gaussrbf,kan_gaussrbf_h3x3_p169,0.381245,mlp_relu,mlp_relu_for_kan_gaussrbf_h3x3_p169_h11x11_p177,0.291744,0.089502,mlp
I.13.12,50,3,kan_bspline,kan_bspline_h2x2_p100,0.332913,mlp_relu,mlp_relu_for_kan_gaussrbf_h3x3_p169_h11x11_p177,0.289852,0.043061,mlp
I.13.12,50,4,kan_bspline,kan_bspline_h2x2_p100,0.27573,mlp_relu,mlp_relu_for_kan_gaussrbf_h3x3_p169_h11x11_p177,0.311592,-0.035862,kan
I.13.12,100,0,kan_bspline,kan_bspline_h3x3_p180,0.170567,mlp_relu,mlp_relu_for_kan_bspline_h2x2_p100_h8x8_p105,0.232857,-0.062291,kan
I.13.12,100,1,kan_bspline,kan_bspline_h3x3_p180,0.1689,mlp_relu,mlp_relu_for_kan_bspline_h2x2_p100_h8x8_p105,0.220663,-0.051763,kan
I.13.12,100,2,kan_bspline,kan_bspline_h3x3_p180,0.167032,mlp_relu,mlp_relu_for_kan_bspline_h2x2_p100_h8x8_p105,0.250319,-0.083286,kan
I.13.12,100,3,kan_bspline,kan_bspline_h3x3_p180,0.185977,mlp_relu,mlp_relu_for_kan_bspline_h2x2_p100_h8x8_p105,0.306083,-0.120106,kan
I.13.12,100,4,kan_bspline,kan_bspline_h3x3_p180,0.16668,mlp_relu,mlp_relu_for_kan_bspline_h2x2_p100_h8x8_p105,0.225093,-0.058413,kan
I.13.12,200,0,kan_bspline,kan_bspline_h3x3_p180,0.199345,mlp_relu,mlp_relu_for_kan_gaussrbf_h3x3_p169_h11x11_p177,0.26205,-0.062705,kan
I.13.12,200,1,kan_gaussrbf,kan_gaussrbf_h3x3_p169,0.255287,mlp_relu,mlp_relu_for_kan_gaussrbf_h3x3_p169_h11x11_p177,0.266006,-0.010719,kan
I.13.12,200,2,kan_bspline,kan_bspline_h3x3_p180,0.200638,mlp_relu,mlp_relu_for_kan_gaussrbf_h3x3_p169_h11x11_p177,0.295837,-0.0952,kan
I.13.12,200,3,kan_bspline,kan_bspline_h3x3_p180,0.19778,mlp_relu,mlp_relu_for_kan_gaussrbf_h3x3_p169_h11x11_p177,0.257405,-0.059624,kan
I.13.12,200,4,kan_gaussrbf,kan_gaussrbf_h3x3_p169,0.205108,mlp_relu,mlp_relu_for_kan_gaussrbf_h3x3_p169_h11x11_p177,0.288466,-0.083358,kan
I.13.12,500,0,kan_bspline,kan_bspline_h3x3_p180,0.103088,mlp_relu,mlp_relu_for_kan_bspline_h3x3_p180_h11x11_p177,0.165975,-0.062887,kan
I.13.12,500,1,kan_bspline,kan_bspline_h3x3_p180,0.083232,mlp_relu,mlp_relu_for_kan_bspline_h3x3_p180_h11x11_p177,0.158277,-0.075045,kan
I.13.12,500,2,kan_bspline,kan_bspline_h3x3_p180,0.074214,mlp_relu,mlp_relu_for_kan_bspline_h3x3_p180_h11x11_p177,0.196961,-0.122748,kan
I.13.12,500,3,kan_bspline,kan_bspline_h3x3_p180,0.083878,mlp_relu,mlp_relu_for_kan_bspline_h3x3_p180_h11x11_p177,0.163179,-0.079302,kan
I.13.12,500,4,kan_gaussrbf,kan_gaussrbf_h3x3_p169,0.078917,mlp_relu,mlp_relu_for_kan_bspline_h3x3_p180_h11x11_p177,0.186524,-0.107606,kan
I.13.12,1000,0,kan_bspline,kan_bspline_h3x3_p180,0.131434,mlp_relu,mlp_relu_for_kan_bspline_h3x3_p180_h11x11_p177,0.181934,-0.0505,kan
I.13.12,1000,1,kan_bspline,kan_bspline_h3x3_p180,0.109843,mlp_relu,mlp_relu_for_kan_bspline_h3x3_p180_h11x11_p177,0.234541,-0.124698,kan
I.13.12,1000,2,kan_gaussrbf,kan_gaussrbf_h3x3_p169,0.099025,mlp_relu,mlp_relu_for_kan_bspline_h3x3_p180_h11x11_p177,0.205541,-0.106517,kan
I.13.12,1000,3,kan_gaussrbf,kan_gaussrbf_h3x3_p169,0.089087,mlp_relu,mlp_relu_for_kan_bspline_h3x3_p180_h11x11_p177,0.184191,-0.095104,kan
I.13.12,1000,4,kan_bspline,kan_bspline_h3x3_p180,0.080726,mlp_relu,mlp_relu_for_kan_bspline_h3x3_p180_h11x11_p177,0.20914,-0.128414,kan
I.15.3x,10,0,kan_bspline,kan_bspline_h5_p150,0.734646,mlp_relu,mlp_relu_for_kan_bspline_h2_p60_h15_p61,0.677282,0.057364,mlp
I.15.3x,10,1,kan_bspline,kan_bspline_h5_p150,0.727996,mlp_relu,mlp_relu_for_kan_bspline_h2_p60_h15_p61,0.686573,0.041424,mlp
I.15.3x,10,2,kan_bspline,kan_bspline_h5_p150,0.722491,mlp_relu,mlp_relu_for_kan_bspline_h2_p60_h15_p61,0.671938,0.050552,mlp
I.15.3x,10,3,kan_bspline,kan_bspline_h5_p150,0.743914,mlp_relu,mlp_relu_for_kan_bspline_h2_p60_h15_p61,0.680042,0.063872,mlp
I.15.3x,10,4,kan_bspline,kan_bspline_h5_p150,0.755716,mlp_relu,mlp_relu_for_kan_bspline_h2_p60_h15_p61,0.731314,0.024402,mlp
I.15.3x,20,0,kan_bspline,kan_bspline_h4_p120,0.510079,mlp_relu,mlp_relu_for_kan_bspline_h5_p150_h37_p149,0.579665,-0.069587,kan
I.15.3x,20,1,kan_bspline,kan_bspline_h4_p120,0.491344,mlp_relu,mlp_relu_for_kan_bspline_h5_p150_h37_p149,0.590704,-0.09936,kan
I.15.3x,20,2,kan_bspline,kan_bspline_h4_p120,0.546963,mlp_relu,mlp_relu_for_kan_bspline_h5_p150_h37_p149,0.609749,-0.062786,kan
I.15.3x,20,3,kan_bspline,kan_bspline_h4_p120,0.597268,mlp_relu,mlp_relu_for_kan_bspline_h5_p150_h37_p149,0.574864,0.022404,mlp
I.15.3x,20,4,kan_bspline,kan_bspline_h4_p120,0.598022,mlp_relu,mlp_relu_for_kan_bspline_h5_p150_h37_p149,0.590384,0.007637,mlp
I.15.3x,30,0,kan_bspline,kan_bspline_h3x3_p180,0.415008,mlp_relu,mlp_relu_for_kan_bspline_h3x3_p180_h11x11_p177,0.552497,-0.137489,kan
I.15.3x,30,1,kan_bspline,kan_bspline_h3x3_p180,0.429567,mlp_relu,mlp_relu_for_kan_bspline_h3x3_p180_h11x11_p177,0.596107,-0.16654,kan
I.15.3x,30,2,kan_bspline,kan_bspline_h3x3_p180,0.42527,mlp_relu,mlp_relu_for_kan_bspline_h3x3_p180_h11x11_p177,0.569108,-0.143838,kan
I.15.3x,30,3,kan_bspline,kan_bspline_h3x3_p180,0.476044,mlp_relu,mlp_relu_for_kan_bspline_h3x3_p180_h11x11_p177,0.56454,-0.088496,kan
I.15.3x,30,4,kan_bspline,kan_bspline_h3x3_p180,0.501028,mlp_relu,mlp_relu_for_kan_bspline_h3x3_p180_h11x11_p177,0.56095,-0.059922,kan
I.15.3x,40,0,kan_bspline,kan_bspline_h1_p30,0.413074,mlp_relu,mlp_relu_for_kan_bspline_h3x3_p180_h11x11_p177,0.493781,-0.080707,kan
I.15.3x,40,1,kan_bspline,kan_bspline_h1_p30,0.394944,mlp_relu,mlp_relu_for_kan_bspline_h3x3_p180_h11x11_p177,0.467189,-0.072244,kan
I.15.3x,40,2,kan_bspline,kan_bspline_h1_p30,0.452809,mlp_relu,mlp_relu_for_kan_bspline_h3x3_p180_h11x11_p177,0.571412,-0.118604,kan
I.15.3x,40,3,kan_bspline,kan_bspline_h1_p30,0.461899,mlp_relu,mlp_relu_for_kan_bspline_h3x3_p180_h11x11_p177,0.485913,-0.024014,kan
I.15.3x,40,4,kan_bspline,kan_bspline_h1_p30,0.416223,mlp_relu,mlp_relu_for_kan_bspline_h3x3_p180_h11x11_p177,0.492836,-0.076613,kan
I.15.3x,50,0,kan_bspline,kan_bspline_h1x1_p40,0.207015,mlp_relu,mlp_relu_for_kan_bspline_h3x3_p180_h11x11_p177,0.320868,-0.113853,kan
I.15.3x,50,1,kan_bspline,kan_bspline_h1x1_p40,0.182636,mlp_relu,mlp_relu_for_kan_bspline_h3x3_p180_h11x11_p177,0.248009,-0.065373,kan
I.15.3x,50,2,kan_bspline,kan_bspline_h1x1_p40,0.15354,mlp_relu,mlp_relu_for_kan_bspline_h3x3_p180_h11x11_p177,0.309541,-0.156001,kan
I.15.3x,50,3,kan_bspline,kan_bspline_h1x1_p40,0.224331,mlp_sigmoid,mlp_sigmoid_for_kan_bspline_h3x3_p180_h11x11_p177,0.480931,-0.2566,kan
I.15.3x,50,4,kan_bspline,kan_bspline_h1x1_p40,0.18361,mlp_sigmoid,mlp_sigmoid_for_kan_bspline_h3x3_p180_h11x11_p177,0.499817,-0.316207,kan
I.15.3x,100,0,kan_gaussrbf,kan_gaussrbf_h3x3_p169,0.126121,mlp_relu,mlp_relu_for_kan_bspline_h3x3_p180_h11x11_p177,0.281438,-0.155317,kan
I.15.3x,100,1,kan_bspline,kan_bspline_h3x3_p180,0.09267,mlp_relu,mlp_relu_for_kan_bspline_h3x3_p180_h11x11_p177,0.290894,-0.198224,kan
I.15.3x,100,2,kan_bspline,kan_bspline_h3x3_p180,0.114116,mlp_relu,mlp_relu_for_kan_bspline_h3x3_p180_h11x11_p177,0.275925,-0.161808,kan
I.15.3x,100,3,kan_gaussrbf,kan_gaussrbf_h3x3_p169,0.137313,mlp_relu,mlp_relu_for_kan_bspline_h3x3_p180_h11x11_p177,0.269312,-0.131999,kan
I.15.3x,100,4,kan_gaussrbf,kan_gaussrbf_h3x3_p169,0.10579,mlp_relu,mlp_relu_for_kan_bspline_h3x3_p180_h11x11_p177,0.243157,-0.137367,kan
I.15.3x,200,0,kan_bspline,kan_bspline_h3x3_p180,0.160904,mlp_relu,mlp_relu_for_kan_bspline_h3x3_p180_h11x11_p177,0.379589,-0.218684,kan
I.15.3x,200,1,kan_bspline,kan_bspline_h3x3_p180,0.112591,mlp_relu,mlp_relu_for_kan_bspline_h3x3_p180_h11x11_p177,0.304057,-0.191467,kan
I.15.3x,200,2,kan_gaussrbf,kan_gaussrbf_h3x3_p169,0.136976,mlp_relu,mlp_relu_for_kan_bspline_h3x3_p180_h11x11_p177,0.299222,-0.162246,kan
I.15.3x,200,3,kan_gaussrbf,kan_gaussrbf_h3x3_p169,0.118945,mlp_relu,mlp_relu_for_kan_bspline_h3x3_p180_h11x11_p177,0.299538,-0.180593,kan
I.15.3x,500,0,kan_gaussrbf,kan_gaussrbf_h3x3_p169,0.055728,mlp_relu,mlp_relu_for_kan_bspline_h3x3_p180_h11x11_p177,0.29603,-0.240303,kan
I.15.3x,500,1,kan_gaussrbf,kan_gaussrbf_h3x3_p169,0.055058,mlp_relu,mlp_relu_for_kan_bspline_h3x3_p180_h11x11_p177,0.213404,-0.158345,kan
I.15.3x,500,2,kan_gaussrbf,kan_gaussrbf_h3x3_p169,0.071173,mlp_relu,mlp_relu_for_kan_bspline_h3x3_p180_h11x11_p177,0.213624,-0.142451,kan
I.15.3x,500,3,kan_gaussrbf,kan_gaussrbf_h3x3_p169,0.067737,mlp_relu,mlp_relu_for_kan_bspline_h3x3_p180_h11x11_p177,0.200117,-0.13238,kan
I.15.3x,1000,0,kan_gaussrbf,kan_gaussrbf_h3x3_p169,0.052578,mlp_relu,mlp_relu_for_kan_bspline_h3x3_p180_h11x11_p177,0.293035,-0.240457,kan
I.15.3x,1000,1,kan_gaussrbf,kan_gaussrbf_h3x3_p169,0.057523,mlp_relu,mlp_relu_for_kan_bspline_h3x3_p180_h11x11_p177,0.22652,-0.168997,kan
I.15.3x,1000,2,kan_gaussrbf,kan_gaussrbf_h3x3_p169,0.064804,mlp_relu,mlp_relu_for_kan_bspline_h3x3_p180_h11x11_p177,0.216341,-0.151537,kan
I.15.3x,1000,3,kan_gaussrbf,kan_gaussrbf_h3x3_p169,0.05758,mlp_relu,mlp_relu_for_kan_bspline_h3x3_p180_h11x11_p177,0.19737,-0.13979,kan
I.16.6,10,0,kan_bspline,kan_bspline_h3x3_p180,0.159427,mlp_sigmoid,mlp_sigmoid_for_kan_gaussrbf_h2x2_p95_h7x7_p85,0.086999,0.072429,mlp
I.16.6,10,1,kan_bspline,kan_bspline_h3x3_p180,0.166855,mlp_sigmoid,mlp_sigmoid_for_kan_gaussrbf_h2x2_p95_h7x7_p85,0.088327,0.078528,mlp
I.16.6,10,2,kan_bspline,kan_bspline_h3x3_p180,0.153056,mlp_sigmoid,mlp_sigmoid_for_kan_gaussrbf_h2x2_p95_h7x7_p85,0.085762,0.067294,mlp
I.16.6,10,3,kan_bspline,kan_bspline_h3x3_p180,0.193116,mlp_sigmoid,mlp_sigmoid_for_kan_gaussrbf_h2x2_p95_h7x7_p85,0.08881,0.104306,mlp
I.16.6,20,0,kan_bspline,kan_bspline_h2x2_p100,0.065784,mlp_relu,mlp_relu_for_kan_gaussrbf_h3x3_p169_h11x11_p177,0.085545,-0.019761,kan
I.16.6,20,1,kan_bspline,kan_bspline_h2x2_p100,0.062184,mlp_relu,mlp_relu_for_kan_gaussrbf_h3x3_p169_h11x11_p177,0.093161,-0.030977,kan
I.16.6,20,2,kan_bspline,kan_bspline_h2x2_p100,0.029068,mlp_sigmoid,mlp_sigmoid_for_kan_bspline_h2x2_p100_h8x8_p105,0.096791,-0.067723,kan
I.16.6,20,3,kan_bspline,kan_bspline_h2x2_p100,0.048746,mlp_sigmoid,mlp_sigmoid_for_kan_bspline_h2x2_p100_h8x8_p105,0.089345,-0.040599,kan
I.16.6,30,0,kan_bspline,kan_bspline_h2x2_p100,0.0652,mlp_sigmoid,mlp_sigmoid_for_kan_gaussrbf_h2x2_p95_h7x7_p85,0.091877,-0.026676,kan
I.16.6,30,1,kan_gaussrbf,kan_gaussrbf_h3x3_p169,0.061468,mlp_sigmoid,mlp_sigmoid_for_kan_gaussrbf_h2x2_p95_h7x7_p85,0.10818,-0.046712,kan
I.16.6,30,2,kan_bspline,kan_bspline_h2x2_p100,0.044138,mlp_sigmoid,mlp_sigmoid_for_kan_gaussrbf_h2x2_p95_h7x7_p85,0.095874,-0.051736,kan
I.16.6,30,3,kan_bspline,kan_bspline_h2x2_p100,0.041576,mlp_relu,mlp_relu_for_kan_gaussrbf_h2x2_p95_h7x7_p85,0.090621,-0.049045,kan
I.16.6,40,0,kan_bspline,kan_bspline_h1x1_p40,0.036664,mlp_relu,mlp_relu_for_kan_gaussrbf_h3x3_p169_h11x11_p177,0.078815,-0.04215,kan
I.16.6,40,1,kan_bspline,kan_bspline_h1x1_p40,0.031977,mlp_relu,mlp_relu_for_kan_gaussrbf_h3x3_p169_h11x11_p177,0.057567,-0.02559,kan
I.16.6,40,2,kan_bspline,kan_bspline_h1x1_p40,0.040388,mlp_sigmoid,mlp_sigmoid_for_kan_gaussrbf_h2x2_p95_h7x7_p85,0.088929,-0.048541,kan
I.16.6,40,3,kan_gaussrbf,kan_gaussrbf_h3x3_p169,0.038122,mlp_relu,mlp_relu_for_kan_gaussrbf_h3x3_p169_h11x11_p177,0.071237,-0.033115,kan
I.16.6,50,0,kan_bspline,kan_bspline_h1x1_p40,0.048614,mlp_sigmoid,mlp_sigmoid_for_kan_gaussrbf_h2x2_p95_h7x7_p85,0.086894,-0.03828,kan
I.16.6,50,1,kan_bspline,kan_bspline_h1x1_p40,0.033603,mlp_relu,mlp_relu_for_kan_gaussrbf_h3x3_p169_h11x11_p177,0.085576,-0.051974,kan
I.16.6,50,2,kan_bspline,kan_bspline_h1x1_p40,0.035004,mlp_sigmoid,mlp_sigmoid_for_kan_gaussrbf_h2x2_p95_h7x7_p85,0.091357,-0.056353,kan
I.16.6,50,3,kan_gaussrbf,kan_gaussrbf_h3x3_p169,0.034458,mlp_relu,mlp_relu_for_kan_gaussrbf_h3x3_p169_h11x11_p177,0.072059,-0.037601,kan
I.16.6,100,0,kan_gaussrbf,kan_gaussrbf_h3x3_p169,0.019625,mlp_relu,mlp_relu_for_kan_bspline_h3x3_p180_h11x11_p177,0.073665,-0.05404,kan
I.16.6,100,1,kan_gaussrbf,kan_gaussrbf_h3x3_p169,0.018317,mlp_relu,mlp_relu_for_kan_bspline_h3x3_p180_h11x11_p177,0.044003,-0.025687,kan
I.16.6,100,2,kan_gaussrbf,kan_gaussrbf_h3x3_p169,0.01996,mlp_relu,mlp_relu_for_kan_bspline_h3x3_p180_h11x11_p177,0.056069,-0.036109,kan
I.16.6,100,3,kan_gaussrbf,kan_gaussrbf_h3x3_p169,0.019329,mlp_relu,mlp_relu_for_kan_bspline_h3x3_p180_h11x11_p177,0.0452,-0.025871,kan
I.16.6,200,0,kan_gaussrbf,kan_gaussrbf_h3x3_p169,0.01819,mlp_relu,mlp_relu_for_kan_bspline_h3x3_p180_h11x11_p177,0.069019,-0.050828,kan
I.16.6,200,1,kan_gaussrbf,kan_gaussrbf_h3x3_p169,0.017375,mlp_relu,mlp_relu_for_kan_bspline_h3x3_p180_h11x11_p177,0.050243,-0.032868,kan
I.16.6,200,2,kan_gaussrbf,kan_gaussrbf_h3x3_p169,0.019341,mlp_relu,mlp_relu_for_kan_bspline_h3x3_p180_h11x11_p177,0.059263,-0.039922,kan
I.16.6,200,3,kan_gaussrbf,kan_gaussrbf_h3x3_p169,0.021718,mlp_relu,mlp_relu_for_kan_bspline_h3x3_p180_h11x11_p177,0.051377,-0.029659,kan
I.16.6,500,0,kan_gaussrbf,kan_gaussrbf_h3x3_p169,0.015182,mlp_relu,mlp_relu_for_kan_bspline_h3x3_p180_h11x11_p177,0.064873,-0.049692,kan
I.16.6,500,1,kan_gaussrbf,kan_gaussrbf_h3x3_p169,0.013449,mlp_relu,mlp_relu_for_kan_bspline_h3x3_p180_h11x11_p177,0.04378,-0.030331,kan
I.16.6,500,2,kan_gaussrbf,kan_gaussrbf_h3x3_p169,0.014175,mlp_relu,mlp_relu_for_kan_bspline_h3x3_p180_h11x11_p177,0.042905,-0.02873,kan
I.16.6,500,3,kan_gaussrbf,kan_gaussrbf_h3x3_p169,0.014096,mlp_relu,mlp_relu_for_kan_bspline_h3x3_p180_h11x11_p177,0.043393,-0.029298,kan
I.16.6,1000,0,kan_gaussrbf,kan_gaussrbf_h3x3_p169,0.015845,mlp_relu,mlp_relu_for_kan_bspline_h3x3_p180_h11x11_p177,0.063842,-0.047998,kan
I.16.6,1000,1,kan_gaussrbf,kan_gaussrbf_h3x3_p169,0.013012,mlp_relu,mlp_relu_for_kan_bspline_h3x3_p180_h11x11_p177,0.041115,-0.028103,kan
I.16.6,1000,2,kan_gaussrbf,kan_gaussrbf_h3x3_p169,0.014058,mlp_relu,mlp_relu_for_kan_bspline_h3x3_p180_h11x11_p177,0.04329,-0.029232,kan
I.16.6,1000,3,kan_gaussrbf,kan_gaussrbf_h3x3_p169,0.016416,mlp_relu,mlp_relu_for_kan_bspline_h3x3_p180_h11x11_p177,0.04307,-0.026654,kan
I.18.4,10,0,kan_bspline,kan_bspline_h2_p60,0.338743,mlp_relu,mlp_relu_for_kan_bspline_h2_p60_h15_p61,0.169207,0.169536,mlp
I.18.4,10,1,kan_bspline,kan_bspline_h2_p60,0.343595,mlp_relu,mlp_relu_for_kan_bspline_h2_p60_h15_p61,0.141657,0.201938,mlp
I.18.4,10,2,kan_bspline,kan_bspline_h2_p60,0.342407,mlp_relu,mlp_relu_for_kan_bspline_h2_p60_h15_p61,0.142972,0.199436,mlp
I.18.4,10,3,kan_gaussrbf,kan_gaussrbf_h3_p85,0.317115,mlp_sigmoid,mlp_sigmoid_for_kan_bspline_h5_p150_h37_p149,0.180696,0.136419,mlp
I.18.4,20,0,kan_bspline,kan_bspline_h3x3_p180,0.134419,mlp_sigmoid,mlp_sigmoid_for_kan_bspline_h5_p150_h37_p149,0.096394,0.038025,mlp
I.18.4,20,1,kan_bspline,kan_bspline_h3x3_p180,0.135781,mlp_relu,mlp_relu_for_kan_gaussrbf_h5_p141_h35_p141,0.098541,0.03724,mlp
I.18.4,20,2,kan_bspline,kan_bspline_h3x3_p180,0.11168,mlp_sigmoid,mlp_sigmoid_for_kan_bspline_h5_p150_h37_p149,0.091509,0.020171,mlp
I.18.4,20,3,kan_bspline,kan_bspline_h3x3_p180,0.111916,mlp_sigmoid,mlp_sigmoid_for_kan_bspline_h5_p150_h37_p149,0.093661,0.018255,mlp
I.18.4,30,0,kan_bspline,kan_bspline_h3_p90,0.09179,mlp_relu,mlp_relu_for_kan_bspline_h5_p150_h37_p149,0.09512,-0.00333,kan
I.18.4,30,1,kan_bspline,kan_bspline_h3_p90,0.118383,mlp_relu,mlp_relu_for_kan_bspline_h5_p150_h37_p149,0.1004,0.017984,mlp
I.18.4,30,2,kan_bspline,kan_bspline_h3_p90,0.074217,mlp_sigmoid,mlp_sigmoid_for_kan_bspline_h5_p150_h37_p149,0.097535,-0.023318,kan
I.18.4,30,3,kan_bspline,kan_bspline_h3_p90,0.105693,mlp_relu,mlp_relu_for_kan_bspline_h5_p150_h37_p149,0.091789,0.013904,mlp
I.18.4,40,0,kan_gaussrbf,kan_gaussrbf_h5_p141,0.106283,mlp_relu,mlp_relu_for_kan_gaussrbf_h5_p141_h35_p141,0.092771,0.013512,mlp
I.18.4,40,1,kan_bspline,kan_bspline_h3_p90,0.088571,mlp_relu,mlp_relu_for_kan_gaussrbf_h5_p141_h35_p141,0.092689,-0.004118,kan
I.18.4,40,2,kan_bspline,kan_bspline_h3_p90,0.069009,mlp_relu,mlp_relu_for_kan_gaussrbf_h5_p141_h35_p141,0.091403,-0.022393,kan
I.18.4,40,3,kan_bspline,kan_bspline_h3_p90,0.083772,mlp_sigmoid,mlp_sigmoid_for_kan_bspline_h5_p150_h37_p149,0.096575,-0.012804,kan
I.18.4,50,0,kan_bspline,kan_bspline_h5_p150,0.081081,mlp_relu,mlp_relu_for_kan_bspline_h3x3_p180_h11x11_p177,0.081281,-0.000201,kan
I.18.4,50,1,kan_bspline,kan_bspline_h5_p150,0.087835,mlp_relu,mlp_relu_for_kan_bspline_h3x3_p180_h11x11_p177,0.080862,0.006973,mlp
I.18.4,50,2,kan_bspline,kan_bspline_h5_p150,0.099877,mlp_sigmoid,mlp_sigmoid_for_kan_bspline_h5_p150_h37_p149,0.097974,0.001903,mlp
I.18.4,50,3,kan_bspline,kan_bspline_h5_p150,0.087314,mlp_relu,mlp_relu_for_kan_bspline_h3x3_p180_h11x11_p177,0.085763,0.00155,mlp
I.18.4,100,0,kan_bspline,kan_bspline_h5_p150,0.029189,mlp_relu,mlp_relu_for_kan_bspline_h5_p150_h37_p149,0.043981,-0.014793,kan
I.18.4,100,1,kan_gaussrbf,kan_gaussrbf_h3x3_p169,0.036079,mlp_relu,mlp_relu_for_kan_bspline_h5_p150_h37_p149,0.054698,-0.018619,kan
I.18.4,100,2,kan_bspline,kan_bspline_h5_p150,0.027668,mlp_relu,mlp_relu_for_kan_bspline_h5_p150_h37_p149,0.042451,-0.014782,kan
I.18.4,100,3,kan_gaussrbf,kan_gaussrbf_h3x3_p169,0.033663,mlp_relu,mlp_relu_for_kan_bspline_h5_p150_h37_p149,0.040729,-0.007066,kan
I.18.4,200,0,kan_gaussrbf,kan_gaussrbf_h3x3_p169,0.028312,mlp_relu,mlp_relu_for_kan_bspline_h5_p150_h37_p149,0.040621,-0.012308,kan
I.18.4,200,1,kan_bspline,kan_bspline_h3x3_p180,0.026806,mlp_relu,mlp_relu_for_kan_bspline_h5_p150_h37_p149,0.052072,-0.025266,kan
I.18.4,200,2,kan_bspline,kan_bspline_h3x3_p180,0.030726,mlp_relu,mlp_relu_for_kan_bspline_h5_p150_h37_p149,0.038016,-0.00729,kan
I.18.4,200,3,kan_gaussrbf,kan_gaussrbf_h3x3_p169,0.024077,mlp_relu,mlp_relu_for_kan_bspline_h5_p150_h37_p149,0.040541,-0.016465,kan
I.18.4,500,0,kan_gaussrbf,kan_gaussrbf_h3x3_p169,0.022394,mlp_relu,mlp_relu_for_kan_bspline_h5_p150_h37_p149,0.038232,-0.015837,kan
I.18.4,500,1,kan_bspline,kan_bspline_h3x3_p180,0.024832,mlp_relu,mlp_relu_for_kan_bspline_h5_p150_h37_p149,0.041965,-0.017132,kan
I.18.4,500,2,kan_gaussrbf,kan_gaussrbf_h3x3_p169,0.016402,mlp_relu,mlp_relu_for_kan_bspline_h5_p150_h37_p149,0.036127,-0.019725,kan
I.18.4,500,3,kan_gaussrbf,kan_gaussrbf_h3x3_p169,0.017519,mlp_relu,mlp_relu_for_kan_bspline_h5_p150_h37_p149,0.026041,-0.008522,kan
I.18.4,1000,0,kan_gaussrbf,kan_gaussrbf_h3x3_p169,0.019614,mlp_relu,mlp_relu_for_kan_bspline_h5_p150_h37_p149,0.0336,-0.013986,kan
I.18.4,1000,1,kan_bspline,kan_bspline_h3x3_p180,0.018285,mlp_relu,mlp_relu_for_kan_bspline_h5_p150_h37_p149,0.042073,-0.023788,kan
I.18.4,1000,2,kan_gaussrbf,kan_gaussrbf_h3x3_p169,0.016284,mlp_relu,mlp_relu_for_kan_bspline_h5_p150_h37_p149,0.038467,-0.022182,kan
I.18.4,1000,3,kan_gaussrbf,kan_gaussrbf_h3x3_p169,0.019854,mlp_relu,mlp_relu_for_kan_bspline_h5_p150_h37_p149,0.02753,-0.007676,kan
I.26.2,10,0,kan_bspline,kan_bspline_h4_p120,0.376939,mlp_relu,mlp_relu_for_kan_bspline_h4_p120_h30_p121,0.232762,0.144177,mlp
I.26.2,10,1,kan_gaussrbf,kan_gaussrbf_h2_p57,0.379499,mlp_relu,mlp_relu_for_kan_bspline_h4_p120_h30_p121,0.19682,0.182679,mlp
I.26.2,10,2,kan_bspline,kan_bspline_h4_p120,0.306543,mlp_relu,mlp_relu_for_kan_bspline_h4_p120_h30_p121,0.192689,0.113854,mlp
I.26.2,10,3,kan_bspline,kan_bspline_h4_p120,0.358091,mlp_relu,mlp_relu_for_kan_bspline_h4_p120_h30_p121,0.185143,0.172949,mlp
I.26.2,20,0,kan_bspline,kan_bspline_h4_p120,0.337462,mlp_relu,mlp_relu_for_kan_bspline_h4_p120_h30_p121,0.142008,0.195455,mlp
I.26.2,20,1,kan_bspline,kan_bspline_h4_p120,0.283051,mlp_relu,mlp_relu_for_kan_bspline_h4_p120_h30_p121,0.146322,0.13673,mlp
I.26.2,20,2,kan_bspline,kan_bspline_h4_p120,0.233562,mlp_relu,mlp_relu_for_kan_bspline_h4_p120_h30_p121,0.10454,0.129022,mlp
I.26.2,20,3,kan_bspline,kan_bspline_h4_p120,0.227314,mlp_relu,mlp_relu_for_kan_bspline_h4_p120_h30_p121,0.095849,0.131465,mlp
I.26.2,30,0,kan_bspline,kan_bspline_h5_p150,0.097009,mlp_relu,mlp_relu_for_kan_gaussrbf_h5_p141_h35_p141,0.083051,0.013958,mlp
I.26.2,30,1,kan_bspline,kan_bspline_h5_p150,0.076824,mlp_relu,mlp_relu_for_kan_gaussrbf_h5_p141_h35_p141,0.095932,-0.019107,kan
I.26.2,30,2,kan_bspline,kan_bspline_h5_p150,0.091165,mlp_relu,mlp_relu_for_kan_gaussrbf_h5_p141_h35_p141,0.079751,0.011414,mlp
I.26.2,30,3,kan_bspline,kan_bspline_h5_p150,0.070766,mlp_relu,mlp_relu_for_kan_gaussrbf_h5_p141_h35_p141,0.083763,-0.012997,kan
I.26.2,40,0,kan_bspline,kan_bspline_h2x2_p100,0.05419,mlp_relu,mlp_relu_for_kan_bspline_h5_p150_h37_p149,0.05143,0.00276,mlp
I.26.2,40,1,kan_gaussrbf,kan_gaussrbf_h3x3_p169,0.050978,mlp_relu,mlp_relu_for_kan_bspline_h5_p150_h37_p149,0.066866,-0.015888,kan
I.26.2,40,2,kan_bspline,kan_bspline_h2x2_p100,0.046266,mlp_relu,mlp_relu_for_kan_bspline_h5_p150_h37_p149,0.071072,-0.024806,kan
I.26.2,40,3,kan_bspline,kan_bspline_h2x2_p100,0.035313,mlp_relu,mlp_relu_for_kan_bspline_h5_p150_h37_p149,0.066079,-0.030766,kan
I.26.2,50,0,kan_bspline,kan_bspline_h3x3_p180,0.049167,mlp_relu,mlp_relu_for_kan_bspline_h5_p150_h37_p149,0.053044,-0.003878,kan
I.26.2,50,1,kan_bspline,kan_bspline_h3x3_p180,0.050835,mlp_relu,mlp_relu_for_kan_bspline_h5_p150_h37_p149,0.063344,-0.01251,kan
I.26.2,50,2,kan_bspline,kan_bspline_h3x3_p180,0.050274,mlp_relu,mlp_relu_for_kan_bspline_h5_p150_h37_p149,0.058536,-0.008262,kan
I.26.2,50,3,kan_gaussrbf,kan_gaussrbf_h3x3_p169,0.069483,mlp_relu,mlp_relu_for_kan_bspline_h5_p150_h37_p149,0.061394,0.008089,mlp
I.26.2,100,0,kan_bspline,kan_bspline_h3x3_p180,0.032556,mlp_relu,mlp_relu_for_kan_bspline_h5_p150_h37_p149,0.040994,-0.008438,kan
I.26.2,100,1,kan_gaussrbf,kan_gaussrbf_h3x3_p169,0.023757,mlp_relu,mlp_relu_for_kan_bspline_h5_p150_h37_p149,0.042139,-0.018381,kan
I.26.2,100,2,kan_bspline,kan_bspline_h3x3_p180,0.023956,mlp_relu,mlp_relu_for_kan_bspline_h5_p150_h37_p149,0.03874,-0.014785,kan
I.26.2,100,3,kan_bspline,kan_bspline_h3x3_p180,0.030962,mlp_relu,mlp_relu_for_kan_bspline_h5_p150_h37_p149,0.041834,-0.010872,kan
I.26.2,200,0,kan_gaussrbf,kan_gaussrbf_h3x3_p169,0.043976,mlp_relu,mlp_relu_for_kan_bspline_h5_p150_h37_p149,0.045488,-0.001512,kan
I.26.2,200,1,kan_gaussrbf,kan_gaussrbf_h3x3_p169,0.021751,mlp_relu,mlp_relu_for_kan_bspline_h5_p150_h37_p149,0.050835,-0.029084,kan
I.26.2,200,2,kan_gaussrbf,kan_gaussrbf_h3x3_p169,0.025764,mlp_relu,mlp_relu_for_kan_bspline_h5_p150_h37_p149,0.04883,-0.023066,kan
I.26.2,200,3,kan_gaussrbf,kan_gaussrbf_h3x3_p169,0.032392,mlp_relu,mlp_relu_for_kan_bspline_h5_p150_h37_p149,0.04489,-0.012498,kan
I.26.2,500,0,kan_bspline,kan_bspline_h3x3_p180,0.02795,mlp_relu,mlp_relu_for_kan_bspline_h5_p150_h37_p149,0.036676,-0.008725,kan
I.26.2,500,1,kan_bspline,kan_bspline_h3x3_p180,0.023129,mlp_relu,mlp_relu_for_kan_bspline_h5_p150_h37_p149,0.039136,-0.016007,kan
I.26.2,500,2,kan_bspline,kan_bspline_h3x3_p180,0.019144,mlp_relu,mlp_relu_for_kan_bspline_h5_p150_h37_p149,0.036525,-0.017381,kan
I.26.2,500,3,kan_bspline,kan_bspline_h3x3_p180,0.017683,mlp_relu,mlp_relu_for_kan_bspline_h5_p150_h37_p149,0.033987,-0.016304,kan
I.26.2,1000,0,kan_bspline,kan_bspline_h3x3_p180,0.01726,mlp_relu,mlp_relu_for_kan_bspline_h5_p150_h37_p149,0.033903,-0.016643,kan
I.26.2,1000,1,kan_gaussrbf,kan_gaussrbf_h3x3_p169,0.021598,mlp_relu,mlp_relu_for_kan_bspline_h5_p150_h37_p149,0.035544,-0.013946,kan
I.26.2,1000,2,kan_gaussrbf,kan_gaussrbf_h3x3_p169,0.02052,mlp_relu,mlp_relu_for_kan_bspline_h5_p150_h37_p149,0.032772,-0.012253,kan
I.26.2,1000,3,kan_bspline,kan_bspline_h3x3_p180,0.015051,mlp_relu,mlp_relu_for_kan_bspline_h5_p150_h37_p149,0.033208,-0.018157,kan
I.27.6,10,0,kan_gaussrbf,kan_gaussrbf_h5_p141,1.129387,mlp_relu,mlp_relu_for_kan_gaussrbf_h5_p141_h35_p141,0.576766,0.552621,mlp
I.27.6,10,1,kan_bspline,kan_bspline_h5_p150,0.980523,mlp_relu,mlp_relu_for_kan_gaussrbf_h5_p141_h35_p141,0.653227,0.327296,mlp
I.27.6,10,2,kan_gaussrbf,kan_gaussrbf_h5_p141,0.982451,mlp_relu,mlp_relu_for_kan_gaussrbf_h5_p141_h35_p141,0.708666,0.273785,mlp
I.27.6,10,3,kan_gaussrbf,kan_gaussrbf_h5_p141,0.846514,mlp_relu,mlp_relu_for_kan_gaussrbf_h5_p141_h35_p141,0.52748,0.319034,mlp
I.27.6,20,0,kan_gaussrbf,kan_gaussrbf_h2x2_p95,0.521409,mlp_relu,mlp_relu_for_kan_bspline_h5_p150_h37_p149,0.469088,0.052321,mlp
I.27.6,20,1,kan_gaussrbf,kan_gaussrbf_h2x2_p95,0.557322,mlp_relu,mlp_relu_for_kan_bspline_h5_p150_h37_p149,0.411965,0.145357,mlp
I.27.6,20,2,kan_gaussrbf,kan_gaussrbf_h2x2_p95,0.726463,mlp_relu,mlp_relu_for_kan_bspline_h5_p150_h37_p149,0.443015,0.283448,mlp
I.27.6,20,3,kan_gaussrbf,kan_gaussrbf_h2x2_p95,0.672275,mlp_relu,mlp_relu_for_kan_bspline_h5_p150_h37_p149,0.447622,0.224653,mlp
I.27.6,30,0,kan_bspline,kan_bspline_h5_p150,0.698024,mlp_relu,mlp_relu_for_kan_gaussrbf_h4_p113_h28_p113,0.419405,0.278619,mlp
I.27.6,30,1,kan_gaussrbf,kan_gaussrbf_h2x2_p95,0.429575,mlp_relu,mlp_relu_for_kan_gaussrbf_h4_p113_h28_p113,0.430888,-0.001312,kan
I.27.6,30,2,kan_gaussrbf,kan_gaussrbf_h2x2_p95,0.419854,mlp_relu,mlp_relu_for_kan_gaussrbf_h4_p113_h28_p113,0.421715,-0.001861,kan
I.27.6,30,3,kan_bspline,kan_bspline_h5_p150,0.519524,mlp_relu,mlp_relu_for_kan_gaussrbf_h4_p113_h28_p113,0.417055,0.102469,mlp
I.27.6,40,0,kan_gaussrbf,kan_gaussrbf_h2x2_p95,0.229546,mlp_relu,mlp_relu_for_kan_bspline_h4_p120_h30_p121,0.345908,-0.116362,kan
I.27.6,40,1,kan_bspline,kan_bspline_h2x2_p100,0.329223,mlp_relu,mlp_relu_for_kan_bspline_h4_p120_h30_p121,0.3764,-0.047176,kan
I.27.6,40,2,kan_bspline,kan_bspline_h2x2_p100,0.269064,mlp_relu,mlp_relu_for_kan_bspline_h4_p120_h30_p121,0.350291,-0.081227,kan
I.27.6,40,3,kan_bspline,kan_bspline_h2x2_p100,0.195479,mlp_relu,mlp_relu_for_kan_bspline_h4_p120_h30_p121,0.350106,-0.154627,kan
I.27.6,50,0,kan_gaussrbf,kan_gaussrbf_h3x3_p169,0.270658,mlp_relu,mlp_relu_for_kan_bspline_h3x3_p180_h11x11_p177,0.327423,-0.056765,kan
I.27.6,50,1,kan_bspline,kan_bspline_h5_p150,0.271515,mlp_relu,mlp_relu_for_kan_bspline_h3x3_p180_h11x11_p177,0.298632,-0.027116,kan
I.27.6,50,2,kan_gaussrbf,kan_gaussrbf_h3x3_p169,0.273056,mlp_relu,mlp_relu_for_kan_bspline_h3x3_p180_h11x11_p177,0.341392,-0.068336,kan
I.27.6,50,3,kan_bspline,kan_bspline_h5_p150,0.285352,mlp_relu,mlp_relu_for_kan_bspline_h3x3_p180_h11x11_p177,0.314741,-0.029389,kan
I.27.6,100,0,kan_bspline,kan_bspline_h3x3_p180,0.093606,mlp_relu,mlp_relu_for_kan_bspline_h3x3_p180_h11x11_p177,0.24227,-0.148664,kan
I.27.6,100,1,kan_bspline,kan_bspline_h3x3_p180,0.080383,mlp_relu,mlp_relu_for_kan_bspline_h3x3_p180_h11x11_p177,0.163053,-0.08267,kan
I.27.6,100,2,kan_bspline,kan_bspline_h3x3_p180,0.097299,mlp_relu,mlp_relu_for_kan_bspline_h3x3_p180_h11x11_p177,0.178848,-0.081549,kan
I.27.6,100,3,kan_bspline,kan_bspline_h3x3_p180,0.081187,mlp_relu,mlp_relu_for_kan_bspline_h3x3_p180_h11x11_p177,0.215377,-0.13419,kan
I.27.6,200,0,kan_gaussrbf,kan_gaussrbf_h3x3_p169,0.069716,mlp_relu,mlp_relu_for_kan_bspline_h3x3_p180_h11x11_p177,0.325093,-0.255376,kan
I.27.6,200,1,kan_gaussrbf,kan_gaussrbf_h3x3_p169,0.101376,mlp_relu,mlp_relu_for_kan_bspline_h3x3_p180_h11x11_p177,0.1874,-0.086025,kan
I.27.6,200,2,kan_bspline,kan_bspline_h3x3_p180,0.077942,mlp_relu,mlp_relu_for_kan_bspline_h3x3_p180_h11x11_p177,0.210729,-0.132787,kan
I.27.6,200,3,kan_gaussrbf,kan_gaussrbf_h3x3_p169,0.061932,mlp_relu,mlp_relu_for_kan_bspline_h3x3_p180_h11x11_p177,0.255437,-0.193505,kan
I.27.6,500,0,kan_bspline,kan_bspline_h3x3_p180,0.050879,mlp_relu,mlp_relu_for_kan_bspline_h3x3_p180_h11x11_p177,0.2199,-0.169021,kan
I.27.6,500,1,kan_gaussrbf,kan_gaussrbf_h3x3_p169,0.056053,mlp_relu,mlp_relu_for_kan_bspline_h3x3_p180_h11x11_p177,0.140761,-0.084709,kan
I.27.6,500,2,kan_bspline,kan_bspline_h3x3_p180,0.062878,mlp_relu,mlp_relu_for_kan_bspline_h3x3_p180_h11x11_p177,0.161255,-0.098377,kan
I.27.6,500,3,kan_gaussrbf,kan_gaussrbf_h3x3_p169,0.046444,mlp_relu,mlp_relu_for_kan_bspline_h3x3_p180_h11x11_p177,0.191488,-0.145045,kan
I.27.6,1000,0,kan_bspline,kan_bspline_h3x3_p180,0.037476,mlp_relu,mlp_relu_for_kan_bspline_h3x3_p180_h11x11_p177,0.240776,-0.203299,kan
I.27.6,1000,1,kan_gaussrbf,kan_gaussrbf_h3x3_p169,0.06149,mlp_relu,mlp_relu_for_kan_bspline_h3x3_p180_h11x11_p177,0.127137,-0.065647,kan
I.27.6,1000,2,kan_bspline,kan_bspline_h3x3_p180,0.071443,mlp_relu,mlp_relu_for_kan_bspline_h3x3_p180_h11x11_p177,0.150845,-0.079402,kan
I.27.6,1000,3,kan_gaussrbf,kan_gaussrbf_h3x3_p169,0.04229,mlp_relu,mlp_relu_for_kan_bspline_h3x3_p180_h11x11_p177,0.184608,-0.142318,kan
I.29.16,10,0,kan_gaussrbf,kan_gaussrbf_h4_p113,0.913868,mlp_sigmoid,mlp_sigmoid_for_kan_gaussrbf_h2x2_p95_h7x7_p85,0.75792,0.155948,mlp
I.29.16,10,1,kan_bspline,kan_bspline_h5_p150,0.976642,mlp_sigmoid,mlp_sigmoid_for_kan_gaussrbf_h2x2_p95_h7x7_p85,0.749523,0.227119,mlp
I.29.16,10,2,kan_gaussrbf,kan_gaussrbf_h4_p113,0.890788,mlp_sigmoid,mlp_sigmoid_for_kan_gaussrbf_h2x2_p95_h7x7_p85,0.818387,0.072401,mlp
I.29.16,10,3,kan_gaussrbf,kan_gaussrbf_h4_p113,1.024964,mlp_sigmoid,mlp_sigmoid_for_kan_gaussrbf_h2x2_p95_h7x7_p85,0.912674,0.11229,mlp
I.29.16,20,0,kan_gaussrbf,kan_gaussrbf_h4_p113,0.838833,mlp_sigmoid,mlp_sigmoid_for_kan_gaussrbf_h3_p85_h21_p85,0.690585,0.148248,mlp
I.29.16,20,1,kan_bspline,kan_bspline_h5_p150,0.71633,mlp_sigmoid,mlp_sigmoid_for_kan_gaussrbf_h3_p85_h21_p85,0.710556,0.005774,mlp
I.29.16,20,2,kan_gaussrbf,kan_gaussrbf_h4_p113,1.019574,mlp_sigmoid,mlp_sigmoid_for_kan_gaussrbf_h3_p85_h21_p85,0.674954,0.34462,mlp
I.29.16,20,3,kan_bspline,kan_bspline_h5_p150,0.718973,mlp_sigmoid,mlp_sigmoid_for_kan_gaussrbf_h3_p85_h21_p85,0.68216,0.036813,mlp
I.29.16,30,0,kan_bspline,kan_bspline_h3x3_p180,0.716715,mlp_sigmoid,mlp_sigmoid_for_kan_gaussrbf_h3_p85_h21_p85,0.643105,0.073611,mlp
I.29.16,30,1,kan_gaussrbf,kan_gaussrbf_h5_p141,0.802064,mlp_sigmoid,mlp_sigmoid_for_kan_gaussrbf_h3_p85_h21_p85,0.723092,0.078973,mlp
I.29.16,30,2,kan_gaussrbf,kan_gaussrbf_h5_p141,0.758135,mlp_sigmoid,mlp_sigmoid_for_kan_gaussrbf_h3_p85_h21_p85,0.67437,0.083765,mlp
I.29.16,30,3,kan_gaussrbf,kan_gaussrbf_h5_p141,0.707092,mlp_sigmoid,mlp_sigmoid_for_kan_gaussrbf_h3_p85_h21_p85,0.630498,0.076593,mlp
I.29.16,40,0,kan_gaussrbf,kan_gaussrbf_h4_p113,0.835463,mlp_sigmoid,mlp_sigmoid_for_kan_gaussrbf_h3_p85_h21_p85,0.639769,0.195694,mlp
I.29.16,40,1,kan_gaussrbf,kan_gaussrbf_h4_p113,0.756303,mlp_relu,mlp_relu_for_kan_gaussrbf_h2x2_p95_h7x7_p85,0.589635,0.166668,mlp
I.29.16,40,2,kan_bspline,kan_bspline_h5_p150,0.582844,mlp_relu,mlp_relu_for_kan_gaussrbf_h2x2_p95_h7x7_p85,0.578077,0.004767,mlp
I.29.16,40,3,kan_gaussrbf,kan_gaussrbf_h4_p113,0.714319,mlp_sigmoid,mlp_sigmoid_for_kan_gaussrbf_h3_p85_h21_p85,0.610525,0.103794,mlp
I.29.16,50,0,kan_bspline,kan_bspline_h2x2_p100,0.384348,mlp_relu,mlp_relu_for_kan_bspline_h3x3_p180_h11x11_p177,0.613208,-0.22886,kan
I.29.16,50,1,kan_bspline,kan_bspline_h2x2_p100,0.476111,mlp_relu,mlp_relu_for_kan_bspline_h3x3_p180_h11x11_p177,0.64109,-0.164979,kan
I.29.16,50,2,kan_gaussrbf,kan_gaussrbf_h5_p141,0.598452,mlp_sigmoid,mlp_sigmoid_for_kan_bspline_h3_p90_h22_p89,0.640723,-0.042272,kan
I.29.16,50,3,kan_gaussrbf,kan_gaussrbf_h5_p141,0.76586,mlp_sigmoid,mlp_sigmoid_for_kan_bspline_h3_p90_h22_p89,0.633844,0.132017,mlp
I.29.16,100,0,kan_bspline,kan_bspline_h3x3_p180,0.368588,mlp_relu,mlp_relu_for_kan_bspline_h3x3_p180_h11x11_p177,0.346669,0.021919,mlp
I.29.16,100,1,kan_bspline,kan_bspline_h3x3_p180,0.287096,mlp_relu,mlp_relu_for_kan_bspline_h3x3_p180_h11x11_p177,0.317917,-0.030821,kan
I.29.16,100,2,kan_bspline,kan_bspline_h3x3_p180,0.184741,mlp_relu,mlp_relu_for_kan_bspline_h3x3_p180_h11x11_p177,0.340424,-0.155682,kan
I.29.16,100,3,kan_gaussrbf,kan_gaussrbf_h4_p113,0.397754,mlp_relu,mlp_relu_for_kan_bspline_h3x3_p180_h11x11_p177,0.699136,-0.301382,kan
I.29.16,200,0,kan_gaussrbf,kan_gaussrbf_h5_p141,0.366478,mlp_relu,mlp_relu_for_kan_bspline_h3x3_p180_h11x11_p177,0.353337,0.013141,mlp
I.29.16,200,1,kan_gaussrbf,kan_gaussrbf_h5_p141,0.351,mlp_relu,mlp_relu_for_kan_bspline_h3x3_p180_h11x11_p177,0.339475,0.011525,mlp
I.29.16,200,2,kan_gaussrbf,kan_gaussrbf_h5_p141,0.20629,mlp_relu,mlp_relu_for_kan_bspline_h3x3_p180_h11x11_p177,0.312403,-0.106113,kan
I.29.16,200,3,kan_gaussrbf,kan_gaussrbf_h5_p141,0.406263,mlp_relu,mlp_relu_for_kan_bspline_h3x3_p180_h11x11_p177,0.56415,-0.157887,kan
I.29.16,500,0,kan_gaussrbf,kan_gaussrbf_h5_p141,0.318949,mlp_relu,mlp_relu_for_kan_bspline_h3x3_p180_h11x11_p177,0.263629,0.055319,mlp
I.29.16,500,1,kan_bspline,kan_bspline_h2x2_p100,0.223856,mlp_relu,mlp_relu_for_kan_bspline_h3x3_p180_h11x11_p177,0.295663,-0.071807,kan
I.29.16,500,2,kan_gaussrbf,kan_gaussrbf_h5_p141,0.141553,mlp_relu,mlp_relu_for_kan_bspline_h3x3_p180_h11x11_p177,0.236893,-0.09534,kan
I.29.16,500,3,kan_gaussrbf,kan_gaussrbf_h5_p141,0.225256,mlp_relu,mlp_relu_for_kan_bspline_h3x3_p180_h11x11_p177,0.224465,0.000791,mlp
I.29.16,1000,0,kan_gaussrbf,kan_gaussrbf_h3x3_p169,0.09281,mlp_relu,mlp_relu_for_kan_bspline_h3x3_p180_h11x11_p177,0.268265,-0.175455,kan
I.29.16,1000,1,kan_bspline,kan_bspline_h3x3_p180,0.125489,mlp_relu,mlp_relu_for_kan_bspline_h3x3_p180_h11x11_p177,0.283098,-0.157609,kan
I.29.16,1000,2,kan_gaussrbf,kan_gaussrbf_h3x3_p169,0.093835,mlp_relu,mlp_relu_for_kan_bspline_h3x3_p180_h11x11_p177,0.222611,-0.128776,kan
I.29.16,1000,3,kan_gaussrbf,kan_gaussrbf_h3x3_p169,0.154933,mlp_relu,mlp_relu_for_kan_bspline_h3x3_p180_h11x11_p177,0.225698,-0.070765,kan
I.30.3,10,0,kan_gaussrbf,kan_gaussrbf_h5_p141,0.618683,mlp_relu,mlp_relu_for_kan_bspline_h5_p150_h37_p149,0.494436,0.124247,mlp
I.30.3,10,1,kan_bspline,kan_bspline_h5_p150,0.613956,mlp_relu,mlp_relu_for_kan_bspline_h5_p150_h37_p149,0.540577,0.073379,mlp
I.30.3,10,2,kan_bspline,kan_bspline_h5_p150,0.601116,mlp_relu,mlp_relu_for_kan_bspline_h5_p150_h37_p149,0.490487,0.110629,mlp
I.30.3,10,3,kan_bspline,kan_bspline_h5_p150,0.597421,mlp_sigmoid,mlp_sigmoid_for_kan_gaussrbf_h3x3_p169_h11x11_p177,0.507937,0.089484,mlp
I.30.3,20,0,kan_gaussrbf,kan_gaussrbf_h4_p113,0.522772,mlp_relu,mlp_relu_for_kan_bspline_h3x3_p180_h11x11_p177,0.428569,0.094203,mlp
I.30.3,20,1,kan_gaussrbf,kan_gaussrbf_h4_p113,0.496277,mlp_relu,mlp_relu_for_kan_bspline_h3x3_p180_h11x11_p177,0.450418,0.045858,mlp
I.30.3,20,2,kan_bspline,kan_bspline_h2_p60,0.515285,mlp_relu,mlp_relu_for_kan_bspline_h3x3_p180_h11x11_p177,0.440105,0.07518,mlp
I.30.3,20,3,kan_bspline,kan_bspline_h2_p60,0.43285,mlp_relu,mlp_relu_for_kan_bspline_h3x3_p180_h11x11_p177,0.480238,-0.047389,kan
I.30.3,30,0,kan_gaussrbf,kan_gaussrbf_h4_p113,0.432335,mlp_relu,mlp_relu_for_kan_gaussrbf_h5_p141_h35_p141,0.271828,0.160507,mlp
I.30.3,30,1,kan_gaussrbf,kan_gaussrbf_h4_p113,0.428013,mlp_relu,mlp_relu_for_kan_gaussrbf_h5_p141_h35_p141,0.28677,0.141243,mlp
I.30.3,30,2,kan_gaussrbf,kan_gaussrbf_h4_p113,0.43388,mlp_relu,mlp_relu_for_kan_gaussrbf_h5_p141_h35_p141,0.320301,0.113579,mlp
I.30.3,30,3,kan_gaussrbf,kan_gaussrbf_h4_p113,0.425638,mlp_relu,mlp_relu_for_kan_gaussrbf_h5_p141_h35_p141,0.273556,0.152082,mlp
I.30.3,40,0,kan_bspline,kan_bspline_h3x3_p180,0.199373,mlp_relu,mlp_relu_for_kan_bspline_h3x3_p180_h11x11_p177,0.269577,-0.070204,kan
I.30.3,40,1,kan_gaussrbf,kan_gaussrbf_h5_p141,0.255246,mlp_relu,mlp_relu_for_kan_bspline_h3x3_p180_h11x11_p177,0.156842,0.098404,mlp
I.30.3,40,2,kan_gaussrbf,kan_gaussrbf_h5_p141,0.218232,mlp_relu,mlp_relu_for_kan_bspline_h3x3_p180_h11x11_p177,0.196801,0.021431,mlp
I.30.3,40,3,kan_bspline,kan_bspline_h3x3_p180,0.220036,mlp_relu,mlp_relu_for_kan_bspline_h3x3_p180_h11x11_p177,0.225079,-0.005043,kan
I.30.3,50,0,kan_bspline,kan_bspline_h5_p150,0.231784,mlp_relu,mlp_relu_for_kan_bspline_h5_p150_h37_p149,0.262964,-0.03118,kan
I.30.3,50,1,kan_bspline,kan_bspline_h5_p150,0.244584,mlp_relu,mlp_relu_for_kan_bspline_h5_p150_h37_p149,0.175575,0.069009,mlp
I.30.3,50,2,kan_gaussrbf,kan_gaussrbf_h5_p141,0.255554,mlp_relu,mlp_relu_for_kan_bspline_h5_p150_h37_p149,0.223036,0.032517,mlp
I.30.3,50,3,kan_bspline,kan_bspline_h5_p150,0.258051,mlp_relu,mlp_relu_for_kan_bspline_h5_p150_h37_p149,0.203021,0.05503,mlp
I.30.3,100,0,kan_bspline,kan_bspline_h3x3_p180,0.104549,mlp_relu,mlp_relu_for_kan_gaussrbf_h3x3_p169_h11x11_p177,0.152661,-0.048113,kan
I.30.3,100,1,kan_gaussrbf,kan_gaussrbf_h3x3_p169,0.07022,mlp_relu,mlp_relu_for_kan_gaussrbf_h3x3_p169_h11x11_p177,0.13018,-0.05996,kan
I.30.3,100,2,kan_gaussrbf,kan_gaussrbf_h3x3_p169,0.092786,mlp_relu,mlp_relu_for_kan_gaussrbf_h3x3_p169_h11x11_p177,0.11621,-0.023424,kan
I.30.3,100,3,kan_bspline,kan_bspline_h3x3_p180,0.122628,mlp_relu,mlp_relu_for_kan_gaussrbf_h3x3_p169_h11x11_p177,0.107726,0.014901,mlp
I.30.3,200,0,kan_gaussrbf,kan_gaussrbf_h3x3_p169,0.068961,mlp_relu,mlp_relu_for_kan_bspline_h3x3_p180_h11x11_p177,0.139753,-0.070792,kan
I.30.3,200,1,kan_gaussrbf,kan_gaussrbf_h3x3_p169,0.10095,mlp_relu,mlp_relu_for_kan_bspline_h3x3_p180_h11x11_p177,0.149624,-0.048675,kan
I.30.3,200,2,kan_gaussrbf,kan_gaussrbf_h3x3_p169,0.051073,mlp_relu,mlp_relu_for_kan_bspline_h3x3_p180_h11x11_p177,0.114595,-0.063523,kan
I.30.3,200,3,kan_gaussrbf,kan_gaussrbf_h3x3_p169,0.053158,mlp_relu,mlp_relu_for_kan_bspline_h3x3_p180_h11x11_p177,0.122512,-0.069355,kan
I.30.3,500,0,kan_bspline,kan_bspline_h3x3_p180,0.049409,mlp_relu,mlp_relu_for_kan_bspline_h3x3_p180_h11x11_p177,0.096368,-0.04696,kan
I.30.3,500,1,kan_gaussrbf,kan_gaussrbf_h3x3_p169,0.063318,mlp_relu,mlp_relu_for_kan_bspline_h3x3_p180_h11x11_p177,0.078315,-0.014996,kan
I.30.3,500,2,kan_gaussrbf,kan_gaussrbf_h3x3_p169,0.05294,mlp_relu,mlp_relu_for_kan_bspline_h3x3_p180_h11x11_p177,0.097354,-0.044413,kan
I.30.3,500,3,kan_gaussrbf,kan_gaussrbf_h3x3_p169,0.046228,mlp_relu,mlp_relu_for_kan_bspline_h3x3_p180_h11x11_p177,0.105219,-0.058991,kan
I.30.3,1000,0,kan_gaussrbf,kan_gaussrbf_h5_p141,0.050959,mlp_relu,mlp_relu_for_kan_bspline_h3x3_p180_h11x11_p177,0.090545,-0.039586,kan
I.30.3,1000,1,kan_gaussrbf,kan_gaussrbf_h5_p141,0.055419,mlp_relu,mlp_relu_for_kan_bspline_h3x3_p180_h11x11_p177,0.080462,-0.025043,kan
I.30.3,1000,2,kan_gaussrbf,kan_gaussrbf_h5_p141,0.058115,mlp_relu,mlp_relu_for_kan_bspline_h3x3_p180_h11x11_p177,0.090912,-0.032798,kan
I.30.3,1000,3,kan_gaussrbf,kan_gaussrbf_h5_p141,0.065745,mlp_relu,mlp_relu_for_kan_bspline_h3x3_p180_h11x11_p177,0.084869,-0.019124,kan
I.30.5,10,0,kan_bspline,kan_bspline_h3x3_p180,0.223536,mlp_relu,mlp_relu_for_kan_gaussrbf_h5_p141_h35_p141,0.111088,0.112448,mlp
I.30.5,10,1,kan_bspline,kan_bspline_h3x3_p180,0.184612,mlp_sigmoid,mlp_sigmoid_for_kan_gaussrbf_h5_p141_h35_p141,0.152122,0.032489,mlp
I.30.5,10,2,kan_gaussrbf,kan_gaussrbf_h4_p113,0.293515,mlp_relu,mlp_relu_for_kan_gaussrbf_h5_p141_h35_p141,0.116402,0.177112,mlp
I.30.5,10,3,kan_gaussrbf,kan_gaussrbf_h4_p113,0.212717,mlp_relu,mlp_relu_for_kan_gaussrbf_h5_p141_h35_p141,0.106128,0.106589,mlp
I.30.5,20,0,kan_bspline,kan_bspline_h3x3_p180,0.049195,mlp_relu,mlp_relu_for_kan_gaussrbf_h5_p141_h35_p141,0.071107,-0.021912,kan
I.30.5,20,1,kan_bspline,kan_bspline_h3x3_p180,0.056085,mlp_relu,mlp_relu_for_kan_gaussrbf_h5_p141_h35_p141,0.066839,-0.010754,kan
I.30.5,20,2,kan_bspline,kan_bspline_h3x3_p180,0.062401,mlp_relu,mlp_relu_for_kan_gaussrbf_h5_p141_h35_p141,0.062559,-0.000158,kan
I.30.5,20,3,kan_bspline,kan_bspline_h3x3_p180,0.051311,mlp_relu,mlp_relu_for_kan_gaussrbf_h5_p141_h35_p141,0.05802,-0.006708,kan
I.30.5,30,0,kan_gaussrbf,kan_gaussrbf_h3x3_p169,0.04377,mlp_relu,mlp_relu_for_kan_bspline_h5_p150_h37_p149,0.05261,-0.00884,kan
I.30.5,30,1,kan_gaussrbf,kan_gaussrbf_h3x3_p169,0.065148,mlp_relu,mlp_relu_for_kan_bspline_h5_p150_h37_p149,0.066873,-0.001724,kan
I.30.5,30,2,kan_bspline,kan_bspline_h2x2_p100,0.059301,mlp_relu,mlp_relu_for_kan_bspline_h5_p150_h37_p149,0.049714,0.009588,mlp
I.30.5,30,3,kan_bspline,kan_bspline_h2x2_p100,0.049735,mlp_relu,mlp_relu_for_kan_bspline_h5_p150_h37_p149,0.056545,-0.006809,kan
I.30.5,40,0,kan_gaussrbf,kan_gaussrbf_h3x3_p169,0.043219,mlp_relu,mlp_relu_for_kan_bspline_h5_p150_h37_p149,0.048539,-0.00532,kan
I.30.5,40,1,kan_bspline,kan_bspline_h3x3_p180,0.026638,mlp_relu,mlp_relu_for_kan_bspline_h5_p150_h37_p149,0.0515,-0.024862,kan
I.30.5,40,2,kan_bspline,kan_bspline_h3x3_p180,0.033647,mlp_relu,mlp_relu_for_kan_bspline_h5_p150_h37_p149,0.063808,-0.030161,kan
I.30.5,40,3,kan_bspline,kan_bspline_h3x3_p180,0.026782,mlp_relu,mlp_relu_for_kan_bspline_h5_p150_h37_p149,0.058422,-0.03164,kan
I.30.5,50,0,kan_bspline,kan_bspline_h2x2_p100,0.028165,mlp_relu,mlp_relu_for_kan_bspline_h5_p150_h37_p149,0.046025,-0.01786,kan
I.30.5,50,1,kan_bspline,kan_bspline_h2x2_p100,0.023861,mlp_relu,mlp_relu_for_kan_bspline_h5_p150_h37_p149,0.04519,-0.021329,kan
I.30.5,50,2,kan_bspline,kan_bspline_h2x2_p100,0.020453,mlp_relu,mlp_relu_for_kan_bspline_h5_p150_h37_p149,0.045582,-0.025129,kan
I.30.5,50,3,kan_gaussrbf,kan_gaussrbf_h3x3_p169,0.035932,mlp_relu,mlp_relu_for_kan_bspline_h5_p150_h37_p149,0.041264,-0.005332,kan
I.30.5,100,0,kan_bspline,kan_bspline_h3x3_p180,0.017879,mlp_relu,mlp_relu_for_kan_bspline_h5_p150_h37_p149,0.04001,-0.022131,kan
I.30.5,100,1,kan_gaussrbf,kan_gaussrbf_h3x3_p169,0.013685,mlp_relu,mlp_relu_for_kan_bspline_h5_p150_h37_p149,0.041166,-0.027481,kan
I.30.5,100,2,kan_gaussrbf,kan_gaussrbf_h3x3_p169,0.019456,mlp_relu,mlp_relu_for_kan_bspline_h5_p150_h37_p149,0.048825,-0.02937,kan
I.30.5,100,3,kan_gaussrbf,kan_gaussrbf_h3x3_p169,0.017255,mlp_relu,mlp_relu_for_kan_bspline_h5_p150_h37_p149,0.038753,-0.021498,kan
I.30.5,200,0,kan_gaussrbf,kan_gaussrbf_h3x3_p169,0.017899,mlp_relu,mlp_relu_for_kan_bspline_h5_p150_h37_p149,0.041615,-0.023716,kan
I.30.5,200,1,kan_gaussrbf,kan_gaussrbf_h3x3_p169,0.013848,mlp_relu,mlp_relu_for_kan_bspline_h5_p150_h37_p149,0.044173,-0.030325,kan
I.30.5,200,2,kan_bspline,kan_bspline_h3x3_p180,0.016674,mlp_relu,mlp_relu_for_kan_bspline_h5_p150_h37_p149,0.046932,-0.030258,kan
I.30.5,200,3,kan_bspline,kan_bspline_h3x3_p180,0.013741,mlp_relu,mlp_relu_for_kan_bspline_h5_p150_h37_p149,0.038534,-0.024794,kan
I.30.5,500,0,kan_gaussrbf,kan_gaussrbf_h3x3_p169,0.014987,mlp_relu,mlp_relu_for_kan_bspline_h5_p150_h37_p149,0.040944,-0.025957,kan
I.30.5,500,1,kan_gaussrbf,kan_gaussrbf_h3x3_p169,0.01388,mlp_relu,mlp_relu_for_kan_bspline_h5_p150_h37_p149,0.041033,-0.027153,kan
I.30.5,500,2,kan_gaussrbf,kan_gaussrbf_h3x3_p169,0.015163,mlp_relu,mlp_relu_for_kan_bspline_h5_p150_h37_p149,0.046627,-0.031464,kan
I.30.5,500,3,kan_gaussrbf,kan_gaussrbf_h3x3_p169,0.014946,mlp_relu,mlp_relu_for_kan_bspline_h5_p150_h37_p149,0.038096,-0.023151,kan
I.30.5,1000,0,kan_gaussrbf,kan_gaussrbf_h3x3_p169,0.01664,mlp_relu,mlp_relu_for_kan_bspline_h5_p150_h37_p149,0.034441,-0.017801,kan
I.30.5,1000,1,kan_gaussrbf,kan_gaussrbf_h3x3_p169,0.013489,mlp_relu,mlp_relu_for_kan_bspline_h5_p150_h37_p149,0.044317,-0.030827,kan
I.30.5,1000,2,kan_bspline,kan_bspline_h3x3_p180,0.013546,mlp_relu,mlp_relu_for_kan_bspline_h5_p150_h37_p149,0.040492,-0.026945,kan
I.30.5,1000,3,kan_gaussrbf,kan_gaussrbf_h3x3_p169,0.013058,mlp_relu,mlp_relu_for_kan_bspline_h5_p150_h37_p149,0.040112,-0.027054,kan
I.37.4,10,0,kan_gaussrbf,kan_gaussrbf_h1_p29,0.444013,mlp_relu,mlp_relu_for_kan_gaussrbf_h5_p141_h35_p141,0.218937,0.225076,mlp
I.37.4,10,1,kan_bspline,kan_bspline_h2_p60,0.276258,mlp_relu,mlp_relu_for_kan_gaussrbf_h5_p141_h35_p141,0.254827,0.021432,mlp
I.37.4,10,2,kan_bspline,kan_bspline_h2_p60,0.269399,mlp_relu,mlp_relu_for_kan_gaussrbf_h5_p141_h35_p141,0.228632,0.040767,mlp
I.37.4,10,3,kan_bspline,kan_bspline_h2_p60,0.286065,mlp_relu,mlp_relu_for_kan_gaussrbf_h5_p141_h35_p141,0.207383,0.078682,mlp
I.37.4,20,0,kan_bspline,kan_bspline_h5_p150,0.189269,mlp_sigmoid,mlp_sigmoid_for_kan_bspline_h4_p120_h30_p121,0.171026,0.018243,mlp
I.37.4,20,1,kan_bspline,kan_bspline_h5_p150,0.118311,mlp_sigmoid,mlp_sigmoid_for_kan_bspline_h4_p120_h30_p121,0.118076,0.000235,mlp
I.37.4,20,2,kan_bspline,kan_bspline_h5_p150,0.129641,mlp_sigmoid,mlp_sigmoid_for_kan_bspline_h4_p120_h30_p121,0.132178,-0.002537,kan
I.37.4,20,3,kan_gaussrbf,kan_gaussrbf_h4_p113,0.189605,mlp_sigmoid,mlp_sigmoid_for_kan_bspline_h4_p120_h30_p121,0.121624,0.067981,mlp
I.37.4,30,0,kan_bspline,kan_bspline_h4_p120,0.089274,mlp_relu,mlp_relu_for_kan_bspline_h5_p150_h37_p149,0.152568,-0.063294,kan
I.37.4,30,1,kan_bspline,kan_bspline_h4_p120,0.097496,mlp_relu,mlp_relu_for_kan_bspline_h5_p150_h37_p149,0.154633,-0.057137,kan
I.37.4,30,2,kan_bspline,kan_bspline_h4_p120,0.103483,mlp_relu,mlp_relu_for_kan_bspline_h5_p150_h37_p149,0.160163,-0.056681,kan
I.37.4,30,3,kan_gaussrbf,kan_gaussrbf_h5_p141,0.162091,mlp_relu,mlp_relu_for_kan_bspline_h5_p150_h37_p149,0.132143,0.029949,mlp
I.37.4,40,0,kan_bspline,kan_bspline_h5_p150,0.101736,mlp_relu,mlp_relu_for_kan_bspline_h5_p150_h37_p149,0.147028,-0.045292,kan
I.37.4,40,1,kan_gaussrbf,kan_gaussrbf_h3x3_p169,0.10015,mlp_relu,mlp_relu_for_kan_bspline_h5_p150_h37_p149,0.145411,-0.045262,kan
I.37.4,40,2,kan_bspline,kan_bspline_h5_p150,0.098444,mlp_relu,mlp_relu_for_kan_bspline_h5_p150_h37_p149,0.159801,-0.061357,kan
I.37.4,40,3,kan_bspline,kan_bspline_h5_p150,0.098543,mlp_relu,mlp_relu_for_kan_bspline_h5_p150_h37_p149,0.134294,-0.035751,kan
I.37.4,50,0,kan_gaussrbf,kan_gaussrbf_h2x2_p95,0.107268,mlp_relu,mlp_relu_for_kan_gaussrbf_h5_p141_h35_p141,0.144767,-0.037498,kan
I.37.4,50,1,kan_bspline,kan_bspline_h5_p150,0.08774,mlp_relu,mlp_relu_for_kan_gaussrbf_h5_p141_h35_p141,0.144224,-0.056485,kan
I.37.4,50,2,kan_bspline,kan_bspline_h5_p150,0.083014,mlp_relu,mlp_relu_for_kan_gaussrbf_h5_p141_h35_p141,0.15132,-0.068306,kan
I.37.4,50,3,kan_bspline,kan_bspline_h5_p150,0.085746,mlp_relu,mlp_relu_for_kan_gaussrbf_h5_p141_h35_p141,0.13507,-0.049324,kan
I.37.4,100,0,kan_gaussrbf,kan_gaussrbf_h3x3_p169,0.038413,mlp_relu,mlp_relu_for_kan_gaussrbf_h3x3_p169_h11x11_p177,0.079704,-0.041291,kan
I.37.4,100,1,kan_gaussrbf,kan_gaussrbf_h3x3_p169,0.031189,mlp_relu,mlp_relu_for_kan_gaussrbf_h3x3_p169_h11x11_p177,0.079681,-0.048492,kan
I.37.4,100,2,kan_gaussrbf,kan_gaussrbf_h3x3_p169,0.049976,mlp_relu,mlp_relu_for_kan_gaussrbf_h3x3_p169_h11x11_p177,0.07838,-0.028405,kan
I.37.4,100,3,kan_gaussrbf,kan_gaussrbf_h3x3_p169,0.037235,mlp_relu,mlp_relu_for_kan_gaussrbf_h3x3_p169_h11x11_p177,0.08961,-0.052375,kan
I.37.4,200,0,kan_gaussrbf,kan_gaussrbf_h3x3_p169,0.040192,mlp_relu,mlp_relu_for_kan_bspline_h3x3_p180_h11x11_p177,0.076471,-0.036279,kan
I.37.4,200,1,kan_gaussrbf,kan_gaussrbf_h3x3_p169,0.028238,mlp_relu,mlp_relu_for_kan_bspline_h3x3_p180_h11x11_p177,0.079476,-0.051238,kan
I.37.4,200,2,kan_gaussrbf,kan_gaussrbf_h3x3_p169,0.039278,mlp_relu,mlp_relu_for_kan_bspline_h3x3_p180_h11x11_p177,0.068483,-0.029205,kan
I.37.4,200,3,kan_gaussrbf,kan_gaussrbf_h3x3_p169,0.046611,mlp_relu,mlp_relu_for_kan_bspline_h3x3_p180_h11x11_p177,0.092489,-0.045877,kan
I.37.4,500,0,kan_gaussrbf,kan_gaussrbf_h3x3_p169,0.026564,mlp_relu,mlp_relu_for_kan_bspline_h3x3_p180_h11x11_p177,0.078021,-0.051457,kan
I.37.4,500,1,kan_gaussrbf,kan_gaussrbf_h3x3_p169,0.028556,mlp_relu,mlp_relu_for_kan_bspline_h3x3_p180_h11x11_p177,0.06963,-0.041073,kan
I.37.4,500,2,kan_gaussrbf,kan_gaussrbf_h3x3_p169,0.038192,mlp_relu,mlp_relu_for_kan_bspline_h3x3_p180_h11x11_p177,0.067211,-0.029019,kan
I.37.4,500,3,kan_gaussrbf,kan_gaussrbf_h3x3_p169,0.03629,mlp_relu,mlp_relu_for_kan_bspline_h3x3_p180_h11x11_p177,0.077563,-0.041274,kan
I.37.4,1000,0,kan_gaussrbf,kan_gaussrbf_h3x3_p169,0.032364,mlp_relu,mlp_relu_for_kan_bspline_h3x3_p180_h11x11_p177,0.092639,-0.060275,kan
I.37.4,1000,1,kan_gaussrbf,kan_gaussrbf_h3x3_p169,0.025899,mlp_relu,mlp_relu_for_kan_bspline_h3x3_p180_h11x11_p177,0.075374,-0.049474,kan
I.37.4,1000,2,kan_gaussrbf,kan_gaussrbf_h3x3_p169,0.035438,mlp_relu,mlp_relu_for_kan_bspline_h3x3_p180_h11x11_p177,0.070556,-0.035118,kan
I.37.4,1000,3,kan_gaussrbf,kan_gaussrbf_h3x3_p169,0.027338,mlp_relu,mlp_relu_for_kan_bspline_h3x3_p180_h11x11_p177,0.0781,-0.050762,kan
I.40.1,10,0,kan_bspline,kan_bspline_h5_p150,0.547974,mlp_relu,mlp_relu_for_kan_gaussrbf_h5_p141_h35_p141,0.403959,0.144015,mlp
I.40.1,10,1,kan_gaussrbf,kan_gaussrbf_h2_p57,0.627377,mlp_sigmoid,mlp_sigmoid_for_kan_bspline_h2x2_p100_h8x8_p105,0.366829,0.260548,mlp
I.40.1,10,2,kan_bspline,kan_bspline_h5_p150,0.537332,mlp_relu,mlp_relu_for_kan_gaussrbf_h5_p141_h35_p141,0.452295,0.085038,mlp
I.40.1,10,3,kan_bspline,kan_bspline_h5_p150,0.526136,mlp_sigmoid,mlp_sigmoid_for_kan_bspline_h2x2_p100_h8x8_p105,0.418411,0.107726,mlp
I.40.1,20,0,kan_bspline,kan_bspline_h5_p150,0.456305,mlp_relu,mlp_relu_for_kan_bspline_h5_p150_h37_p149,0.289832,0.166472,mlp
I.40.1,20,1,kan_bspline,kan_bspline_h5_p150,0.441011,mlp_relu,mlp_relu_for_kan_bspline_h5_p150_h37_p149,0.28854,0.15247,mlp
I.40.1,20,2,kan_bspline,kan_bspline_h5_p150,0.465425,mlp_relu,mlp_relu_for_kan_bspline_h5_p150_h37_p149,0.311036,0.154388,mlp
I.40.1,20,3,kan_bspline,kan_bspline_h5_p150,0.388825,mlp_relu,mlp_relu_for_kan_bspline_h5_p150_h37_p149,0.345217,0.043609,mlp
I.40.1,30,0,kan_gaussrbf,kan_gaussrbf_h3x3_p169,0.200162,mlp_relu,mlp_relu_for_kan_bspline_h3x3_p180_h11x11_p177,0.194159,0.006003,mlp
I.40.1,30,1,kan_bspline,kan_bspline_h2_p60,0.194414,mlp_relu,mlp_relu_for_kan_bspline_h3x3_p180_h11x11_p177,0.136553,0.057861,mlp
I.40.1,30,2,kan_bspline,kan_bspline_h2_p60,0.255581,mlp_relu,mlp_relu_for_kan_bspline_h3x3_p180_h11x11_p177,0.141508,0.114074,mlp
I.40.1,30,3,kan_bspline,kan_bspline_h2_p60,0.252773,mlp_relu,mlp_relu_for_kan_bspline_h3x3_p180_h11x11_p177,0.159324,0.09345,mlp
I.40.1,40,0,kan_bspline,kan_bspline_h2_p60,0.228551,mlp_relu,mlp_relu_for_kan_bspline_h3x3_p180_h11x11_p177,0.107096,0.121455,mlp
I.40.1,40,1,kan_bspline,kan_bspline_h2_p60,0.4006,mlp_relu,mlp_relu_for_kan_bspline_h3x3_p180_h11x11_p177,0.105338,0.295262,mlp
I.40.1,40,2,kan_gaussrbf,kan_gaussrbf_h2x2_p95,0.149047,mlp_relu,mlp_relu_for_kan_bspline_h3x3_p180_h11x11_p177,0.102728,0.046318,mlp
I.40.1,40,3,kan_gaussrbf,kan_gaussrbf_h2x2_p95,0.151926,mlp_relu,mlp_relu_for_kan_bspline_h3x3_p180_h11x11_p177,0.073284,0.078642,mlp
I.40.1,50,0,kan_bspline,kan_bspline_h1x1_p40,0.107079,mlp_relu,mlp_relu_for_kan_bspline_h3x3_p180_h11x11_p177,0.085275,0.021804,mlp
I.40.1,50,1,kan_gaussrbf,kan_gaussrbf_h2x2_p95,0.10505,mlp_relu,mlp_relu_for_kan_bspline_h3x3_p180_h11x11_p177,0.079956,0.025093,mlp
I.40.1,50,2,kan_gaussrbf,kan_gaussrbf_h2x2_p95,0.073188,mlp_relu,mlp_relu_for_kan_bspline_h3x3_p180_h11x11_p177,0.08292,-0.009732,kan
I.40.1,50,3,kan_gaussrbf,kan_gaussrbf_h2x2_p95,0.089807,mlp_relu,mlp_relu_for_kan_bspline_h3x3_p180_h11x11_p177,0.080835,0.008973,mlp
I.40.1,100,0,kan_bspline,kan_bspline_h3x3_p180,0.057912,mlp_relu,mlp_relu_for_kan_bspline_h3x3_p180_h11x11_p177,0.097601,-0.039689,kan
I.40.1,100,1,kan_gaussrbf,kan_gaussrbf_h3_p85,0.082472,mlp_relu,mlp_relu_for_kan_bspline_h3x3_p180_h11x11_p177,0.079105,0.003367,mlp
I.40.1,100,2,kan_bspline,kan_bspline_h3x3_p180,0.064426,mlp_relu,mlp_relu_for_kan_bspline_h3x3_p180_h11x11_p177,0.082526,-0.0181,kan
I.40.1,100,3,kan_bspline,kan_bspline_h3x3_p180,0.04983,mlp_relu,mlp_relu_for_kan_bspline_h3x3_p180_h11x11_p177,0.077139,-0.027308,kan
I.40.1,200,0,kan_bspline,kan_bspline_h3x3_p180,0.059014,mlp_relu,mlp_relu_for_kan_bspline_h3x3_p180_h11x11_p177,0.106069,-0.047055,kan
I.40.1,200,1,kan_bspline,kan_bspline_h3x3_p180,0.050155,mlp_relu,mlp_relu_for_kan_bspline_h3x3_p180_h11x11_p177,0.086297,-0.036142,kan
I.40.1,200,2,kan_bspline,kan_bspline_h3x3_p180,0.059751,mlp_relu,mlp_relu_for_kan_bspline_h3x3_p180_h11x11_p177,0.092802,-0.033051,kan
I.40.1,200,3,kan_bspline,kan_bspline_h3x3_p180,0.054245,mlp_relu,mlp_relu_for_kan_bspline_h3x3_p180_h11x11_p177,0.078374,-0.024129,kan
I.40.1,500,0,kan_gaussrbf,kan_gaussrbf_h3x3_p169,0.049441,mlp_relu,mlp_relu_for_kan_gaussrbf_h3x3_p169_h11x11_p177,0.077378,-0.027938,kan
I.40.1,500,1,kan_bspline,kan_bspline_h3x3_p180,0.048849,mlp_relu,mlp_relu_for_kan_gaussrbf_h3x3_p169_h11x11_p177,0.07524,-0.026392,kan
I.40.1,500,2,kan_bspline,kan_bspline_h3x3_p180,0.050269,mlp_relu,mlp_relu_for_kan_gaussrbf_h3x3_p169_h11x11_p177,0.076538,-0.026269,kan
I.40.1,500,3,kan_bspline,kan_bspline_h3x3_p180,0.048093,mlp_relu,mlp_relu_for_kan_gaussrbf_h3x3_p169_h11x11_p177,0.063678,-0.015585,kan
I.40.1,1000,0,kan_bspline,kan_bspline_h3x3_p180,0.04979,mlp_relu,mlp_relu_for_kan_bspline_h3x3_p180_h11x11_p177,0.06658,-0.01679,kan
I.40.1,1000,1,kan_bspline,kan_bspline_h3x3_p180,0.042614,mlp_relu,mlp_relu_for_kan_bspline_h3x3_p180_h11x11_p177,0.066542,-0.023928,kan
I.40.1,1000,2,kan_gaussrbf,kan_gaussrbf_h3x3_p169,0.033932,mlp_relu,mlp_relu_for_kan_bspline_h3x3_p180_h11x11_p177,0.074118,-0.040186,kan
I.40.1,1000,3,kan_gaussrbf,kan_gaussrbf_h3x3_p169,0.035167,mlp_relu,mlp_relu_for_kan_bspline_h3x3_p180_h11x11_p177,0.05836,-0.023192,kan
I.44.4,10,0,kan_bspline,kan_bspline_h5_p150,0.750032,mlp_relu,mlp_relu_for_kan_gaussrbf_h2x2_p95_h7x7_p85,0.540757,0.209275,mlp
I.44.4,10,1,kan_gaussrbf,kan_gaussrbf_h1_p29,0.747296,mlp_relu,mlp_relu_for_kan_gaussrbf_h2x2_p95_h7x7_p85,0.580084,0.167212,mlp
I.44.4,10,2,kan_bspline,kan_bspline_h5_p150,0.720156,mlp_relu,mlp_relu_for_kan_gaussrbf_h2x2_p95_h7x7_p85,0.583399,0.136757,mlp
I.44.4,10,3,kan_bspline,kan_bspline_h5_p150,0.821217,mlp_relu,mlp_relu_for_kan_gaussrbf_h2x2_p95_h7x7_p85,0.49402,0.327197,mlp
I.44.4,20,0,kan_gaussrbf,kan_gaussrbf_h3x3_p169,0.29369,mlp_relu,mlp_relu_for_kan_gaussrbf_h5_p141_h35_p141,0.160229,0.13346,mlp
I.44.4,20,1,kan_gaussrbf,kan_gaussrbf_h3x3_p169,0.299833,mlp_relu,mlp_relu_for_kan_gaussrbf_h5_p141_h35_p141,0.165935,0.133897,mlp
I.44.4,20,2,kan_bspline,kan_bspline_h5_p150,0.24516,mlp_relu,mlp_relu_for_kan_gaussrbf_h5_p141_h35_p141,0.167155,0.078005,mlp
I.44.4,20,3,kan_bspline,kan_bspline_h5_p150,0.199245,mlp_relu,mlp_relu_for_kan_gaussrbf_h5_p141_h35_p141,0.195057,0.004188,mlp
I.44.4,30,0,kan_bspline,kan_bspline_h5_p150,0.193421,mlp_relu,mlp_relu_for_kan_bspline_h3x3_p180_h11x11_p177,0.212207,-0.018786,kan
I.44.4,30,1,kan_bspline,kan_bspline_h5_p150,0.159685,mlp_relu,mlp_relu_for_kan_bspline_h3x3_p180_h11x11_p177,0.130985,0.028701,mlp
I.44.4,30,2,kan_bspline,kan_bspline_h5_p150,0.260617,mlp_relu,mlp_relu_for_kan_bspline_h3x3_p180_h11x11_p177,0.148096,0.112521,mlp
I.44.4,30,3,kan_bspline,kan_bspline_h5_p150,0.192151,mlp_relu,mlp_relu_for_kan_bspline_h3x3_p180_h11x11_p177,0.155657,0.036494,mlp
I.44.4,40,0,kan_bspline,kan_bspline_h5_p150,0.176629,mlp_relu,mlp_relu_for_kan_bspline_h4_p120_h30_p121,0.143154,0.033475,mlp
I.44.4,40,1,kan_bspline,kan_bspline_h5_p150,0.17908,mlp_relu,mlp_relu_for_kan_bspline_h4_p120_h30_p121,0.150816,0.028264,mlp
I.44.4,40,2,kan_bspline,kan_bspline_h5_p150,0.186173,mlp_relu,mlp_relu_for_kan_bspline_h4_p120_h30_p121,0.165336,0.020837,mlp
I.44.4,40,3,kan_bspline,kan_bspline_h5_p150,0.192212,mlp_relu,mlp_relu_for_kan_bspline_h4_p120_h30_p121,0.161014,0.031199,mlp
I.44.4,50,0,kan_bspline,kan_bspline_h3x3_p180,0.096731,mlp_relu,mlp_relu_for_kan_bspline_h5_p150_h37_p149,0.178957,-0.082225,kan
I.44.4,50,1,kan_gaussrbf,kan_gaussrbf_h2x2_p95,0.097817,mlp_relu,mlp_relu_for_kan_bspline_h5_p150_h37_p149,0.164317,-0.0665,kan
I.44.4,50,2,kan_bspline,kan_bspline_h3x3_p180,0.10759,mlp_relu,mlp_relu_for_kan_bspline_h5_p150_h37_p149,0.143106,-0.035516,kan
I.44.4,50,3,kan_gaussrbf,kan_gaussrbf_h2x2_p95,0.10241,mlp_relu,mlp_relu_for_kan_bspline_h5_p150_h37_p149,0.124516,-0.022106,kan
I.44.4,100,0,kan_gaussrbf,kan_gaussrbf_h3x3_p169,0.050882,mlp_relu,mlp_relu_for_kan_bspline_h3x3_p180_h11x11_p177,0.083761,-0.032879,kan
I.44.4,100,1,kan_gaussrbf,kan_gaussrbf_h3x3_p169,0.040299,mlp_relu,mlp_relu_for_kan_bspline_h3x3_p180_h11x11_p177,0.062679,-0.02238,kan
I.44.4,100,2,kan_bspline,kan_bspline_h3x3_p180,0.041964,mlp_relu,mlp_relu_for_kan_bspline_h3x3_p180_h11x11_p177,0.08033,-0.038366,kan
I.44.4,100,3,kan_bspline,kan_bspline_h3x3_p180,0.038641,mlp_relu,mlp_relu_for_kan_bspline_h3x3_p180_h11x11_p177,0.082673,-0.044032,kan
I.44.4,200,0,kan_bspline,kan_bspline_h3x3_p180,0.063984,mlp_relu,mlp_relu_for_kan_bspline_h3x3_p180_h11x11_p177,0.112443,-0.048459,kan
I.44.4,200,1,kan_gaussrbf,kan_gaussrbf_h3x3_p169,0.035551,mlp_relu,mlp_relu_for_kan_bspline_h3x3_p180_h11x11_p177,0.081501,-0.04595,kan
I.44.4,200,2,kan_gaussrbf,kan_gaussrbf_h3x3_p169,0.046465,mlp_relu,mlp_relu_for_kan_bspline_h3x3_p180_h11x11_p177,0.074488,-0.028023,kan
I.44.4,200,3,kan_gaussrbf,kan_gaussrbf_h3x3_p169,0.040359,mlp_relu,mlp_relu_for_kan_bspline_h3x3_p180_h11x11_p177,0.081394,-0.041035,kan
I.44.4,500,0,kan_gaussrbf,kan_gaussrbf_h3x3_p169,0.028715,mlp_relu,mlp_relu_for_kan_bspline_h3x3_p180_h11x11_p177,0.075034,-0.046319,kan
I.44.4,500,1,kan_bspline,kan_bspline_h3x3_p180,0.028102,mlp_relu,mlp_relu_for_kan_bspline_h3x3_p180_h11x11_p177,0.069564,-0.041462,kan
I.44.4,500,2,kan_gaussrbf,kan_gaussrbf_h3x3_p169,0.035985,mlp_relu,mlp_relu_for_kan_bspline_h3x3_p180_h11x11_p177,0.0684,-0.032415,kan
I.44.4,500,3,kan_bspline,kan_bspline_h3x3_p180,0.03464,mlp_relu,mlp_relu_for_kan_bspline_h3x3_p180_h11x11_p177,0.070298,-0.035658,kan
I.44.4,1000,0,kan_bspline,kan_bspline_h3x3_p180,0.027785,mlp_relu,mlp_relu_for_kan_bspline_h3x3_p180_h11x11_p177,0.070101,-0.042317,kan
I.44.4,1000,1,kan_gaussrbf,kan_gaussrbf_h3x3_p169,0.027524,mlp_relu,mlp_relu_for_kan_bspline_h3x3_p180_h11x11_p177,0.066665,-0.039141,kan
I.44.4,1000,2,kan_gaussrbf,kan_gaussrbf_h3x3_p169,0.03145,mlp_relu,mlp_relu_for_kan_bspline_h3x3_p180_h11x11_p177,0.073732,-0.042282,kan
I.44.4,1000,3,kan_bspline,kan_bspline_h3x3_p180,0.027966,mlp_relu,mlp_relu_for_kan_bspline_h3x3_p180_h11x11_p177,0.066764,-0.038798,kan
I.50.26,10,0,kan_bspline,kan_bspline_h3_p90,0.601758,mlp_relu,mlp_relu_for_kan_gaussrbf_h5_p141_h35_p141,0.548695,0.053063,mlp
I.50.26,10,1,kan_bspline,kan_bspline_h3_p90,0.622985,mlp_relu,mlp_relu_for_kan_gaussrbf_h5_p141_h35_p141,0.532024,0.090961,mlp
I.50.26,10,2,kan_bspline,kan_bspline_h3_p90,0.577059,mlp_relu,mlp_relu_for_kan_gaussrbf_h5_p141_h35_p141,0.604214,-0.027155,kan
I.50.26,10,3,kan_gaussrbf,kan_gaussrbf_h5_p141,0.634252,mlp_relu,mlp_relu_for_kan_gaussrbf_h5_p141_h35_p141,0.590203,0.04405,mlp
I.50.26,20,0,kan_bspline,kan_bspline_h1_p30,0.918667,mlp_relu,mlp_relu_for_kan_gaussrbf_h4_p113_h28_p113,0.474126,0.444541,mlp
I.50.26,20,1,kan_bspline,kan_bspline_h1_p30,0.379045,mlp_relu,mlp_relu_for_kan_gaussrbf_h4_p113_h28_p113,0.39349,-0.014445,kan
I.50.26,20,2,kan_bspline,kan_bspline_h1_p30,0.382568,mlp_relu,mlp_relu_for_kan_gaussrbf_h4_p113_h28_p113,0.407237,-0.024669,kan
I.50.26,20,3,kan_bspline,kan_bspline_h1_p30,0.386733,mlp_relu,mlp_relu_for_kan_gaussrbf_h4_p113_h28_p113,0.400526,-0.013793,kan
I.50.26,30,0,kan_bspline,kan_bspline_h5_p150,0.274314,mlp_relu,mlp_relu_for_kan_gaussrbf_h3x3_p169_h11x11_p177,0.398796,-0.124481,kan
I.50.26,30,1,kan_bspline,kan_bspline_h5_p150,0.283732,mlp_relu,mlp_relu_for_kan_gaussrbf_h3x3_p169_h11x11_p177,0.358422,-0.07469,kan
I.50.26,30,2,kan_bspline,kan_bspline_h5_p150,0.316112,mlp_relu,mlp_relu_for_kan_gaussrbf_h3x3_p169_h11x11_p177,0.309036,0.007076,mlp
I.50.26,30,3,kan_bspline,kan_bspline_h5_p150,0.228239,mlp_relu,mlp_relu_for_kan_gaussrbf_h3x3_p169_h11x11_p177,0.439023,-0.210783,kan
I.50.26,40,0,kan_bspline,kan_bspline_h2x2_p100,0.267334,mlp_relu,mlp_relu_for_kan_gaussrbf_h3x3_p169_h11x11_p177,0.278941,-0.011607,kan
I.50.26,40,1,kan_bspline,kan_bspline_h2x2_p100,0.260942,mlp_relu,mlp_relu_for_kan_gaussrbf_h3x3_p169_h11x11_p177,0.28809,-0.027148,kan
I.50.26,40,2,kan_bspline,kan_bspline_h2x2_p100,0.286589,mlp_relu,mlp_relu_for_kan_gaussrbf_h3x3_p169_h11x11_p177,0.312848,-0.026259,kan
I.50.26,40,3,kan_gaussrbf,kan_gaussrbf_h3_p85,0.182462,mlp_relu,mlp_relu_for_kan_gaussrbf_h3x3_p169_h11x11_p177,0.352653,-0.170191,kan
I.50.26,50,0,kan_gaussrbf,kan_gaussrbf_h3x3_p169,0.143256,mlp_relu,mlp_relu_for_kan_bspline_h3x3_p180_h11x11_p177,0.339055,-0.195799,kan
I.50.26,50,1,kan_gaussrbf,kan_gaussrbf_h3x3_p169,0.180926,mlp_relu,mlp_relu_for_kan_bspline_h3x3_p180_h11x11_p177,0.267692,-0.086766,kan
I.50.26,50,2,kan_gaussrbf,kan_gaussrbf_h3x3_p169,0.124059,mlp_relu,mlp_relu_for_kan_bspline_h3x3_p180_h11x11_p177,0.280283,-0.156224,kan
I.50.26,50,3,kan_gaussrbf,kan_gaussrbf_h3x3_p169,0.137442,mlp_relu,mlp_relu_for_kan_bspline_h3x3_p180_h11x11_p177,0.283412,-0.14597,kan
I.50.26,100,0,kan_gaussrbf,kan_gaussrbf_h5_p141,0.089305,mlp_relu,mlp_relu_for_kan_bspline_h3x3_p180_h11x11_p177,0.245717,-0.156413,kan
I.50.26,100,1,kan_gaussrbf,kan_gaussrbf_h5_p141,0.089001,mlp_relu,mlp_relu_for_kan_bspline_h3x3_p180_h11x11_p177,0.332684,-0.243683,kan
I.50.26,100,2,kan_gaussrbf,kan_gaussrbf_h5_p141,0.089627,mlp_relu,mlp_relu_for_kan_bspline_h3x3_p180_h11x11_p177,0.280621,-0.190994,kan
I.50.26,100,3,kan_gaussrbf,kan_gaussrbf_h5_p141,0.12649,mlp_relu,mlp_relu_for_kan_bspline_h3x3_p180_h11x11_p177,0.241033,-0.114544,kan
I.50.26,200,0,kan_gaussrbf,kan_gaussrbf_h3x3_p169,0.104917,mlp_relu,mlp_relu_for_kan_bspline_h3x3_p180_h11x11_p177,0.304086,-0.199169,kan
I.50.26,200,1,kan_gaussrbf,kan_gaussrbf_h3x3_p169,0.115501,mlp_relu,mlp_relu_for_kan_bspline_h3x3_p180_h11x11_p177,0.324121,-0.208619,kan
I.50.26,200,2,kan_gaussrbf,kan_gaussrbf_h3x3_p169,0.0991,mlp_relu,mlp_relu_for_kan_bspline_h3x3_p180_h11x11_p177,0.283721,-0.184621,kan
I.50.26,200,3,kan_bspline,kan_bspline_h3x3_p180,0.099773,mlp_relu,mlp_relu_for_kan_bspline_h3x3_p180_h11x11_p177,0.281279,-0.181505,kan
I.50.26,500,0,kan_gaussrbf,kan_gaussrbf_h3x3_p169,0.067219,mlp_relu,mlp_relu_for_kan_bspline_h3x3_p180_h11x11_p177,0.29974,-0.232521,kan
I.50.26,500,1,kan_gaussrbf,kan_gaussrbf_h3x3_p169,0.064459,mlp_relu,mlp_relu_for_kan_bspline_h3x3_p180_h11x11_p177,0.293517,-0.229058,kan
I.50.26,500,2,kan_gaussrbf,kan_gaussrbf_h3x3_p169,0.123993,mlp_relu,mlp_relu_for_kan_bspline_h3x3_p180_h11x11_p177,0.265552,-0.141559,kan
I.50.26,500,3,kan_gaussrbf,kan_gaussrbf_h3x3_p169,0.071319,mlp_relu,mlp_relu_for_kan_bspline_h3x3_p180_h11x11_p177,0.232507,-0.161189,kan
I.50.26,1000,0,kan_gaussrbf,kan_gaussrbf_h3x3_p169,0.051186,mlp_relu,mlp_relu_for_kan_gaussrbf_h3x3_p169_h11x11_p177,0.297335,-0.246149,kan
I.50.26,1000,1,kan_gaussrbf,kan_gaussrbf_h3x3_p169,0.047714,mlp_relu,mlp_relu_for_kan_gaussrbf_h3x3_p169_h11x11_p177,0.266187,-0.218472,kan
I.50.26,1000,2,kan_gaussrbf,kan_gaussrbf_h3x3_p169,0.038435,mlp_relu,mlp_relu_for_kan_gaussrbf_h3x3_p169_h11x11_p177,0.254924,-0.21649,kan
I.50.26,1000,3,kan_gaussrbf,kan_gaussrbf_h3x3_p169,0.061353,mlp_relu,mlp_relu_for_kan_gaussrbf_h3x3_p169_h11x11_p177,0.218387,-0.157034,kan
I.6.2,10,0,kan_gaussrbf,kan_gaussrbf_h3x3_p169,0.848415,mlp_relu,mlp_relu_for_kan_gaussrbf_h2x2_p95_h7x7_p85,0.99218,-0.143765,kan
I.6.2,10,1,kan_bspline,kan_bspline_h3x3_p180,0.857893,mlp_sigmoid,mlp_sigmoid_for_kan_gaussrbf_h4_p113_h28_p113,0.908383,-0.05049,kan
I.6.2,10,2,kan_gaussrbf,kan_gaussrbf_h3x3_p169,0.963452,mlp_sigmoid,mlp_sigmoid_for_kan_gaussrbf_h4_p113_h28_p113,0.848922,0.11453,mlp
I.6.2,10,3,kan_bspline,kan_bspline_h3x3_p180,0.866778,mlp_sigmoid,mlp_sigmoid_for_kan_gaussrbf_h4_p113_h28_p113,0.882877,-0.016099,kan
I.6.2,10,4,kan_gaussrbf,kan_gaussrbf_h3x3_p169,0.971511,mlp_sigmoid,mlp_sigmoid_for_kan_gaussrbf_h4_p113_h28_p113,0.826531,0.144979,mlp
I.6.2,20,0,kan_bspline,kan_bspline_h1_p30,0.889962,mlp_relu,mlp_relu_for_kan_bspline_h1x1_p40_h4x4_p37,0.55092,0.339042,mlp
I.6.2,20,1,kan_gaussrbf,kan_gaussrbf_h1_p29,0.67403,mlp_relu,mlp_relu_for_kan_bspline_h1x1_p40_h4x4_p37,0.532389,0.14164,mlp
I.6.2,20,2,kan_bspline,kan_bspline_h1_p30,0.851197,mlp_sigmoid,mlp_sigmoid_for_kan_bspline_h5_p150_h37_p149,0.724317,0.12688,mlp
I.6.2,20,3,kan_gaussrbf,kan_gaussrbf_h1_p29,0.627309,mlp_relu,mlp_relu_for_kan_bspline_h1x1_p40_h4x4_p37,0.617828,0.00948,mlp
I.6.2,20,4,kan_gaussrbf,kan_gaussrbf_h1_p29,0.765689,mlp_sigmoid,mlp_sigmoid_for_kan_bspline_h5_p150_h37_p149,0.794043,-0.028354,kan
I.6.2,30,0,kan_bspline,kan_bspline_h3x3_p180,0.270449,mlp_sigmoid,mlp_sigmoid_for_kan_bspline_h3x3_p180_h11x11_p177,0.28799,-0.017541,kan
I.6.2,30,1,kan_bspline,kan_bspline_h3x3_p180,0.190741,mlp_relu,mlp_relu_for_kan_bspline_h2x2_p100_h8x8_p105,0.268562,-0.077821,kan
I.6.2,30,2,kan_bspline,kan_bspline_h3x3_p180,0.225044,mlp_sigmoid,mlp_sigmoid_for_kan_bspline_h3x3_p180_h11x11_p177,0.293293,-0.068249,kan
I.6.2,30,3,kan_bspline,kan_bspline_h3x3_p180,0.203352,mlp_relu,mlp_relu_for_kan_bspline_h2x2_p100_h8x8_p105,0.249479,-0.046127,kan
I.6.2,30,4,kan_bspline,kan_bspline_h3x3_p180,0.184724,mlp_sigmoid,mlp_sigmoid_for_kan_bspline_h3x3_p180_h11x11_p177,0.314719,-0.129995,kan
I.6.2,40,0,kan_bspline,kan_bspline_h5_p150,0.205053,mlp_relu,mlp_relu_for_kan_bspline_h3x3_p180_h11x11_p177,0.249616,-0.044563,kan
I.6.2,40,1,kan_gaussrbf,kan_gaussrbf_h2x2_p95,0.140203,mlp_relu,mlp_relu_for_kan_bspline_h3x3_p180_h11x11_p177,0.26503,-0.124828,kan
I.6.2,40,2,kan_gaussrbf,kan_gaussrbf_h2x2_p95,0.173044,mlp_sigmoid,mlp_sigmoid_for_kan_gaussrbf_h3x3_p169_h11x11_p177,0.321745,-0.148701,kan
I.6.2,40,3,kan_bspline,kan_bspline_h5_p150,0.21232,mlp_sigmoid,mlp_sigmoid_for_kan_gaussrbf_h3x3_p169_h11x11_p177,0.282712,-0.070391,kan
I.6.2,40,4,kan_gaussrbf,kan_gaussrbf_h2x2_p95,0.154132,mlp_relu,mlp_relu_for_kan_bspline_h3x3_p180_h11x11_p177,0.313843,-0.159711,kan
I.6.2,50,0,kan_gaussrbf,kan_gaussrbf_h3x3_p169,0.126806,mlp_relu,mlp_relu_for_kan_bspline_h3x3_p180_h11x11_p177,0.210571,-0.083765,kan
I.6.2,50,1,kan_gaussrbf,kan_gaussrbf_h3x3_p169,0.193028,mlp_relu,mlp_relu_for_kan_bspline_h3x3_p180_h11x11_p177,0.261687,-0.068659,kan
I.6.2,50,2,kan_bspline,kan_bspline_h3x3_p180,0.123175,mlp_relu,mlp_relu_for_kan_bspline_h3x3_p180_h11x11_p177,0.216702,-0.093527,kan
I.6.2,50,3,kan_bspline,kan_bspline_h3x3_p180,0.114125,mlp_relu,mlp_relu_for_kan_bspline_h3x3_p180_h11x11_p177,0.246436,-0.132311,kan
I.6.2,50,4,kan_bspline,kan_bspline_h3x3_p180,0.095117,mlp_relu,mlp_relu_for_kan_bspline_h3x3_p180_h11x11_p177,0.30444,-0.209323,kan
I.6.2,100,0,kan_gaussrbf,kan_gaussrbf_h3x3_p169,0.065683,mlp_relu,mlp_relu_for_kan_bspline_h3x3_p180_h11x11_p177,0.199462,-0.133779,kan
I.6.2,100,1,kan_gaussrbf,kan_gaussrbf_h3x3_p169,0.079165,mlp_relu,mlp_relu_for_kan_bspline_h3x3_p180_h11x11_p177,0.187581,-0.108416,kan
I.6.2,100,2,kan_gaussrbf,kan_gaussrbf_h3x3_p169,0.079755,mlp_relu,mlp_relu_for_kan_bspline_h3x3_p180_h11x11_p177,0.234451,-0.154696,kan
I.6.2,100,3,kan_gaussrbf,kan_gaussrbf_h3x3_p169,0.077145,mlp_relu,mlp_relu_for_kan_bspline_h3x3_p180_h11x11_p177,0.203445,-0.126299,kan
I.6.2,100,4,kan_gaussrbf,kan_gaussrbf_h3x3_p169,0.078535,mlp_relu,mlp_relu_for_kan_bspline_h3x3_p180_h11x11_p177,0.217631,-0.139096,kan
I.6.2,200,0,kan_gaussrbf,kan_gaussrbf_h3x3_p169,0.086636,mlp_relu,mlp_relu_for_kan_bspline_h3x3_p180_h11x11_p177,0.255474,-0.168838,kan
I.6.2,200,1,kan_gaussrbf,kan_gaussrbf_h3x3_p169,0.074339,mlp_relu,mlp_relu_for_kan_bspline_h3x3_p180_h11x11_p177,0.185537,-0.111197,kan
I.6.2,200,2,kan_gaussrbf,kan_gaussrbf_h3x3_p169,0.101552,mlp_relu,mlp_relu_for_kan_bspline_h3x3_p180_h11x11_p177,0.225841,-0.124289,kan
I.6.2,200,3,kan_gaussrbf,kan_gaussrbf_h3x3_p169,0.09609,mlp_relu,mlp_relu_for_kan_bspline_h3x3_p180_h11x11_p177,0.162922,-0.066833,kan
I.6.2,200,4,kan_gaussrbf,kan_gaussrbf_h3x3_p169,0.085082,mlp_relu,mlp_relu_for_kan_bspline_h3x3_p180_h11x11_p177,0.194384,-0.109303,kan
I.6.2,500,0,kan_gaussrbf,kan_gaussrbf_h3x3_p169,0.072484,mlp_relu,mlp_relu_for_kan_gaussrbf_h3x3_p169_h11x11_p177,0.16942,-0.096936,kan
I.6.2,500,1,kan_gaussrbf,kan_gaussrbf_h3x3_p169,0.073451,mlp_relu,mlp_relu_for_kan_gaussrbf_h3x3_p169_h11x11_p177,0.184217,-0.110766,kan
I.6.2,500,2,kan_gaussrbf,kan_gaussrbf_h3x3_p169,0.065007,mlp_relu,mlp_relu_for_kan_gaussrbf_h3x3_p169_h11x11_p177,0.210545,-0.145537,kan
I.6.2,500,3,kan_gaussrbf,kan_gaussrbf_h3x3_p169,0.08526,mlp_relu,mlp_relu_for_kan_gaussrbf_h3x3_p169_h11x11_p177,0.126001,-0.040741,kan
I.6.2,500,4,kan_gaussrbf,kan_gaussrbf_h3x3_p169,0.071896,mlp_relu,mlp_relu_for_kan_gaussrbf_h3x3_p169_h11x11_p177,0.187582,-0.115687,kan
I.6.2,1000,0,kan_gaussrbf,kan_gaussrbf_h3x3_p169,0.064711,mlp_relu,mlp_relu_for_kan_bspline_h3x3_p180_h11x11_p177,0.193145,-0.128434,kan
I.6.2,1000,1,kan_gaussrbf,kan_gaussrbf_h3x3_p169,0.057191,mlp_relu,mlp_relu_for_kan_bspline_h3x3_p180_h11x11_p177,0.182038,-0.124847,kan
I.6.2,1000,2,kan_gaussrbf,kan_gaussrbf_h3x3_p169,0.058816,mlp_relu,mlp_relu_for_kan_bspline_h3x3_p180_h11x11_p177,0.207035,-0.148219,kan
I.6.2,1000,3,kan_gaussrbf,kan_gaussrbf_h3x3_p169,0.079676,mlp_relu,mlp_relu_for_kan_bspline_h3x3_p180_h11x11_p177,0.109791,-0.030115,kan
I.6.2,1000,4,kan_gaussrbf,kan_gaussrbf_h3x3_p169,0.06861,mlp_relu,mlp_relu_for_kan_bspline_h3x3_p180_h11x11_p177,0.172272,-0.103661,kan
I.6.2b,10,0,kan_bspline,kan_bspline_h1_p30,1.000882,mlp_relu,mlp_relu_for_kan_bspline_h1_p30_h7_p29,1.000882,0.0,mlp
I.6.2b,10,1,kan_bspline,kan_bspline_h1_p30,1.000882,mlp_relu,mlp_relu_for_kan_bspline_h1_p30_h7_p29,1.000882,0.0,mlp
I.6.2b,10,2,kan_bspline,kan_bspline_h1_p30,1.000882,mlp_relu,mlp_relu_for_kan_bspline_h1_p30_h7_p29,1.000882,0.0,mlp
I.6.2b,10,3,kan_bspline,kan_bspline_h1_p30,1.000882,mlp_relu,mlp_relu_for_kan_bspline_h1_p30_h7_p29,1.000882,0.0,mlp
I.6.2b,10,4,kan_bspline,kan_bspline_h1_p30,1.000882,mlp_relu,mlp_relu_for_kan_bspline_h1_p30_h7_p29,1.000882,0.0,mlp
I.6.2b,20,0,kan_bspline,kan_bspline_h1_p30,1.000882,mlp_relu,mlp_relu_for_kan_bspline_h1_p30_h7_p29,1.000882,0.0,mlp
I.6.2b,20,1,kan_bspline,kan_bspline_h1_p30,1.000882,mlp_relu,mlp_relu_for_kan_bspline_h1_p30_h7_p29,1.000882,0.0,mlp
I.6.2b,20,2,kan_bspline,kan_bspline_h1_p30,1.000882,mlp_relu,mlp_relu_for_kan_bspline_h1_p30_h7_p29,1.000882,0.0,mlp
I.6.2b,20,3,kan_bspline,kan_bspline_h1_p30,1.000882,mlp_relu,mlp_relu_for_kan_bspline_h1_p30_h7_p29,1.000882,0.0,mlp
I.6.2b,20,4,kan_bspline,kan_bspline_h1_p30,1.000882,mlp_relu,mlp_relu_for_kan_bspline_h1_p30_h7_p29,1.000882,0.0,mlp
I.6.2b,30,0,kan_bspline,kan_bspline_h2x2_p100,1.000882,mlp_relu,mlp_relu_for_kan_bspline_h2_p60_h15_p61,1.000882,0.0,mlp
I.6.2b,30,1,kan_bspline,kan_bspline_h2x2_p100,1.000882,mlp_relu,mlp_relu_for_kan_bspline_h2_p60_h15_p61,1.000882,0.0,mlp
I.6.2b,30,2,kan_gaussrbf,kan_gaussrbf_h5_p141,1.000882,mlp_relu,mlp_relu_for_kan_bspline_h2_p60_h15_p61,1.000882,0.0,mlp
I.6.2b,30,3,kan_gaussrbf,kan_gaussrbf_h5_p141,1.000882,mlp_relu,mlp_relu_for_kan_bspline_h2_p60_h15_p61,1.000882,0.0,mlp
I.6.2b,30,4,kan_bspline,kan_bspline_h2x2_p100,1.000882,mlp_relu,mlp_relu_for_kan_bspline_h2_p60_h15_p61,1.000882,0.0,mlp
I.6.2b,40,0,kan_bspline,kan_bspline_h1x1_p40,1.000882,mlp_sigmoid,mlp_sigmoid_for_kan_gaussrbf_h2x2_p95_h7x7_p85,1.000882,0.0,mlp
I.6.2b,40,1,kan_bspline,kan_bspline_h1x1_p40,1.000882,mlp_relu,mlp_relu_for_kan_gaussrbf_h2x2_p95_h7x7_p85,1.000882,0.0,mlp
I.6.2b,40,2,kan_gaussrbf,kan_gaussrbf_h3x3_p169,1.000882,mlp_relu,mlp_relu_for_kan_gaussrbf_h2x2_p95_h7x7_p85,1.000882,0.0,mlp
I.6.2b,40,3,kan_bspline,kan_bspline_h1x1_p40,1.000882,mlp_relu,mlp_relu_for_kan_gaussrbf_h2x2_p95_h7x7_p85,1.000882,-0.0,kan
I.6.2b,40,4,kan_bspline,kan_bspline_h1x1_p40,1.000882,mlp_relu,mlp_relu_for_kan_gaussrbf_h2x2_p95_h7x7_p85,1.000882,0.0,mlp
I.6.2b,50,0,kan_bspline,kan_bspline_h2x2_p100,1.000882,mlp_relu,mlp_relu_for_kan_gaussrbf_h1x1_p39_h4x4_p37,1.000882,0.0,mlp
I.6.2b,50,1,kan_gaussrbf,kan_gaussrbf_h3_p85,1.000882,mlp_relu,mlp_relu_for_kan_gaussrbf_h1x1_p39_h4x4_p37,1.000882,0.0,mlp
I.6.2b,50,2,kan_bspline,kan_bspline_h2x2_p100,1.000882,mlp_sigmoid,mlp_sigmoid_for_kan_gaussrbf_h3x3_p169_h11x11_p177,1.000882,0.0,mlp
I.6.2b,50,3,kan_bspline,kan_bspline_h2x2_p100,1.000882,mlp_sigmoid,mlp_sigmoid_for_kan_gaussrbf_h3x3_p169_h11x11_p177,1.000882,-0.0,kan
I.6.2b,50,4,kan_bspline,kan_bspline_h2x2_p100,1.000882,mlp_relu,mlp_relu_for_kan_gaussrbf_h1x1_p39_h4x4_p37,1.000882,0.0,mlp
I.6.2b,100,0,kan_bspline,kan_bspline_h5_p150,1.000882,mlp_relu,mlp_relu_for_kan_bspline_h3x3_p180_h11x11_p177,1.000882,-0.0,kan
I.6.2b,100,1,kan_bspline,kan_bspline_h5_p150,1.000882,mlp_relu,mlp_relu_for_kan_bspline_h3x3_p180_h11x11_p177,1.000882,-0.0,kan
I.6.2b,100,2,kan_bspline,kan_bspline_h5_p150,1.000882,mlp_relu,mlp_relu_for_kan_bspline_h3x3_p180_h11x11_p177,1.000882,-0.0,kan
I.6.2b,100,3,kan_bspline,kan_bspline_h5_p150,1.000882,mlp_relu,mlp_relu_for_kan_bspline_h3x3_p180_h11x11_p177,1.000882,-0.0,kan
I.6.2b,100,4,kan_bspline,kan_bspline_h5_p150,1.000882,mlp_relu,mlp_relu_for_kan_bspline_h3x3_p180_h11x11_p177,1.000882,-0.0,kan
I.6.2b,200,0,kan_bspline,kan_bspline_h3x3_p180,1.000882,mlp_relu,mlp_relu_for_kan_gaussrbf_h3x3_p169_h11x11_p177,1.000882,-0.0,kan
I.6.2b,200,1,kan_bspline,kan_bspline_h3x3_p180,1.000882,mlp_relu,mlp_relu_for_kan_gaussrbf_h3x3_p169_h11x11_p177,1.000882,-0.0,kan
I.6.2b,200,2,kan_gaussrbf,kan_gaussrbf_h3x3_p169,1.000882,mlp_relu,mlp_relu_for_kan_gaussrbf_h3x3_p169_h11x11_p177,1.000882,-0.0,kan
I.6.2b,200,3,kan_bspline,kan_bspline_h3x3_p180,1.000882,mlp_relu,mlp_relu_for_kan_gaussrbf_h3x3_p169_h11x11_p177,1.000882,-0.0,kan
I.6.2b,200,4,kan_bspline,kan_bspline_h3x3_p180,1.000882,mlp_relu,mlp_relu_for_kan_gaussrbf_h3x3_p169_h11x11_p177,1.000882,-0.0,kan
I.6.2b,500,0,kan_bspline,kan_bspline_h3x3_p180,0.97188,mlp_relu,mlp_relu_for_kan_bspline_h3x3_p180_h11x11_p177,0.99506,-0.02318,kan
I.6.2b,500,1,kan_gaussrbf,kan_gaussrbf_h3x3_p169,0.970028,mlp_relu,mlp_relu_for_kan_bspline_h3x3_p180_h11x11_p177,0.987251,-0.017223,kan
I.6.2b,500,2,kan_bspline,kan_bspline_h3x3_p180,0.971342,mlp_relu,mlp_relu_for_kan_bspline_h3x3_p180_h11x11_p177,0.98923,-0.017888,kan
I.6.2b,500,3,kan_bspline,kan_bspline_h3x3_p180,0.976271,mlp_relu,mlp_relu_for_kan_bspline_h3x3_p180_h11x11_p177,0.991679,-0.015409,kan
I.6.2b,500,4,kan_gaussrbf,kan_gaussrbf_h3x3_p169,0.970154,mlp_relu,mlp_relu_for_kan_bspline_h3x3_p180_h11x11_p177,0.990207,-0.020053,kan
I.6.2b,1000,0,kan_bspline,kan_bspline_h3x3_p180,0.987347,mlp_relu,mlp_relu_for_kan_bspline_h3x3_p180_h11x11_p177,0.996496,-0.009149,kan
I.6.2b,1000,1,kan_gaussrbf,kan_gaussrbf_h3x3_p169,0.98949,mlp_relu,mlp_relu_for_kan_bspline_h3x3_p180_h11x11_p177,0.996112,-0.006621,kan
I.6.2b,1000,2,kan_bspline,kan_bspline_h3x3_p180,0.989398,mlp_relu,mlp_relu_for_kan_bspline_h3x3_p180_h11x11_p177,0.994199,-0.004801,kan
I.6.2b,1000,3,kan_gaussrbf,kan_gaussrbf_h3x3_p169,0.987739,mlp_relu,mlp_relu_for_kan_bspline_h3x3_p180_h11x11_p177,0.996451,-0.008712,kan
I.6.2b,1000,4,kan_bspline,kan_bspline_h3x3_p180,0.987573,mlp_relu,mlp_relu_for_kan_bspline_h3x3_p180_h11x11_p177,0.99535,-0.007777,kan
I.9.18,10,0,kan_bspline,kan_bspline_h3_p90,0.904725,mlp_relu,mlp_relu_for_kan_gaussrbf_h2x2_p95_h7x7_p85,0.823411,0.081313,mlp
I.9.18,10,1,kan_gaussrbf,kan_gaussrbf_h1x1_p39,0.974113,mlp_relu,mlp_relu_for_kan_gaussrbf_h2x2_p95_h7x7_p85,0.840799,0.133315,mlp
I.9.18,10,2,kan_bspline,kan_bspline_h3_p90,0.939661,mlp_relu,mlp_relu_for_kan_gaussrbf_h2x2_p95_h7x7_p85,0.826903,0.112758,mlp
I.9.18,10,3,kan_bspline,kan_bspline_h3_p90,0.940585,mlp_relu,mlp_relu_for_kan_gaussrbf_h2x2_p95_h7x7_p85,0.865605,0.07498,mlp
I.9.18,10,4,kan_bspline,kan_bspline_h3_p90,0.947541,mlp_sigmoid,mlp_sigmoid_for_kan_gaussrbf_h1x1_p39_h4x4_p37,0.911954,0.035588,mlp
I.9.18,20,0,kan_gaussrbf,kan_gaussrbf_h2x2_p95,0.839641,mlp_sigmoid,mlp_sigmoid_for_kan_bspline_h1x1_p40_h4x4_p37,0.731241,0.1084,mlp
I.9.18,20,1,kan_gaussrbf,kan_gaussrbf_h2x2_p95,0.86068,mlp_sigmoid,mlp_sigmoid_for_kan_bspline_h1x1_p40_h4x4_p37,0.781001,0.079679,mlp
I.9.18,20,2,kan_bspline,kan_bspline_h4_p120,0.935935,mlp_sigmoid,mlp_sigmoid_for_kan_bspline_h1x1_p40_h4x4_p37,0.72902,0.206914,mlp
I.9.18,20,3,kan_bspline,kan_bspline_h4_p120,0.807459,mlp_sigmoid,mlp_sigmoid_for_kan_bspline_h1x1_p40_h4x4_p37,0.701426,0.106033,mlp
I.9.18,20,4,kan_bspline,kan_bspline_h4_p120,0.761164,mlp_sigmoid,mlp_sigmoid_for_kan_bspline_h1x1_p40_h4x4_p37,0.740064,0.021099,mlp
I.9.18,30,0,kan_bspline,kan_bspline_h5_p150,0.81855,mlp_sigmoid,mlp_sigmoid_for_kan_bspline_h3x3_p180_h11x11_p177,0.595778,0.222772,mlp
I.9.18,30,1,kan_bspline,kan_bspline_h5_p150,0.78263,mlp_relu,mlp_relu_for_kan_gaussrbf_h3x3_p169_h11x11_p177,0.587872,0.194758,mlp
I.9.18,30,2,kan_bspline,kan_bspline_h5_p150,0.77826,mlp_sigmoid,mlp_sigmoid_for_kan_bspline_h3x3_p180_h11x11_p177,0.590347,0.187913,mlp
I.9.18,30,3,kan_bspline,kan_bspline_h5_p150,0.80593,mlp_sigmoid,mlp_sigmoid_for_kan_bspline_h3x3_p180_h11x11_p177,0.618652,0.187278,mlp
I.9.18,30,4,kan_gaussrbf,kan_gaussrbf_h5_p141,0.781428,mlp_sigmoid,mlp_sigmoid_for_kan_bspline_h3x3_p180_h11x11_p177,0.610311,0.171117,mlp
I.9.18,40,0,kan_bspline,kan_bspline_h3x3_p180,0.771869,mlp_sigmoid,mlp_sigmoid_for_kan_bspline_h4_p120_h30_p121,0.601375,0.170493,mlp
I.9.18,40,1,kan_bspline,kan_bspline_h3x3_p180,0.828299,mlp_sigmoid,mlp_sigmoid_for_kan_bspline_h4_p120_h30_p121,0.605368,0.222932,mlp
I.9.18,40,2,kan_bspline,kan_bspline_h3x3_p180,0.703973,mlp_sigmoid,mlp_sigmoid_for_kan_bspline_h4_p120_h30_p121,0.594362,0.109611,mlp
I.9.18,40,3,kan_bspline,kan_bspline_h3x3_p180,0.646299,mlp_sigmoid,mlp_sigmoid_for_kan_bspline_h4_p120_h30_p121,0.568767,0.077532,mlp
I.9.18,40,4,kan_bspline,kan_bspline_h3x3_p180,0.769979,mlp_relu,mlp_relu_for_kan_gaussrbf_h3x3_p169_h11x11_p177,0.57535,0.194629,mlp
I.9.18,50,0,kan_gaussrbf,kan_gaussrbf_h5_p141,0.74431,mlp_sigmoid,mlp_sigmoid_for_kan_bspline_h3x3_p180_h11x11_p177,0.45464,0.289671,mlp
I.9.18,50,1,kan_gaussrbf,kan_gaussrbf_h5_p141,0.766585,mlp_relu,mlp_relu_for_kan_gaussrbf_h3x3_p169_h11x11_p177,0.492713,0.273872,mlp
I.9.18,50,2,kan_bspline,kan_bspline_h3x3_p180,0.66747,mlp_sigmoid,mlp_sigmoid_for_kan_bspline_h3x3_p180_h11x11_p177,0.486327,0.181143,mlp
I.9.18,50,3,kan_bspline,kan_bspline_h3x3_p180,0.684255,mlp_sigmoid,mlp_sigmoid_for_kan_bspline_h3x3_p180_h11x11_p177,0.519031,0.165224,mlp
I.9.18,50,4,kan_bspline,kan_bspline_h3x3_p180,0.699473,mlp_relu,mlp_relu_for_kan_gaussrbf_h3x3_p169_h11x11_p177,0.564825,0.134648,mlp
I.9.18,100,0,kan_bspline,kan_bspline_h5_p150,0.695249,mlp_relu,mlp_relu_for_kan_bspline_h2x2_p100_h8x8_p105,0.387709,0.30754,mlp
I.9.18,100,1,kan_bspline,kan_bspline_h5_p150,0.686865,mlp_relu,mlp_relu_for_kan_bspline_h2x2_p100_h8x8_p105,0.427727,0.259139,mlp
I.9.18,100,2,kan_bspline,kan_bspline_h5_p150,0.605473,mlp_relu,mlp_relu_for_kan_bspline_h2x2_p100_h8x8_p105,0.402965,0.202508,mlp
I.9.18,100,3,kan_bspline,kan_bspline_h5_p150,0.600099,mlp_relu,mlp_relu_for_kan_bspline_h2x2_p100_h8x8_p105,0.378189,0.22191,mlp
I.9.18,100,4,kan_bspline,kan_bspline_h5_p150,0.651771,mlp_relu,mlp_relu_for_kan_bspline_h2x2_p100_h8x8_p105,0.459276,0.192495,mlp
I.9.18,200,0,kan_bspline,kan_bspline_h5_p150,0.639044,mlp_relu,mlp_relu_for_kan_gaussrbf_h3x3_p169_h11x11_p177,0.328592,0.310451,mlp
I.9.18,200,1,kan_bspline,kan_bspline_h5_p150,0.653104,mlp_relu,mlp_relu_for_kan_gaussrbf_h3x3_p169_h11x11_p177,0.384979,0.268125,mlp
I.9.18,200,2,kan_bspline,kan_bspline_h5_p150,0.643392,mlp_relu,mlp_relu_for_kan_gaussrbf_h3x3_p169_h11x11_p177,0.326708,0.316684,mlp
I.9.18,200,3,kan_bspline,kan_bspline_h5_p150,0.634766,mlp_relu,mlp_relu_for_kan_gaussrbf_h3x3_p169_h11x11_p177,0.408366,0.2264,mlp
I.9.18,200,4,kan_bspline,kan_bspline_h5_p150,0.557936,mlp_relu,mlp_relu_for_kan_gaussrbf_h3x3_p169_h11x11_p177,0.352044,0.205893,mlp
I.9.18,500,0,kan_bspline,kan_bspline_h4_p120,0.501518,mlp_relu,mlp_relu_for_kan_bspline_h3x3_p180_h11x11_p177,0.279671,0.221847,mlp
I.9.18,500,1,kan_gaussrbf,kan_gaussrbf_h5_p141,0.533893,mlp_relu,mlp_relu_for_kan_bspline_h3x3_p180_h11x11_p177,0.248821,0.285072,mlp
I.9.18,500,2,kan_bspline,kan_bspline_h4_p120,0.480156,mlp_relu,mlp_relu_for_kan_bspline_h3x3_p180_h11x11_p177,0.240086,0.24007,mlp
I.9.18,500,3,kan_bspline,kan_bspline_h4_p120,0.47955,mlp_relu,mlp_relu_for_kan_bspline_h3x3_p180_h11x11_p177,0.286296,0.193254,mlp
I.9.18,500,4,kan_gaussrbf,kan_gaussrbf_h5_p141,0.478702,mlp_relu,mlp_relu_for_kan_bspline_h3x3_p180_h11x11_p177,0.25037,0.228332,mlp
I.9.18,1000,0,kan_bspline,kan_bspline_h5_p150,0.486939,mlp_relu,mlp_relu_for_kan_bspline_h3x3_p180_h11x11_p177,0.295931,0.191008,mlp
I.9.18,1000,1,kan_gaussrbf,kan_gaussrbf_h3x3_p169,0.459586,mlp_relu,mlp_relu_for_kan_bspline_h3x3_p180_h11x11_p177,0.214904,0.244682,mlp
I.9.18,1000,2,kan_bspline,kan_bspline_h5_p150,0.473021,mlp_relu,mlp_relu_for_kan_bspline_h3x3_p180_h11x11_p177,0.214273,0.258748,mlp
I.9.18,1000,3,kan_gaussrbf,kan_gaussrbf_h3x3_p169,0.411611,mlp_relu,mlp_relu_for_kan_bspline_h3x3_p180_h11x11_p177,0.236903,0.174708,mlp
I.9.18,1000,4,kan_gaussrbf,kan_gaussrbf_h3x3_p169,0.431988,mlp_relu,mlp_relu_for_kan_bspline_h3x3_p180_h11x11_p177,0.22447,0.207518,mlp
II.11.27,10,0,kan_bspline,kan_bspline_h3_p90,0.62672,mlp_sigmoid,mlp_sigmoid_for_kan_bspline_h4_p120_h30_p121,0.391541,0.235179,mlp
II.11.27,10,1,kan_bspline,kan_bspline_h3_p90,0.66949,mlp_sigmoid,mlp_sigmoid_for_kan_bspline_h4_p120_h30_p121,0.407833,0.261657,mlp
II.11.27,10,2,kan_bspline,kan_bspline_h3_p90,0.609119,mlp_sigmoid,mlp_sigmoid_for_kan_bspline_h4_p120_h30_p121,0.393238,0.215881,mlp
II.11.27,10,3,kan_gaussrbf,kan_gaussrbf_h4_p113,0.657843,mlp_sigmoid,mlp_sigmoid_for_kan_bspline_h4_p120_h30_p121,0.401527,0.256316,mlp
II.11.27,20,0,kan_bspline,kan_bspline_h2_p60,0.210327,mlp_relu,mlp_relu_for_kan_gaussrbf_h3x3_p169_h11x11_p177,0.217384,-0.007056,kan
II.11.27,20,1,kan_bspline,kan_bspline_h2_p60,0.179576,mlp_relu,mlp_relu_for_kan_gaussrbf_h3x3_p169_h11x11_p177,0.182446,-0.002871,kan
II.11.27,20,2,kan_gaussrbf,kan_gaussrbf_h5_p141,0.242889,mlp_relu,mlp_relu_for_kan_gaussrbf_h3x3_p169_h11x11_p177,0.186189,0.056701,mlp
II.11.27,20,3,kan_bspline,kan_bspline_h2_p60,0.193369,mlp_relu,mlp_relu_for_kan_gaussrbf_h3x3_p169_h11x11_p177,0.160044,0.033325,mlp
II.11.27,30,0,kan_gaussrbf,kan_gaussrbf_h2x2_p95,0.236116,mlp_relu,mlp_relu_for_kan_bspline_h5_p150_h37_p149,0.160251,0.075865,mlp
II.11.27,30,1,kan_bspline,kan_bspline_h3x3_p180,0.138219,mlp_relu,mlp_relu_for_kan_bspline_h5_p150_h37_p149,0.17722,-0.039001,kan
II.11.27,30,2,kan_bspline,kan_bspline_h3x3_p180,0.16633,mlp_relu,mlp_relu_for_kan_bspline_h5_p150_h37_p149,0.128479,0.037851,mlp
II.11.27,30,3,kan_bspline,kan_bspline_h3x3_p180,0.151371,mlp_relu,mlp_relu_for_kan_bspline_h5_p150_h37_p149,0.199919,-0.048548,kan
II.11.27,40,0,kan_bspline,kan_bspline_h4_p120,0.162002,mlp_relu,mlp_relu_for_kan_bspline_h2_p60_h15_p61,0.180006,-0.018004,kan
II.11.27,40,1,kan_bspline,kan_bspline_h4_p120,0.141823,mlp_sigmoid,mlp_sigmoid_for_kan_gaussrbf_h3x3_p169_h11x11_p177,0.211796,-0.069973,kan
II.11.27,40,2,kan_bspline,kan_bspline_h4_p120,0.138878,mlp_relu,mlp_relu_for_kan_bspline_h2_p60_h15_p61,0.118316,0.020562,mlp
II.11.27,40,3,kan_bspline,kan_bspline_h4_p120,0.150467,mlp_relu,mlp_relu_for_kan_bspline_h2_p60_h15_p61,0.14001,0.010457,mlp
II.11.27,50,0,kan_bspline,kan_bspline_h3x3_p180,0.068311,mlp_relu,mlp_relu_for_kan_gaussrbf_h5_p141_h35_p141,0.073534,-0.005223,kan
II.11.27,50,1,kan_bspline,kan_bspline_h3x3_p180,0.059429,mlp_relu,mlp_relu_for_kan_gaussrbf_h5_p141_h35_p141,0.085846,-0.026417,kan
II.11.27,50,2,kan_bspline,kan_bspline_h3x3_p180,0.064615,mlp_relu,mlp_relu_for_kan_gaussrbf_h5_p141_h35_p141,0.07463,-0.010015,kan
II.11.27,50,3,kan_bspline,kan_bspline_h3x3_p180,0.042041,mlp_relu,mlp_relu_for_kan_gaussrbf_h5_p141_h35_p141,0.070835,-0.028795,kan
II.11.27,100,0,kan_bspline,kan_bspline_h3x3_p180,0.052696,mlp_relu,mlp_relu_for_kan_gaussrbf_h5_p141_h35_p141,0.066285,-0.013589,kan
II.11.27,100,1,kan_bspline,kan_bspline_h3x3_p180,0.036299,mlp_relu,mlp_relu_for_kan_gaussrbf_h5_p141_h35_p141,0.080534,-0.044235,kan
II.11.27,100,2,kan_bspline,kan_bspline_h3x3_p180,0.041561,mlp_relu,mlp_relu_for_kan_gaussrbf_h5_p141_h35_p141,0.065226,-0.023666,kan
II.11.27,100,3,kan_bspline,kan_bspline_h3x3_p180,0.043636,mlp_relu,mlp_relu_for_kan_gaussrbf_h5_p141_h35_p141,0.063585,-0.019949,kan
II.11.27,200,0,kan_gaussrbf,kan_gaussrbf_h3x3_p169,0.033355,mlp_relu,mlp_relu_for_kan_bspline_h3x3_p180_h11x11_p177,0.063235,-0.029879,kan
II.11.27,200,1,kan_bspline,kan_bspline_h3x3_p180,0.019368,mlp_relu,mlp_relu_for_kan_bspline_h3x3_p180_h11x11_p177,0.061985,-0.042617,kan
II.11.27,200,2,kan_gaussrbf,kan_gaussrbf_h3x3_p169,0.03155,mlp_relu,mlp_relu_for_kan_bspline_h3x3_p180_h11x11_p177,0.095594,-0.064044,kan
II.11.27,200,3,kan_gaussrbf,kan_gaussrbf_h3x3_p169,0.033015,mlp_relu,mlp_relu_for_kan_bspline_h3x3_p180_h11x11_p177,0.058567,-0.025552,kan
II.11.27,500,0,kan_gaussrbf,kan_gaussrbf_h3x3_p169,0.021186,mlp_relu,mlp_relu_for_kan_bspline_h3x3_p180_h11x11_p177,0.045042,-0.023856,kan
II.11.27,500,1,kan_bspline,kan_bspline_h3x3_p180,0.016727,mlp_relu,mlp_relu_for_kan_bspline_h3x3_p180_h11x11_p177,0.048629,-0.031902,kan
II.11.27,500,2,kan_bspline,kan_bspline_h3x3_p180,0.021544,mlp_relu,mlp_relu_for_kan_bspline_h3x3_p180_h11x11_p177,0.073169,-0.051624,kan
II.11.27,500,3,kan_gaussrbf,kan_gaussrbf_h3x3_p169,0.017444,mlp_relu,mlp_relu_for_kan_bspline_h3x3_p180_h11x11_p177,0.042139,-0.024695,kan
II.11.27,1000,0,kan_gaussrbf,kan_gaussrbf_h3x3_p169,0.016701,mlp_relu,mlp_relu_for_kan_bspline_h3x3_p180_h11x11_p177,0.048288,-0.031587,kan
II.11.27,1000,1,kan_bspline,kan_bspline_h3x3_p180,0.018744,mlp_relu,mlp_relu_for_kan_bspline_h3x3_p180_h11x11_p177,0.051306,-0.032562,kan
II.11.27,1000,2,kan_bspline,kan_bspline_h3x3_p180,0.020304,mlp_relu,mlp_relu_for_kan_bspline_h3x3_p180_h11x11_p177,0.079818,-0.059514,kan
II.11.27,1000,3,kan_gaussrbf,kan_gaussrbf_h3x3_p169,0.015306,mlp_relu,mlp_relu_for_kan_bspline_h3x3_p180_h11x11_p177,0.038805,-0.023499,kan
II.11.7,10,0,kan_gaussrbf,kan_gaussrbf_h5_p141,0.797131,mlp_relu,mlp_relu_for_kan_gaussrbf_h5_p141_h35_p141,0.77667,0.020462,mlp
II.11.7,10,1,kan_gaussrbf,kan_gaussrbf_h5_p141,0.832265,mlp_relu,mlp_relu_for_kan_gaussrbf_h5_p141_h35_p141,0.851192,-0.018927,kan
II.11.7,10,2,kan_gaussrbf,kan_gaussrbf_h5_p141,0.860102,mlp_relu,mlp_relu_for_kan_gaussrbf_h5_p141_h35_p141,0.914379,-0.054277,kan
II.11.7,10,3,kan_gaussrbf,kan_gaussrbf_h5_p141,0.868866,mlp_relu,mlp_relu_for_kan_gaussrbf_h5_p141_h35_p141,0.777563,0.091303,mlp
II.11.7,20,0,kan_gaussrbf,kan_gaussrbf_h3x3_p169,0.862175,mlp_sigmoid,mlp_sigmoid_for_kan_gaussrbf_h3_p85_h21_p85,0.666916,0.195259,mlp
II.11.7,20,1,kan_bspline,kan_bspline_h4_p120,0.898136,mlp_sigmoid,mlp_sigmoid_for_kan_gaussrbf_h3_p85_h21_p85,0.706309,0.191827,mlp
II.11.7,20,2,kan_gaussrbf,kan_gaussrbf_h3x3_p169,0.860695,mlp_sigmoid,mlp_sigmoid_for_kan_gaussrbf_h3_p85_h21_p85,0.695775,0.16492,mlp
II.11.7,20,3,kan_gaussrbf,kan_gaussrbf_h3x3_p169,0.831743,mlp_sigmoid,mlp_sigmoid_for_kan_gaussrbf_h3_p85_h21_p85,0.653823,0.17792,mlp
II.11.7,30,0,kan_gaussrbf,kan_gaussrbf_h5_p141,0.507018,mlp_sigmoid,mlp_sigmoid_for_kan_gaussrbf_h5_p141_h35_p141,0.360321,0.146698,mlp
II.11.7,30,1,kan_gaussrbf,kan_gaussrbf_h5_p141,0.4677,mlp_sigmoid,mlp_sigmoid_for_kan_gaussrbf_h5_p141_h35_p141,0.346292,0.121408,mlp
II.11.7,30,2,kan_bspline,kan_bspline_h4_p120,0.361637,mlp_sigmoid,mlp_sigmoid_for_kan_gaussrbf_h5_p141_h35_p141,0.418158,-0.056521,kan
II.11.7,30,3,kan_gaussrbf,kan_gaussrbf_h5_p141,0.506671,mlp_sigmoid,mlp_sigmoid_for_kan_gaussrbf_h5_p141_h35_p141,0.323993,0.182678,mlp
II.11.7,40,0,kan_gaussrbf,kan_gaussrbf_h4_p113,0.335694,mlp_sigmoid,mlp_sigmoid_for_kan_gaussrbf_h5_p141_h35_p141,0.277372,0.058322,mlp
II.11.7,40,1,kan_bspline,kan_bspline_h5_p150,0.340802,mlp_sigmoid,mlp_sigmoid_for_kan_gaussrbf_h5_p141_h35_p141,0.256069,0.084733,mlp
II.11.7,40,2,kan_bspline,kan_bspline_h5_p150,0.414854,mlp_relu,mlp_relu_for_kan_gaussrbf_h4_p113_h28_p113,0.3065,0.108354,mlp
II.11.7,40,3,kan_gaussrbf,kan_gaussrbf_h4_p113,0.338273,mlp_sigmoid,mlp_sigmoid_for_kan_gaussrbf_h5_p141_h35_p141,0.255595,0.082678,mlp
II.11.7,50,0,kan_gaussrbf,kan_gaussrbf_h3_p85,0.308644,mlp_sigmoid,mlp_sigmoid_for_kan_gaussrbf_h5_p141_h35_p141,0.291625,0.017019,mlp
II.11.7,50,1,kan_bspline,kan_bspline_h2x2_p100,0.309585,mlp_sigmoid,mlp_sigmoid_for_kan_gaussrbf_h5_p141_h35_p141,0.225914,0.083671,mlp
II.11.7,50,2,kan_bspline,kan_bspline_h2x2_p100,0.304977,mlp_relu,mlp_relu_for_kan_gaussrbf_h5_p141_h35_p141,0.265789,0.039188,mlp
II.11.7,50,3,kan_bspline,kan_bspline_h2x2_p100,0.173871,mlp_sigmoid,mlp_sigmoid_for_kan_gaussrbf_h5_p141_h35_p141,0.231184,-0.057313,kan
II.11.7,100,0,kan_gaussrbf,kan_gaussrbf_h3_p85,0.162608,mlp_relu,mlp_relu_for_kan_gaussrbf_h5_p141_h35_p141,0.180311,-0.017703,kan
II.11.7,100,1,kan_bspline,kan_bspline_h5_p150,0.202454,mlp_relu,mlp_relu_for_kan_gaussrbf_h5_p141_h35_p141,0.25636,-0.053906,kan
II.11.7,100,2,kan_gaussrbf,kan_gaussrbf_h3_p85,0.168698,mlp_relu,mlp_relu_for_kan_gaussrbf_h5_p141_h35_p141,0.220702,-0.052005,kan
II.11.7,100,3,kan_bspline,kan_bspline_h5_p150,0.17239,mlp_relu,mlp_relu_for_kan_gaussrbf_h5_p141_h35_p141,0.20057,-0.02818,kan
II.11.7,200,0,kan_bspline,kan_bspline_h3x3_p180,0.1376,mlp_relu,mlp_relu_for_kan_gaussrbf_h3x3_p169_h11x11_p177,0.171352,-0.033751,kan
II.11.7,200,1,kan_gaussrbf,kan_gaussrbf_h3x3_p169,0.10766,mlp_relu,mlp_relu_for_kan_gaussrbf_h3x3_p169_h11x11_p177,0.21796,-0.110299,kan
II.11.7,200,2,kan_gaussrbf,kan_gaussrbf_h3x3_p169,0.107658,mlp_relu,mlp_relu_for_kan_gaussrbf_h3x3_p169_h11x11_p177,0.188974,-0.081316,kan
II.11.7,200,3,kan_gaussrbf,kan_gaussrbf_h3x3_p169,0.1004,mlp_relu,mlp_relu_for_kan_gaussrbf_h3x3_p169_h11x11_p177,0.220153,-0.119753,kan
II.11.7,500,0,kan_bspline,kan_bspline_h3x3_p180,0.072861,mlp_relu,mlp_relu_for_kan_bspline_h3x3_p180_h11x11_p177,0.125604,-0.052743,kan
II.11.7,500,1,kan_gaussrbf,kan_gaussrbf_h3x3_p169,0.048466,mlp_relu,mlp_relu_for_kan_bspline_h3x3_p180_h11x11_p177,0.164567,-0.116101,kan
II.11.7,500,2,kan_gaussrbf,kan_gaussrbf_h3x3_p169,0.06309,mlp_relu,mlp_relu_for_kan_bspline_h3x3_p180_h11x11_p177,0.190687,-0.127597,kan
II.11.7,500,3,kan_gaussrbf,kan_gaussrbf_h3x3_p169,0.07119,mlp_relu,mlp_relu_for_kan_bspline_h3x3_p180_h11x11_p177,0.20277,-0.13158,kan
II.11.7,1000,0,kan_gaussrbf,kan_gaussrbf_h3x3_p169,0.061312,mlp_relu,mlp_relu_for_kan_bspline_h3x3_p180_h11x11_p177,0.12786,-0.066548,kan
II.11.7,1000,1,kan_gaussrbf,kan_gaussrbf_h3x3_p169,0.051755,mlp_relu,mlp_relu_for_kan_bspline_h3x3_p180_h11x11_p177,0.15826,-0.106505,kan
II.11.7,1000,2,kan_gaussrbf,kan_gaussrbf_h3x3_p169,0.049921,mlp_relu,mlp_relu_for_kan_bspline_h3x3_p180_h11x11_p177,0.18834,-0.138418,kan
II.11.7,1000,3,kan_gaussrbf,kan_gaussrbf_h3x3_p169,0.059431,mlp_relu,mlp_relu_for_kan_bspline_h3x3_p180_h11x11_p177,0.173308,-0.113877,kan
II.2.42,10,0,kan_bspline,kan_bspline_h5_p150,0.5227,mlp_relu,mlp_relu_for_kan_gaussrbf_h1_p29_h7_p29,0.366534,0.156166,mlp
II.2.42,10,1,kan_bspline,kan_bspline_h5_p150,0.504638,mlp_relu,mlp_relu_for_kan_gaussrbf_h1_p29_h7_p29,0.328402,0.176236,mlp
II.2.42,10,2,kan_gaussrbf,kan_gaussrbf_h2x2_p95,0.576431,mlp_relu,mlp_relu_for_kan_gaussrbf_h1_p29_h7_p29,0.331651,0.244781,mlp
II.2.42,10,3,kan_bspline,kan_bspline_h5_p150,0.559355,mlp_relu,mlp_relu_for_kan_gaussrbf_h1_p29_h7_p29,0.374153,0.185202,mlp
II.2.42,20,0,kan_bspline,kan_bspline_h5_p150,0.39112,mlp_relu,mlp_relu_for_kan_gaussrbf_h4_p113_h28_p113,0.24094,0.150181,mlp
II.2.42,20,1,kan_bspline,kan_bspline_h5_p150,0.423861,mlp_relu,mlp_relu_for_kan_gaussrbf_h4_p113_h28_p113,0.268994,0.154867,mlp
II.2.42,20,2,kan_bspline,kan_bspline_h5_p150,0.412587,mlp_relu,mlp_relu_for_kan_gaussrbf_h4_p113_h28_p113,0.246841,0.165746,mlp
II.2.42,20,3,kan_bspline,kan_bspline_h5_p150,0.378558,mlp_relu,mlp_relu_for_kan_gaussrbf_h4_p113_h28_p113,0.237938,0.140621,mlp
II.2.42,30,0,kan_bspline,kan_bspline_h5_p150,0.158168,mlp_relu,mlp_relu_for_kan_gaussrbf_h4_p113_h28_p113,0.124449,0.033718,mlp
II.2.42,30,1,kan_bspline,kan_bspline_h5_p150,0.207551,mlp_relu,mlp_relu_for_kan_gaussrbf_h4_p113_h28_p113,0.163773,0.043778,mlp
II.2.42,30,2,kan_bspline,kan_bspline_h5_p150,0.180246,mlp_relu,mlp_relu_for_kan_gaussrbf_h4_p113_h28_p113,0.160146,0.0201,mlp
II.2.42,30,3,kan_bspline,kan_bspline_h5_p150,0.161684,mlp_relu,mlp_relu_for_kan_gaussrbf_h4_p113_h28_p113,0.112774,0.04891,mlp
II.2.42,40,0,kan_bspline,kan_bspline_h5_p150,0.071571,mlp_relu,mlp_relu_for_kan_gaussrbf_h5_p141_h35_p141,0.114762,-0.04319,kan
II.2.42,40,1,kan_bspline,kan_bspline_h5_p150,0.085748,mlp_relu,mlp_relu_for_kan_gaussrbf_h5_p141_h35_p141,0.102904,-0.017156,kan
II.2.42,40,2,kan_bspline,kan_bspline_h5_p150,0.085408,mlp_relu,mlp_relu_for_kan_gaussrbf_h5_p141_h35_p141,0.090158,-0.00475,kan
II.2.42,40,3,kan_bspline,kan_bspline_h5_p150,0.091007,mlp_relu,mlp_relu_for_kan_gaussrbf_h5_p141_h35_p141,0.087058,0.003949,mlp
II.2.42,50,0,kan_bspline,kan_bspline_h5_p150,0.076661,mlp_relu,mlp_relu_for_kan_gaussrbf_h5_p141_h35_p141,0.110046,-0.033385,kan
II.2.42,50,1,kan_bspline,kan_bspline_h5_p150,0.093227,mlp_relu,mlp_relu_for_kan_gaussrbf_h5_p141_h35_p141,0.098476,-0.005249,kan
II.2.42,50,2,kan_bspline,kan_bspline_h5_p150,0.062069,mlp_relu,mlp_relu_for_kan_gaussrbf_h5_p141_h35_p141,0.104227,-0.042158,kan
II.2.42,50,3,kan_bspline,kan_bspline_h5_p150,0.063207,mlp_relu,mlp_relu_for_kan_gaussrbf_h5_p141_h35_p141,0.078141,-0.014934,kan
II.2.42,100,0,kan_bspline,kan_bspline_h3x3_p180,0.034723,mlp_relu,mlp_relu_for_kan_gaussrbf_h5_p141_h35_p141,0.078533,-0.04381,kan
II.2.42,100,1,kan_gaussrbf,kan_gaussrbf_h3x3_p169,0.046418,mlp_relu,mlp_relu_for_kan_gaussrbf_h5_p141_h35_p141,0.081896,-0.035478,kan
II.2.42,100,2,kan_bspline,kan_bspline_h3x3_p180,0.04834,mlp_relu,mlp_relu_for_kan_gaussrbf_h5_p141_h35_p141,0.084934,-0.036594,kan
II.2.42,100,3,kan_gaussrbf,kan_gaussrbf_h3x3_p169,0.030601,mlp_relu,mlp_relu_for_kan_gaussrbf_h5_p141_h35_p141,0.077623,-0.047022,kan
II.2.42,200,0,kan_bspline,kan_bspline_h3x3_p180,0.031817,mlp_relu,mlp_relu_for_kan_bspline_h4_p120_h30_p121,0.09083,-0.059013,kan
II.2.42,200,1,kan_gaussrbf,kan_gaussrbf_h3x3_p169,0.034451,mlp_relu,mlp_relu_for_kan_bspline_h4_p120_h30_p121,0.082134,-0.047683,kan
II.2.42,200,2,kan_bspline,kan_bspline_h3x3_p180,0.036204,mlp_relu,mlp_relu_for_kan_bspline_h4_p120_h30_p121,0.09031,-0.054105,kan
II.2.42,200,3,kan_gaussrbf,kan_gaussrbf_h3x3_p169,0.047443,mlp_relu,mlp_relu_for_kan_bspline_h4_p120_h30_p121,0.077111,-0.029668,kan
II.2.42,500,0,kan_bspline,kan_bspline_h3x3_p180,0.025969,mlp_relu,mlp_relu_for_kan_bspline_h3x3_p180_h11x11_p177,0.11489,-0.088921,kan
II.2.42,500,1,kan_gaussrbf,kan_gaussrbf_h3x3_p169,0.019248,mlp_relu,mlp_relu_for_kan_bspline_h3x3_p180_h11x11_p177,0.062269,-0.043021,kan
II.2.42,500,2,kan_gaussrbf,kan_gaussrbf_h3x3_p169,0.025011,mlp_relu,mlp_relu_for_kan_bspline_h3x3_p180_h11x11_p177,0.082031,-0.057021,kan
II.2.42,500,3,kan_bspline,kan_bspline_h3x3_p180,0.03499,mlp_relu,mlp_relu_for_kan_bspline_h3x3_p180_h11x11_p177,0.069858,-0.034868,kan
II.2.42,1000,0,kan_bspline,kan_bspline_h3x3_p180,0.024523,mlp_relu,mlp_relu_for_kan_bspline_h5_p150_h37_p149,0.078691,-0.054168,kan
II.2.42,1000,1,kan_gaussrbf,kan_gaussrbf_h3x3_p169,0.01908,mlp_relu,mlp_relu_for_kan_bspline_h5_p150_h37_p149,0.076788,-0.057708,kan
II.2.42,1000,2,kan_gaussrbf,kan_gaussrbf_h3x3_p169,0.023197,mlp_relu,mlp_relu_for_kan_bspline_h5_p150_h37_p149,0.059982,-0.036784,kan
II.2.42,1000,3,kan_gaussrbf,kan_gaussrbf_h3x3_p169,0.017198,mlp_relu,mlp_relu_for_kan_bspline_h5_p150_h37_p149,0.060867,-0.043668,kan
II.35.18,10,0,kan_bspline,kan_bspline_h5_p150,0.610151,mlp_sigmoid,mlp_sigmoid_for_kan_bspline_h5_p150_h37_p149,0.580272,0.029879,mlp
II.35.18,10,1,kan_bspline,kan_bspline_h5_p150,0.692603,mlp_sigmoid,mlp_sigmoid_for_kan_bspline_h5_p150_h37_p149,0.737958,-0.045355,kan
II.35.18,10,2,kan_bspline,kan_bspline_h5_p150,0.586078,mlp_sigmoid,mlp_sigmoid_for_kan_bspline_h5_p150_h37_p149,0.545582,0.040496,mlp
II.35.18,10,3,kan_bspline,kan_bspline_h5_p150,0.618251,mlp_sigmoid,mlp_sigmoid_for_kan_bspline_h5_p150_h37_p149,0.629856,-0.011605,kan
II.35.18,20,0,kan_bspline,kan_bspline_h4_p120,0.146409,mlp_relu,mlp_relu_for_kan_gaussrbf_h3x3_p169_h11x11_p177,0.215149,-0.06874,kan
II.35.18,20,1,kan_bspline,kan_bspline_h4_p120,0.146572,mlp_relu,mlp_relu_for_kan_gaussrbf_h3x3_p169_h11x11_p177,0.182063,-0.035491,kan
II.35.18,20,2,kan_bspline,kan_bspline_h4_p120,0.156061,mlp_sigmoid,mlp_sigmoid_for_kan_gaussrbf_h3x3_p169_h11x11_p177,0.334029,-0.177968,kan
II.35.18,20,3,kan_gaussrbf,kan_gaussrbf_h5_p141,0.183936,mlp_relu,mlp_relu_for_kan_gaussrbf_h3x3_p169_h11x11_p177,0.162349,0.021587,mlp
II.35.18,30,0,kan_bspline,kan_bspline_h3x3_p180,0.112128,mlp_relu,mlp_relu_for_kan_gaussrbf_h3x3_p169_h11x11_p177,0.139805,-0.027677,kan
II.35.18,30,1,kan_bspline,kan_bspline_h3x3_p180,0.113227,mlp_relu,mlp_relu_for_kan_gaussrbf_h3x3_p169_h11x11_p177,0.210454,-0.097226,kan
II.35.18,30,2,kan_bspline,kan_bspline_h3x3_p180,0.19581,mlp_relu,mlp_relu_for_kan_gaussrbf_h3x3_p169_h11x11_p177,0.161255,0.034555,mlp
II.35.18,30,3,kan_bspline,kan_bspline_h3x3_p180,0.12899,mlp_relu,mlp_relu_for_kan_gaussrbf_h3x3_p169_h11x11_p177,0.117774,0.011216,mlp
II.35.18,40,0,kan_gaussrbf,kan_gaussrbf_h4_p113,0.122274,mlp_relu,mlp_relu_for_kan_gaussrbf_h3x3_p169_h11x11_p177,0.182573,-0.060299,kan
II.35.18,40,1,kan_bspline,kan_bspline_h3x3_p180,0.105868,mlp_relu,mlp_relu_for_kan_gaussrbf_h3x3_p169_h11x11_p177,0.151129,-0.045261,kan
II.35.18,40,2,kan_bspline,kan_bspline_h3x3_p180,0.120828,mlp_relu,mlp_relu_for_kan_gaussrbf_h3x3_p169_h11x11_p177,0.13013,-0.009303,kan
II.35.18,40,3,kan_bspline,kan_bspline_h3x3_p180,0.112344,mlp_relu,mlp_relu_for_kan_gaussrbf_h3x3_p169_h11x11_p177,0.112419,-7.4e-05,kan
II.35.18,50,0,kan_gaussrbf,kan_gaussrbf_h1x1_p39,0.058007,mlp_relu,mlp_relu_for_kan_gaussrbf_h3x3_p169_h11x11_p177,0.098261,-0.040254,kan
II.35.18,50,1,kan_gaussrbf,kan_gaussrbf_h1x1_p39,0.075029,mlp_relu,mlp_relu_for_kan_gaussrbf_h3x3_p169_h11x11_p177,0.100687,-0.025658,kan
II.35.18,50,2,kan_bspline,kan_bspline_h3x3_p180,0.090304,mlp_relu,mlp_relu_for_kan_gaussrbf_h3x3_p169_h11x11_p177,0.113446,-0.023142,kan
II.35.18,50,3,kan_bspline,kan_bspline_h3x3_p180,0.081638,mlp_relu,mlp_relu_for_kan_gaussrbf_h3x3_p169_h11x11_p177,0.086655,-0.005017,kan
II.35.18,100,0,kan_gaussrbf,kan_gaussrbf_h3x3_p169,0.037562,mlp_relu,mlp_relu_for_kan_bspline_h3x3_p180_h11x11_p177,0.088014,-0.050452,kan
II.35.18,100,1,kan_gaussrbf,kan_gaussrbf_h3x3_p169,0.036528,mlp_relu,mlp_relu_for_kan_bspline_h3x3_p180_h11x11_p177,0.095854,-0.059326,kan
II.35.18,100,2,kan_bspline,kan_bspline_h3x3_p180,0.064105,mlp_relu,mlp_relu_for_kan_bspline_h3x3_p180_h11x11_p177,0.114457,-0.050352,kan
II.35.18,100,3,kan_gaussrbf,kan_gaussrbf_h3x3_p169,0.034886,mlp_relu,mlp_relu_for_kan_bspline_h3x3_p180_h11x11_p177,0.075937,-0.041051,kan
II.35.18,200,0,kan_gaussrbf,kan_gaussrbf_h3x3_p169,0.030554,mlp_relu,mlp_relu_for_kan_gaussrbf_h3x3_p169_h11x11_p177,0.062785,-0.032231,kan
II.35.18,200,1,kan_gaussrbf,kan_gaussrbf_h3x3_p169,0.027426,mlp_relu,mlp_relu_for_kan_gaussrbf_h3x3_p169_h11x11_p177,0.097785,-0.070359,kan
II.35.18,200,2,kan_bspline,kan_bspline_h3x3_p180,0.047585,mlp_relu,mlp_relu_for_kan_gaussrbf_h3x3_p169_h11x11_p177,0.131822,-0.084237,kan
II.35.18,200,3,kan_gaussrbf,kan_gaussrbf_h3x3_p169,0.038146,mlp_relu,mlp_relu_for_kan_gaussrbf_h3x3_p169_h11x11_p177,0.043438,-0.005292,kan
II.35.18,500,0,kan_gaussrbf,kan_gaussrbf_h3x3_p169,0.030012,mlp_relu,mlp_relu_for_kan_bspline_h3x3_p180_h11x11_p177,0.048136,-0.018125,kan
II.35.18,500,1,kan_gaussrbf,kan_gaussrbf_h3x3_p169,0.026811,mlp_relu,mlp_relu_for_kan_bspline_h3x3_p180_h11x11_p177,0.115103,-0.088292,kan
II.35.18,500,2,kan_gaussrbf,kan_gaussrbf_h3x3_p169,0.025069,mlp_relu,mlp_relu_for_kan_bspline_h3x3_p180_h11x11_p177,0.084434,-0.059365,kan
II.35.18,500,3,kan_gaussrbf,kan_gaussrbf_h3x3_p169,0.02628,mlp_relu,mlp_relu_for_kan_bspline_h3x3_p180_h11x11_p177,0.038586,-0.012306,kan
II.35.18,1000,0,kan_gaussrbf,kan_gaussrbf_h3x3_p169,0.026135,mlp_relu,mlp_relu_for_kan_bspline_h3x3_p180_h11x11_p177,0.046508,-0.020374,kan
II.35.18,1000,1,kan_gaussrbf,kan_gaussrbf_h3x3_p169,0.025983,mlp_relu,mlp_relu_for_kan_bspline_h3x3_p180_h11x11_p177,0.053767,-0.027784,kan
II.35.18,1000,2,kan_gaussrbf,kan_gaussrbf_h3x3_p169,0.022299,mlp_relu,mlp_relu_for_kan_bspline_h3x3_p180_h11x11_p177,0.094254,-0.071956,kan
II.35.18,1000,3,kan_gaussrbf,kan_gaussrbf_h3x3_p169,0.024611,mlp_relu,mlp_relu_for_kan_bspline_h3x3_p180_h11x11_p177,0.03623,-0.011619,kan
II.36.38,10,0,kan_gaussrbf,kan_gaussrbf_h5_p141,0.698595,mlp_relu,mlp_relu_for_kan_bspline_h5_p150_h37_p149,0.570222,0.128373,mlp
II.36.38,10,1,kan_bspline,kan_bspline_h3x3_p180,0.799737,mlp_sigmoid,mlp_sigmoid_for_kan_gaussrbf_h5_p141_h35_p141,0.37534,0.424397,mlp
II.36.38,10,2,kan_gaussrbf,kan_gaussrbf_h5_p141,0.937269,mlp_relu,mlp_relu_for_kan_bspline_h5_p150_h37_p149,0.35511,0.582159,mlp
II.36.38,10,3,kan_gaussrbf,kan_gaussrbf_h5_p141,0.804547,mlp_relu,mlp_relu_for_kan_bspline_h5_p150_h37_p149,0.328754,0.475794,mlp
II.36.38,20,0,kan_bspline,kan_bspline_h3x3_p180,0.463426,mlp_relu,mlp_relu_for_kan_gaussrbf_h5_p141_h35_p141,0.194779,0.268647,mlp
II.36.38,20,1,kan_bspline,kan_bspline_h3x3_p180,0.487369,mlp_relu,mlp_relu_for_kan_gaussrbf_h5_p141_h35_p141,0.169034,0.318335,mlp
II.36.38,20,2,kan_bspline,kan_bspline_h3x3_p180,0.418975,mlp_relu,mlp_relu_for_kan_gaussrbf_h5_p141_h35_p141,0.163939,0.255035,mlp
II.36.38,20,3,kan_bspline,kan_bspline_h3x3_p180,0.456297,mlp_relu,mlp_relu_for_kan_gaussrbf_h5_p141_h35_p141,0.180555,0.275742,mlp
II.36.38,30,0,kan_gaussrbf,kan_gaussrbf_h5_p141,0.391424,mlp_relu,mlp_relu_for_kan_gaussrbf_h5_p141_h35_p141,0.164808,0.226616,mlp
II.36.38,30,1,kan_bspline,kan_bspline_h3x3_p180,0.306952,mlp_relu,mlp_relu_for_kan_gaussrbf_h5_p141_h35_p141,0.183853,0.123099,mlp
II.36.38,30,2,kan_bspline,kan_bspline_h3x3_p180,0.280579,mlp_relu,mlp_relu_for_kan_gaussrbf_h5_p141_h35_p141,0.171242,0.109337,mlp
II.36.38,30,3,kan_gaussrbf,kan_gaussrbf_h5_p141,0.438386,mlp_relu,mlp_relu_for_kan_gaussrbf_h5_p141_h35_p141,0.174154,0.264232,mlp
II.36.38,40,0,kan_bspline,kan_bspline_h3x3_p180,0.241631,mlp_relu,mlp_relu_for_kan_gaussrbf_h4_p113_h28_p113,0.165195,0.076436,mlp
II.36.38,40,1,kan_bspline,kan_bspline_h3x3_p180,0.258069,mlp_relu,mlp_relu_for_kan_gaussrbf_h4_p113_h28_p113,0.13933,0.118739,mlp
II.36.38,40,2,kan_bspline,kan_bspline_h3x3_p180,0.213302,mlp_relu,mlp_relu_for_kan_gaussrbf_h4_p113_h28_p113,0.139913,0.073389,mlp
II.36.38,40,3,kan_gaussrbf,kan_gaussrbf_h4_p113,0.365541,mlp_sigmoid,mlp_sigmoid_for_kan_gaussrbf_h5_p141_h35_p141,0.172091,0.19345,mlp
II.36.38,50,0,kan_bspline,kan_bspline_h2x2_p100,0.185729,mlp_relu,mlp_relu_for_kan_gaussrbf_h5_p141_h35_p141,0.142673,0.043056,mlp
II.36.38,50,1,kan_bspline,kan_bspline_h2x2_p100,0.209532,mlp_relu,mlp_relu_for_kan_gaussrbf_h5_p141_h35_p141,0.135156,0.074376,mlp
II.36.38,50,2,kan_bspline,kan_bspline_h2x2_p100,0.215965,mlp_relu,mlp_relu_for_kan_gaussrbf_h5_p141_h35_p141,0.131968,0.083997,mlp
II.36.38,50,3,kan_bspline,kan_bspline_h2x2_p100,0.199353,mlp_relu,mlp_relu_for_kan_gaussrbf_h5_p141_h35_p141,0.128397,0.070956,mlp
II.36.38,100,0,kan_bspline,kan_bspline_h3x3_p180,0.089073,mlp_relu,mlp_relu_for_kan_gaussrbf_h5_p141_h35_p141,0.125342,-0.036269,kan
II.36.38,100,1,kan_gaussrbf,kan_gaussrbf_h3x3_p169,0.082127,mlp_relu,mlp_relu_for_kan_gaussrbf_h5_p141_h35_p141,0.109266,-0.027139,kan
II.36.38,100,2,kan_gaussrbf,kan_gaussrbf_h3x3_p169,0.073524,mlp_relu,mlp_relu_for_kan_gaussrbf_h5_p141_h35_p141,0.103881,-0.030357,kan
II.36.38,100,3,kan_gaussrbf,kan_gaussrbf_h3x3_p169,0.100477,mlp_relu,mlp_relu_for_kan_gaussrbf_h5_p141_h35_p141,0.099777,0.0007,mlp
II.36.38,200,0,kan_gaussrbf,kan_gaussrbf_h3x3_p169,0.055509,mlp_relu,mlp_relu_for_kan_gaussrbf_h5_p141_h35_p141,0.125951,-0.070442,kan
II.36.38,200,1,kan_bspline,kan_bspline_h3x3_p180,0.060879,mlp_relu,mlp_relu_for_kan_gaussrbf_h5_p141_h35_p141,0.119409,-0.058529,kan
II.36.38,200,2,kan_bspline,kan_bspline_h3x3_p180,0.066582,mlp_relu,mlp_relu_for_kan_gaussrbf_h5_p141_h35_p141,0.101189,-0.034607,kan
II.36.38,200,3,kan_gaussrbf,kan_gaussrbf_h3x3_p169,0.06212,mlp_relu,mlp_relu_for_kan_gaussrbf_h5_p141_h35_p141,0.103905,-0.041785,kan
II.36.38,500,0,kan_bspline,kan_bspline_h3x3_p180,0.034372,mlp_relu,mlp_relu_for_kan_gaussrbf_h5_p141_h35_p141,0.085121,-0.050749,kan
II.36.38,500,1,kan_gaussrbf,kan_gaussrbf_h3x3_p169,0.03811,mlp_relu,mlp_relu_for_kan_gaussrbf_h5_p141_h35_p141,0.088391,-0.050281,kan
II.36.38,500,2,kan_bspline,kan_bspline_h3x3_p180,0.035229,mlp_relu,mlp_relu_for_kan_gaussrbf_h5_p141_h35_p141,0.076264,-0.041034,kan
II.36.38,500,3,kan_gaussrbf,kan_gaussrbf_h3x3_p169,0.038666,mlp_relu,mlp_relu_for_kan_gaussrbf_h5_p141_h35_p141,0.070155,-0.031489,kan
II.36.38,1000,0,kan_bspline,kan_bspline_h3x3_p180,0.036171,mlp_relu,mlp_relu_for_kan_gaussrbf_h5_p141_h35_p141,0.088149,-0.051978,kan
II.36.38,1000,1,kan_gaussrbf,kan_gaussrbf_h3x3_p169,0.029239,mlp_relu,mlp_relu_for_kan_gaussrbf_h5_p141_h35_p141,0.089452,-0.060212,kan
II.36.38,1000,2,kan_bspline,kan_bspline_h3x3_p180,0.042143,mlp_relu,mlp_relu_for_kan_gaussrbf_h5_p141_h35_p141,0.076383,-0.03424,kan
II.36.38,1000,3,kan_gaussrbf,kan_gaussrbf_h3x3_p169,0.045149,mlp_relu,mlp_relu_for_kan_gaussrbf_h5_p141_h35_p141,0.072234,-0.027085,kan
II.38.3,10,0,kan_gaussrbf,kan_gaussrbf_h4_p113,0.8176,mlp_relu,mlp_relu_for_kan_bspline_h3_p90_h22_p89,0.615984,0.201615,mlp
II.38.3,10,1,kan_bspline,kan_bspline_h3x3_p180,0.757133,mlp_relu,mlp_relu_for_kan_bspline_h3_p90_h22_p89,0.589923,0.167209,mlp
II.38.3,10,2,kan_bspline,kan_bspline_h3x3_p180,0.893102,mlp_relu,mlp_relu_for_kan_bspline_h3_p90_h22_p89,0.583452,0.309651,mlp
II.38.3,10,3,kan_gaussrbf,kan_gaussrbf_h4_p113,0.84315,mlp_relu,mlp_relu_for_kan_bspline_h3_p90_h22_p89,0.713916,0.129234,mlp
II.38.3,20,0,kan_bspline,kan_bspline_h5_p150,0.657959,mlp_relu,mlp_relu_for_kan_bspline_h4_p120_h30_p121,0.278961,0.378998,mlp
II.38.3,20,1,kan_gaussrbf,kan_gaussrbf_h4_p113,0.581752,mlp_relu,mlp_relu_for_kan_bspline_h4_p120_h30_p121,0.292313,0.289439,mlp
II.38.3,20,2,kan_gaussrbf,kan_gaussrbf_h4_p113,0.595376,mlp_relu,mlp_relu_for_kan_bspline_h4_p120_h30_p121,0.242446,0.35293,mlp
II.38.3,20,3,kan_bspline,kan_bspline_h5_p150,0.437306,mlp_relu,mlp_relu_for_kan_bspline_h4_p120_h30_p121,0.266601,0.170705,mlp
II.38.3,30,0,kan_gaussrbf,kan_gaussrbf_h2x2_p95,0.267128,mlp_relu,mlp_relu_for_kan_bspline_h4_p120_h30_p121,0.178581,0.088547,mlp
II.38.3,30,1,kan_bspline,kan_bspline_h2x2_p100,0.316576,mlp_relu,mlp_relu_for_kan_bspline_h4_p120_h30_p121,0.153111,0.163465,mlp
II.38.3,30,2,kan_gaussrbf,kan_gaussrbf_h2x2_p95,0.328933,mlp_relu,mlp_relu_for_kan_bspline_h4_p120_h30_p121,0.195315,0.133618,mlp
II.38.3,30,3,kan_bspline,kan_bspline_h2x2_p100,0.324527,mlp_relu,mlp_relu_for_kan_bspline_h4_p120_h30_p121,0.203858,0.120669,mlp
II.38.3,40,0,kan_bspline,kan_bspline_h2x2_p100,0.119136,mlp_relu,mlp_relu_for_kan_bspline_h5_p150_h37_p149,0.136143,-0.017006,kan
II.38.3,40,1,kan_bspline,kan_bspline_h2x2_p100,0.123458,mlp_relu,mlp_relu_for_kan_bspline_h5_p150_h37_p149,0.151405,-0.027948,kan
II.38.3,40,2,kan_bspline,kan_bspline_h2x2_p100,0.13282,mlp_relu,mlp_relu_for_kan_bspline_h5_p150_h37_p149,0.137371,-0.004551,kan
II.38.3,40,3,kan_bspline,kan_bspline_h2x2_p100,0.156582,mlp_relu,mlp_relu_for_kan_bspline_h5_p150_h37_p149,0.144145,0.012437,mlp
II.38.3,50,0,kan_gaussrbf,kan_gaussrbf_h3x3_p169,0.07929,mlp_relu,mlp_relu_for_kan_bspline_h5_p150_h37_p149,0.083606,-0.004316,kan
II.38.3,50,1,kan_gaussrbf,kan_gaussrbf_h3x3_p169,0.074902,mlp_relu,mlp_relu_for_kan_bspline_h5_p150_h37_p149,0.081433,-0.006531,kan
II.38.3,50,2,kan_bspline,kan_bspline_h3x3_p180,0.071489,mlp_relu,mlp_relu_for_kan_bspline_h5_p150_h37_p149,0.091524,-0.020035,kan
II.38.3,50,3,kan_bspline,kan_bspline_h3x3_p180,0.049876,mlp_relu,mlp_relu_for_kan_bspline_h5_p150_h37_p149,0.076779,-0.026903,kan
II.38.3,100,0,kan_bspline,kan_bspline_h3x3_p180,0.05143,mlp_relu,mlp_relu_for_kan_bspline_h5_p150_h37_p149,0.090898,-0.039468,kan
II.38.3,100,1,kan_gaussrbf,kan_gaussrbf_h3x3_p169,0.056026,mlp_relu,mlp_relu_for_kan_bspline_h5_p150_h37_p149,0.101815,-0.045789,kan
II.38.3,100,2,kan_bspline,kan_bspline_h3x3_p180,0.077589,mlp_relu,mlp_relu_for_kan_bspline_h5_p150_h37_p149,0.087488,-0.0099,kan
II.38.3,100,3,kan_bspline,kan_bspline_h3x3_p180,0.053406,mlp_relu,mlp_relu_for_kan_bspline_h5_p150_h37_p149,0.085549,-0.032143,kan
II.38.3,200,0,kan_gaussrbf,kan_gaussrbf_h3x3_p169,0.029008,mlp_relu,mlp_relu_for_kan_bspline_h3x3_p180_h11x11_p177,0.073777,-0.044769,kan
II.38.3,200,1,kan_gaussrbf,kan_gaussrbf_h3x3_p169,0.036824,mlp_relu,mlp_relu_for_kan_bspline_h3x3_p180_h11x11_p177,0.085752,-0.048929,kan
II.38.3,200,2,kan_bspline,kan_bspline_h3x3_p180,0.03769,mlp_relu,mlp_relu_for_kan_bspline_h3x3_p180_h11x11_p177,0.097544,-0.059854,kan
II.38.3,200,3,kan_gaussrbf,kan_gaussrbf_h3x3_p169,0.033821,mlp_relu,mlp_relu_for_kan_bspline_h3x3_p180_h11x11_p177,0.083897,-0.050075,kan
II.38.3,500,0,kan_gaussrbf,kan_gaussrbf_h3x3_p169,0.025827,mlp_relu,mlp_relu_for_kan_bspline_h3x3_p180_h11x11_p177,0.065525,-0.039698,kan
II.38.3,500,1,kan_gaussrbf,kan_gaussrbf_h3x3_p169,0.023284,mlp_relu,mlp_relu_for_kan_bspline_h3x3_p180_h11x11_p177,0.070554,-0.04727,kan
II.38.3,500,2,kan_bspline,kan_bspline_h3x3_p180,0.027032,mlp_relu,mlp_relu_for_kan_bspline_h3x3_p180_h11x11_p177,0.075864,-0.048831,kan
II.38.3,500,3,kan_gaussrbf,kan_gaussrbf_h3x3_p169,0.029085,mlp_relu,mlp_relu_for_kan_bspline_h3x3_p180_h11x11_p177,0.071293,-0.042208,kan
II.38.3,1000,0,kan_bspline,kan_bspline_h3x3_p180,0.026432,mlp_relu,mlp_relu_for_kan_bspline_h5_p150_h37_p149,0.085119,-0.058687,kan
II.38.3,1000,1,kan_bspline,kan_bspline_h3x3_p180,0.023598,mlp_relu,mlp_relu_for_kan_bspline_h5_p150_h37_p149,0.092726,-0.069128,kan
II.38.3,1000,2,kan_bspline,kan_bspline_h3x3_p180,0.028561,mlp_relu,mlp_relu_for_kan_bspline_h5_p150_h37_p149,0.079899,-0.051338,kan
II.38.3,1000,3,kan_gaussrbf,kan_gaussrbf_h3x3_p169,0.026118,mlp_relu,mlp_relu_for_kan_bspline_h5_p150_h37_p149,0.074193,-0.048075,kan
II.6.15a,10,0,kan_bspline,kan_bspline_h2_p60,1.017495,mlp_relu,mlp_relu_for_kan_bspline_h2x2_p100_h8x8_p105,0.687369,0.330127,mlp
II.6.15a,10,1,kan_gaussrbf,kan_gaussrbf_h2x2_p95,1.205852,mlp_relu,mlp_relu_for_kan_bspline_h2x2_p100_h8x8_p105,0.851926,0.353926,mlp
II.6.15a,10,2,kan_bspline,kan_bspline_h2_p60,1.102582,mlp_relu,mlp_relu_for_kan_bspline_h2x2_p100_h8x8_p105,0.762828,0.339754,mlp
II.6.15a,10,3,kan_bspline,kan_bspline_h2_p60,1.197285,mlp_relu,mlp_relu_for_kan_bspline_h2x2_p100_h8x8_p105,0.740195,0.45709,mlp
II.6.15a,20,0,kan_bspline,kan_bspline_h3x3_p180,0.956752,mlp_relu,mlp_relu_for_kan_gaussrbf_h2x2_p95_h7x7_p85,0.530214,0.426538,mlp
II.6.15a,20,1,kan_bspline,kan_bspline_h3x3_p180,0.641199,mlp_relu,mlp_relu_for_kan_gaussrbf_h2x2_p95_h7x7_p85,0.619101,0.022098,mlp
II.6.15a,20,2,kan_bspline,kan_bspline_h3x3_p180,0.821779,mlp_relu,mlp_relu_for_kan_gaussrbf_h2x2_p95_h7x7_p85,0.521743,0.300036,mlp
II.6.15a,20,3,kan_bspline,kan_bspline_h3x3_p180,0.761627,mlp_relu,mlp_relu_for_kan_gaussrbf_h2x2_p95_h7x7_p85,0.443227,0.3184,mlp
II.6.15a,30,0,kan_bspline,kan_bspline_h3x3_p180,0.443139,mlp_relu,mlp_relu_for_kan_gaussrbf_h3x3_p169_h11x11_p177,0.330735,0.112404,mlp
II.6.15a,30,1,kan_bspline,kan_bspline_h3x3_p180,0.380242,mlp_relu,mlp_relu_for_kan_gaussrbf_h3x3_p169_h11x11_p177,0.385006,-0.004764,kan
II.6.15a,30,2,kan_bspline,kan_bspline_h3x3_p180,0.381081,mlp_relu,mlp_relu_for_kan_gaussrbf_h3x3_p169_h11x11_p177,0.31999,0.061092,mlp
II.6.15a,30,3,kan_gaussrbf,kan_gaussrbf_h3x3_p169,0.421193,mlp_relu,mlp_relu_for_kan_gaussrbf_h3x3_p169_h11x11_p177,0.286811,0.134382,mlp
II.6.15a,40,0,kan_bspline,kan_bspline_h2x2_p100,0.314497,mlp_relu,mlp_relu_for_kan_gaussrbf_h3x3_p169_h11x11_p177,0.333991,-0.019495,kan
II.6.15a,40,1,kan_bspline,kan_bspline_h2x2_p100,0.266977,mlp_relu,mlp_relu_for_kan_gaussrbf_h3x3_p169_h11x11_p177,0.29924,-0.032263,kan
II.6.15a,40,2,kan_bspline,kan_bspline_h2x2_p100,0.356241,mlp_relu,mlp_relu_for_kan_gaussrbf_h3x3_p169_h11x11_p177,0.271852,0.084389,mlp
II.6.15a,40,3,kan_gaussrbf,kan_gaussrbf_h4_p113,0.368556,mlp_relu,mlp_relu_for_kan_gaussrbf_h3x3_p169_h11x11_p177,0.271893,0.096663,mlp
II.6.15a,50,0,kan_bspline,kan_bspline_h4_p120,0.262819,mlp_relu,mlp_relu_for_kan_gaussrbf_h3x3_p169_h11x11_p177,0.257419,0.0054,mlp
II.6.15a,50,1,kan_bspline,kan_bspline_h4_p120,0.266694,mlp_relu,mlp_relu_for_kan_gaussrbf_h3x3_p169_h11x11_p177,0.306969,-0.040274,kan
II.6.15a,50,2,kan_bspline,kan_bspline_h4_p120,0.285441,mlp_relu,mlp_relu_for_kan_gaussrbf_h3x3_p169_h11x11_p177,0.268912,0.016529,mlp
II.6.15a,50,3,kan_bspline,kan_bspline_h4_p120,0.268782,mlp_relu,mlp_relu_for_kan_gaussrbf_h3x3_p169_h11x11_p177,0.248145,0.020637,mlp
II.6.15a,100,0,kan_bspline,kan_bspline_h3x3_p180,0.212195,mlp_relu,mlp_relu_for_kan_bspline_h3x3_p180_h11x11_p177,0.255187,-0.042992,kan
II.6.15a,100,1,kan_gaussrbf,kan_gaussrbf_h3x3_p169,0.1821,mlp_relu,mlp_relu_for_kan_bspline_h3x3_p180_h11x11_p177,0.261463,-0.079363,kan
II.6.15a,100,2,kan_bspline,kan_bspline_h3x3_p180,0.166397,mlp_relu,mlp_relu_for_kan_bspline_h3x3_p180_h11x11_p177,0.23824,-0.071843,kan
II.6.15a,100,3,kan_bspline,kan_bspline_h3x3_p180,0.182105,mlp_relu,mlp_relu_for_kan_bspline_h3x3_p180_h11x11_p177,0.282009,-0.099905,kan
II.6.15a,200,0,kan_bspline,kan_bspline_h3x3_p180,0.19099,mlp_relu,mlp_relu_for_kan_gaussrbf_h3x3_p169_h11x11_p177,0.263842,-0.072851,kan
II.6.15a,200,1,kan_gaussrbf,kan_gaussrbf_h3x3_p169,0.189727,mlp_relu,mlp_relu_for_kan_gaussrbf_h3x3_p169_h11x11_p177,0.264963,-0.075235,kan
II.6.15a,200,2,kan_gaussrbf,kan_gaussrbf_h3x3_p169,0.211279,mlp_relu,mlp_relu_for_kan_gaussrbf_h3x3_p169_h11x11_p177,0.269274,-0.057995,kan
II.6.15a,200,3,kan_bspline,kan_bspline_h3x3_p180,0.196795,mlp_relu,mlp_relu_for_kan_gaussrbf_h3x3_p169_h11x11_p177,0.292609,-0.095814,kan
II.6.15a,500,0,kan_bspline,kan_bspline_h3x3_p180,0.118452,mlp_relu,mlp_relu_for_kan_gaussrbf_h3x3_p169_h11x11_p177,0.212384,-0.093932,kan
II.6.15a,500,1,kan_bspline,kan_bspline_h3x3_p180,0.12709,mlp_relu,mlp_relu_for_kan_gaussrbf_h3x3_p169_h11x11_p177,0.213381,-0.086291,kan
II.6.15a,500,2,kan_bspline,kan_bspline_h3x3_p180,0.124115,mlp_relu,mlp_relu_for_kan_gaussrbf_h3x3_p169_h11x11_p177,0.190809,-0.066694,kan
II.6.15a,500,3,kan_bspline,kan_bspline_h3x3_p180,0.11362,mlp_relu,mlp_relu_for_kan_gaussrbf_h3x3_p169_h11x11_p177,0.239768,-0.126149,kan
II.6.15a,1000,0,kan_gaussrbf,kan_gaussrbf_h3x3_p169,0.11506,mlp_relu,mlp_relu_for_kan_bspline_h3x3_p180_h11x11_p177,0.211708,-0.096648,kan
II.6.15a,1000,1,kan_gaussrbf,kan_gaussrbf_h3x3_p169,0.115209,mlp_relu,mlp_relu_for_kan_bspline_h3x3_p180_h11x11_p177,0.200178,-0.08497,kan
II.6.15a,1000,2,kan_bspline,kan_bspline_h3x3_p180,0.119194,mlp_relu,mlp_relu_for_kan_bspline_h3x3_p180_h11x11_p177,0.212463,-0.093269,kan
II.6.15a,1000,3,kan_bspline,kan_bspline_h3x3_p180,0.122399,mlp_relu,mlp_relu_for_kan_bspline_h3x3_p180_h11x11_p177,0.242948,-0.120549,kan
III.10.19,10,0,kan_bspline,kan_bspline_h5_p150,0.245431,mlp_relu,mlp_relu_for_kan_bspline_h5_p150_h37_p149,0.50053,-0.255099,kan
III.10.19,10,1,kan_bspline,kan_bspline_h5_p150,0.274237,mlp_relu,mlp_relu_for_kan_bspline_h5_p150_h37_p149,0.405608,-0.131371,kan
III.10.19,10,2,kan_bspline,kan_bspline_h5_p150,0.338536,mlp_relu,mlp_relu_for_kan_bspline_h5_p150_h37_p149,0.368168,-0.029632,kan
III.10.19,10,3,kan_bspline,kan_bspline_h5_p150,0.245994,mlp_relu,mlp_relu_for_kan_bspline_h5_p150_h37_p149,0.36013,-0.114135,kan
III.10.19,20,0,kan_bspline,kan_bspline_h5_p150,0.182933,mlp_relu,mlp_relu_for_kan_bspline_h5_p150_h37_p149,0.19209,-0.009157,kan
III.10.19,20,1,kan_bspline,kan_bspline_h5_p150,0.229369,mlp_relu,mlp_relu_for_kan_bspline_h5_p150_h37_p149,0.235029,-0.00566,kan
III.10.19,20,2,kan_bspline,kan_bspline_h5_p150,0.21478,mlp_relu,mlp_relu_for_kan_bspline_h5_p150_h37_p149,0.177934,0.036846,mlp
III.10.19,20,3,kan_bspline,kan_bspline_h5_p150,0.199384,mlp_relu,mlp_relu_for_kan_bspline_h5_p150_h37_p149,0.130811,0.068573,mlp
III.10.19,30,0,kan_bspline,kan_bspline_h2x2_p100,0.116593,mlp_relu,mlp_relu_for_kan_bspline_h3_p90_h22_p89,0.118359,-0.001765,kan
III.10.19,30,1,kan_bspline,kan_bspline_h2x2_p100,0.12281,mlp_sigmoid,mlp_sigmoid_for_kan_bspline_h4_p120_h30_p121,0.120527,0.002283,mlp
III.10.19,30,2,kan_bspline,kan_bspline_h2x2_p100,0.111927,mlp_relu,mlp_relu_for_kan_bspline_h3_p90_h22_p89,0.141956,-0.030029,kan
III.10.19,30,3,kan_gaussrbf,kan_gaussrbf_h3x3_p169,0.19391,mlp_sigmoid,mlp_sigmoid_for_kan_bspline_h4_p120_h30_p121,0.137751,0.05616,mlp
III.10.19,40,0,kan_bspline,kan_bspline_h3x3_p180,0.087455,mlp_relu,mlp_relu_for_kan_bspline_h4_p120_h30_p121,0.079771,0.007685,mlp
III.10.19,40,1,kan_bspline,kan_bspline_h3x3_p180,0.116834,mlp_relu,mlp_relu_for_kan_bspline_h4_p120_h30_p121,0.162043,-0.045208,kan
III.10.19,40,2,kan_bspline,kan_bspline_h3x3_p180,0.093916,mlp_relu,mlp_relu_for_kan_bspline_h4_p120_h30_p121,0.082396,0.011521,mlp
III.10.19,40,3,kan_bspline,kan_bspline_h3x3_p180,0.136693,mlp_relu,mlp_relu_for_kan_bspline_h4_p120_h30_p121,0.078068,0.058625,mlp
III.10.19,50,0,kan_bspline,kan_bspline_h2x2_p100,0.06815,mlp_relu,mlp_relu_for_kan_bspline_h5_p150_h37_p149,0.091087,-0.022937,kan
III.10.19,50,1,kan_bspline,kan_bspline_h2x2_p100,0.084667,mlp_relu,mlp_relu_for_kan_bspline_h5_p150_h37_p149,0.072086,0.012581,mlp
III.10.19,50,2,kan_bspline,kan_bspline_h2x2_p100,0.088198,mlp_relu,mlp_relu_for_kan_bspline_h5_p150_h37_p149,0.06168,0.026518,mlp
III.10.19,50,3,kan_bspline,kan_bspline_h2x2_p100,0.116412,mlp_relu,mlp_relu_for_kan_bspline_h5_p150_h37_p149,0.06436,0.052052,mlp
III.10.19,100,0,kan_bspline,kan_bspline_h3x3_p180,0.072053,mlp_relu,mlp_relu_for_kan_gaussrbf_h5_p141_h35_p141,0.094775,-0.022722,kan
III.10.19,100,1,kan_bspline,kan_bspline_h3x3_p180,0.048219,mlp_relu,mlp_relu_for_kan_gaussrbf_h5_p141_h35_p141,0.056821,-0.008603,kan
III.10.19,100,2,kan_gaussrbf,kan_gaussrbf_h2x2_p95,0.038956,mlp_relu,mlp_relu_for_kan_gaussrbf_h5_p141_h35_p141,0.078746,-0.03979,kan
III.10.19,100,3,kan_gaussrbf,kan_gaussrbf_h2x2_p95,0.041686,mlp_relu,mlp_relu_for_kan_gaussrbf_h5_p141_h35_p141,0.054393,-0.012707,kan
III.10.19,200,0,kan_gaussrbf,kan_gaussrbf_h3x3_p169,0.02841,mlp_relu,mlp_relu_for_kan_bspline_h5_p150_h37_p149,0.05265,-0.024241,kan
III.10.19,200,1,kan_gaussrbf,kan_gaussrbf_h3x3_p169,0.041474,mlp_relu,mlp_relu_for_kan_bspline_h5_p150_h37_p149,0.065016,-0.023542,kan
III.10.19,200,2,kan_gaussrbf,kan_gaussrbf_h3x3_p169,0.033641,mlp_relu,mlp_relu_for_kan_bspline_h5_p150_h37_p149,0.054874,-0.021234,kan
III.10.19,200,3,kan_gaussrbf,kan_gaussrbf_h3x3_p169,0.024378,mlp_relu,mlp_relu_for_kan_bspline_h5_p150_h37_p149,0.057782,-0.033404,kan
III.10.19,500,0,kan_gaussrbf,kan_gaussrbf_h3x3_p169,0.032434,mlp_relu,mlp_relu_for_kan_bspline_h5_p150_h37_p149,0.049672,-0.017238,kan
III.10.19,500,1,kan_gaussrbf,kan_gaussrbf_h3x3_p169,0.022149,mlp_relu,mlp_relu_for_kan_bspline_h5_p150_h37_p149,0.048707,-0.026558,kan
III.10.19,500,2,kan_gaussrbf,kan_gaussrbf_h3x3_p169,0.023272,mlp_relu,mlp_relu_for_kan_bspline_h5_p150_h37_p149,0.045704,-0.022432,kan
III.10.19,500,3,kan_bspline,kan_bspline_h3x3_p180,0.020644,mlp_relu,mlp_relu_for_kan_bspline_h5_p150_h37_p149,0.041005,-0.020361,kan
III.10.19,1000,0,kan_gaussrbf,kan_gaussrbf_h3x3_p169,0.021746,mlp_relu,mlp_relu_for_kan_bspline_h5_p150_h37_p149,0.045247,-0.023501,kan
III.10.19,1000,1,kan_gaussrbf,kan_gaussrbf_h3x3_p169,0.022469,mlp_relu,mlp_relu_for_kan_bspline_h5_p150_h37_p149,0.04853,-0.026061,kan
III.10.19,1000,2,kan_bspline,kan_bspline_h2x2_p100,0.025398,mlp_relu,mlp_relu_for_kan_bspline_h5_p150_h37_p149,0.039324,-0.013926,kan
III.10.19,1000,3,kan_gaussrbf,kan_gaussrbf_h3x3_p169,0.021445,mlp_relu,mlp_relu_for_kan_bspline_h5_p150_h37_p149,0.038696,-0.017251,kan
III.17.37,10,0,kan_bspline,kan_bspline_h5_p150,0.711689,mlp_sigmoid,mlp_sigmoid_for_kan_gaussrbf_h5_p141_h35_p141,0.693989,0.0177,mlp
III.17.37,10,1,kan_gaussrbf,kan_gaussrbf_h2_p57,0.707593,mlp_sigmoid,mlp_sigmoid_for_kan_gaussrbf_h5_p141_h35_p141,0.67821,0.029382,mlp
III.17.37,10,2,kan_bspline,kan_bspline_h5_p150,0.715132,mlp_sigmoid,mlp_sigmoid_for_kan_gaussrbf_h5_p141_h35_p141,0.671955,0.043177,mlp
III.17.37,10,3,kan_bspline,kan_bspline_h5_p150,0.70823,mlp_sigmoid,mlp_sigmoid_for_kan_gaussrbf_h5_p141_h35_p141,0.665477,0.042753,mlp
III.17.37,20,0,kan_bspline,kan_bspline_h5_p150,0.584835,mlp_sigmoid,mlp_sigmoid_for_kan_gaussrbf_h5_p141_h35_p141,0.500787,0.084048,mlp
III.17.37,20,1,kan_bspline,kan_bspline_h5_p150,0.502092,mlp_sigmoid,mlp_sigmoid_for_kan_gaussrbf_h5_p141_h35_p141,0.435896,0.066196,mlp
III.17.37,20,2,kan_gaussrbf,kan_gaussrbf_h5_p141,0.721254,mlp_sigmoid,mlp_sigmoid_for_kan_gaussrbf_h5_p141_h35_p141,0.413155,0.308099,mlp
III.17.37,20,3,kan_gaussrbf,kan_gaussrbf_h5_p141,0.615172,mlp_sigmoid,mlp_sigmoid_for_kan_gaussrbf_h5_p141_h35_p141,0.393249,0.221923,mlp
III.17.37,30,0,kan_bspline,kan_bspline_h3_p90,0.411979,mlp_relu,mlp_relu_for_kan_bspline_h4_p120_h30_p121,0.397623,0.014356,mlp
III.17.37,30,1,kan_bspline,kan_bspline_h3_p90,0.461569,mlp_sigmoid,mlp_sigmoid_for_kan_gaussrbf_h5_p141_h35_p141,0.418851,0.042718,mlp
III.17.37,30,2,kan_bspline,kan_bspline_h3_p90,0.4335,mlp_sigmoid,mlp_sigmoid_for_kan_gaussrbf_h5_p141_h35_p141,0.412392,0.021108,mlp
III.17.37,30,3,kan_bspline,kan_bspline_h3_p90,0.46695,mlp_sigmoid,mlp_sigmoid_for_kan_gaussrbf_h5_p141_h35_p141,0.3817,0.08525,mlp
III.17.37,40,0,kan_gaussrbf,kan_gaussrbf_h2x2_p95,0.254592,mlp_relu,mlp_relu_for_kan_bspline_h4_p120_h30_p121,0.367443,-0.112851,kan
III.17.37,40,1,kan_bspline,kan_bspline_h2x2_p100,0.298431,mlp_relu,mlp_relu_for_kan_bspline_h4_p120_h30_p121,0.314719,-0.016288,kan
III.17.37,40,2,kan_gaussrbf,kan_gaussrbf_h2x2_p95,0.38663,mlp_relu,mlp_relu_for_kan_bspline_h4_p120_h30_p121,0.300632,0.085998,mlp
III.17.37,40,3,kan_bspline,kan_bspline_h2x2_p100,0.240408,mlp_relu,mlp_relu_for_kan_bspline_h4_p120_h30_p121,0.318905,-0.078497,kan
III.17.37,50,0,kan_bspline,kan_bspline_h2x2_p100,0.259427,mlp_relu,mlp_relu_for_kan_gaussrbf_h5_p141_h35_p141,0.334806,-0.075379,kan
III.17.37,50,1,kan_gaussrbf,kan_gaussrbf_h5_p141,0.361795,mlp_relu,mlp_relu_for_kan_gaussrbf_h5_p141_h35_p141,0.326264,0.035531,mlp
III.17.37,50,2,kan_bspline,kan_bspline_h2x2_p100,0.243143,mlp_relu,mlp_relu_for_kan_gaussrbf_h5_p141_h35_p141,0.289765,-0.046622,kan
III.17.37,50,3,kan_bspline,kan_bspline_h2x2_p100,0.338662,mlp_relu,mlp_relu_for_kan_gaussrbf_h5_p141_h35_p141,0.308956,0.029707,mlp
III.17.37,100,0,kan_bspline,kan_bspline_h4_p120,0.237938,mlp_relu,mlp_relu_for_kan_bspline_h5_p150_h37_p149,0.252707,-0.014769,kan
III.17.37,100,1,kan_gaussrbf,kan_gaussrbf_h4_p113,0.226311,mlp_relu,mlp_relu_for_kan_bspline_h5_p150_h37_p149,0.263258,-0.036947,kan
III.17.37,100,2,kan_gaussrbf,kan_gaussrbf_h4_p113,0.319264,mlp_relu,mlp_relu_for_kan_bspline_h5_p150_h37_p149,0.366185,-0.046921,kan
III.17.37,100,3,kan_gaussrbf,kan_gaussrbf_h4_p113,0.196308,mlp_relu,mlp_relu_for_kan_bspline_h5_p150_h37_p149,0.280014,-0.083706,kan
III.17.37,200,0,kan_gaussrbf,kan_gaussrbf_h3x3_p169,0.164561,mlp_relu,mlp_relu_for_kan_gaussrbf_h5_p141_h35_p141,0.233048,-0.068487,kan
III.17.37,200,1,kan_gaussrbf,kan_gaussrbf_h3x3_p169,0.086277,mlp_relu,mlp_relu_for_kan_gaussrbf_h5_p141_h35_p141,0.33325,-0.246974,kan
III.17.37,200,2,kan_gaussrbf,kan_gaussrbf_h3x3_p169,0.081404,mlp_relu,mlp_relu_for_kan_gaussrbf_h5_p141_h35_p141,0.227755,-0.146351,kan
III.17.37,200,3,kan_gaussrbf,kan_gaussrbf_h3x3_p169,0.058213,mlp_relu,mlp_relu_for_kan_gaussrbf_h5_p141_h35_p141,0.223331,-0.165118,kan
III.17.37,500,0,kan_gaussrbf,kan_gaussrbf_h3x3_p169,0.108155,mlp_relu,mlp_relu_for_kan_bspline_h5_p150_h37_p149,0.205016,-0.096861,kan
III.17.37,500,1,kan_gaussrbf,kan_gaussrbf_h3x3_p169,0.065371,mlp_relu,mlp_relu_for_kan_bspline_h5_p150_h37_p149,0.214008,-0.148637,kan
III.17.37,500,2,kan_gaussrbf,kan_gaussrbf_h3x3_p169,0.088936,mlp_relu,mlp_relu_for_kan_bspline_h5_p150_h37_p149,0.259768,-0.170832,kan
III.17.37,500,3,kan_gaussrbf,kan_gaussrbf_h3x3_p169,0.069522,mlp_relu,mlp_relu_for_kan_bspline_h5_p150_h37_p149,0.226855,-0.157333,kan
III.17.37,1000,0,kan_bspline,kan_bspline_h2x2_p100,0.098301,mlp_relu,mlp_relu_for_kan_bspline_h5_p150_h37_p149,0.175846,-0.077545,kan
III.17.37,1000,1,kan_gaussrbf,kan_gaussrbf_h3x3_p169,0.060837,mlp_relu,mlp_relu_for_kan_bspline_h5_p150_h37_p149,0.193746,-0.132909,kan
III.17.37,1000,2,kan_gaussrbf,kan_gaussrbf_h3x3_p169,0.053417,mlp_relu,mlp_relu_for_kan_bspline_h5_p150_h37_p149,0.24357,-0.190152,kan
III.17.37,1000,3,kan_gaussrbf,kan_gaussrbf_h3x3_p169,0.072962,mlp_relu,mlp_relu_for_kan_bspline_h5_p150_h37_p149,0.20566,-0.132698,kan
III.9.52,10,0,kan_bspline,kan_bspline_h5_p150,0.722685,mlp_sigmoid,mlp_sigmoid_for_kan_gaussrbf_h3x3_p169_h11x11_p177,0.50343,0.219255,mlp
III.9.52,10,1,kan_gaussrbf,kan_gaussrbf_h2x2_p95,0.696086,mlp_sigmoid,mlp_sigmoid_for_kan_gaussrbf_h3x3_p169_h11x11_p177,0.563594,0.132492,mlp
III.9.52,10,2,kan_bspline,kan_bspline_h5_p150,0.713629,mlp_sigmoid,mlp_sigmoid_for_kan_gaussrbf_h3x3_p169_h11x11_p177,0.512526,0.201103,mlp
III.9.52,10,3,kan_bspline,kan_bspline_h5_p150,0.742004,mlp_sigmoid,mlp_sigmoid_for_kan_gaussrbf_h3x3_p169_h11x11_p177,0.479326,0.262678,mlp
III.9.52,20,0,kan_bspline,kan_bspline_h1_p30,0.550426,mlp_relu,mlp_relu_for_kan_gaussrbf_h2x2_p95_h7x7_p85,0.480539,0.069887,mlp
III.9.52,20,1,kan_gaussrbf,kan_gaussrbf_h2_p57,0.522056,mlp_sigmoid,mlp_sigmoid_for_kan_gaussrbf_h3x3_p169_h11x11_p177,0.505923,0.016134,mlp
III.9.52,20,2,kan_gaussrbf,kan_gaussrbf_h2_p57,0.440286,mlp_sigmoid,mlp_sigmoid_for_kan_gaussrbf_h3x3_p169_h11x11_p177,0.553187,-0.112902,kan
III.9.52,20,3,kan_bspline,kan_bspline_h1_p30,0.59931,mlp_sigmoid,mlp_sigmoid_for_kan_gaussrbf_h3x3_p169_h11x11_p177,0.489798,0.109512,mlp
III.9.52,30,0,kan_bspline,kan_bspline_h3x3_p180,0.549391,mlp_sigmoid,mlp_sigmoid_for_kan_gaussrbf_h3x3_p169_h11x11_p177,0.49129,0.058101,mlp
III.9.52,30,1,kan_bspline,kan_bspline_h3x3_p180,0.522229,mlp_relu,mlp_relu_for_kan_bspline_h2x2_p100_h8x8_p105,0.468533,0.053696,mlp
III.9.52,30,2,kan_bspline,kan_bspline_h3x3_p180,0.37004,mlp_sigmoid,mlp_sigmoid_for_kan_gaussrbf_h3x3_p169_h11x11_p177,0.496365,-0.126325,kan
III.9.52,30,3,kan_bspline,kan_bspline_h3x3_p180,0.43424,mlp_sigmoid,mlp_sigmoid_for_kan_gaussrbf_h3x3_p169_h11x11_p177,0.475844,-0.041604,kan
III.9.52,40,0,kan_bspline,kan_bspline_h3x3_p180,0.523121,mlp_relu,mlp_relu_for_kan_gaussrbf_h3x3_p169_h11x11_p177,0.422321,0.1008,mlp
III.9.52,40,1,kan_bspline,kan_bspline_h3x3_p180,0.466317,mlp_sigmoid,mlp_sigmoid_for_kan_gaussrbf_h2x2_p95_h7x7_p85,0.506595,-0.040278,kan
III.9.52,40,2,kan_bspline,kan_bspline_h3x3_p180,0.445375,mlp_relu,mlp_relu_for_kan_gaussrbf_h3x3_p169_h11x11_p177,0.422006,0.02337,mlp
III.9.52,40,3,kan_gaussrbf,kan_gaussrbf_h3x3_p169,0.439538,mlp_relu,mlp_relu_for_kan_gaussrbf_h3x3_p169_h11x11_p177,0.493002,-0.053464,kan
III.9.52,50,0,kan_bspline,kan_bspline_h2x2_p100,0.302993,mlp_relu,mlp_relu_for_kan_gaussrbf_h3x3_p169_h11x11_p177,0.356411,-0.053418,kan
III.9.52,50,1,kan_bspline,kan_bspline_h2x2_p100,0.296482,mlp_relu,mlp_relu_for_kan_gaussrbf_h3x3_p169_h11x11_p177,0.361765,-0.065283,kan
III.9.52,50,2,kan_gaussrbf,kan_gaussrbf_h1x1_p39,0.355505,mlp_relu,mlp_relu_for_kan_gaussrbf_h3x3_p169_h11x11_p177,0.341158,0.014347,mlp
III.9.52,50,3,kan_bspline,kan_bspline_h2x2_p100,0.37683,mlp_relu,mlp_relu_for_kan_gaussrbf_h3x3_p169_h11x11_p177,0.391441,-0.01461,kan
III.9.52,100,0,kan_bspline,kan_bspline_h3x3_p180,0.178259,mlp_relu,mlp_relu_for_kan_bspline_h3x3_p180_h11x11_p177,0.39144,-0.213182,kan
III.9.52,100,1,kan_bspline,kan_bspline_h3x3_p180,0.21724,mlp_relu,mlp_relu_for_kan_bspline_h3x3_p180_h11x11_p177,0.289358,-0.072118,kan
III.9.52,100,2,kan_bspline,kan_bspline_h3x3_p180,0.20958,mlp_relu,mlp_relu_for_kan_bspline_h3x3_p180_h11x11_p177,0.37286,-0.16328,kan
III.9.52,100,3,kan_bspline,kan_bspline_h3x3_p180,0.234238,mlp_relu,mlp_relu_for_kan_bspline_h3x3_p180_h11x11_p177,0.300707,-0.066469,kan
III.9.52,200,0,kan_bspline,kan_bspline_h3x3_p180,0.152789,mlp_relu,mlp_relu_for_kan_bspline_h3x3_p180_h11x11_p177,0.287544,-0.134755,kan
III.9.52,200,1,kan_bspline,kan_bspline_h3x3_p180,0.174841,mlp_relu,mlp_relu_for_kan_bspline_h3x3_p180_h11x11_p177,0.20918,-0.034339,kan
III.9.52,200,2,kan_bspline,kan_bspline_h3x3_p180,0.159421,mlp_relu,mlp_relu_for_kan_bspline_h3x3_p180_h11x11_p177,0.269195,-0.109774,kan
III.9.52,200,3,kan_bspline,kan_bspline_h3x3_p180,0.203082,mlp_relu,mlp_relu_for_kan_bspline_h3x3_p180_h11x11_p177,0.237518,-0.034436,kan
III.9.52,500,0,kan_bspline,kan_bspline_h3x3_p180,0.123018,mlp_relu,mlp_relu_for_kan_gaussrbf_h2x2_p95_h7x7_p85,0.212393,-0.089375,kan
III.9.52,500,1,kan_gaussrbf,kan_gaussrbf_h3x3_p169,0.106012,mlp_relu,mlp_relu_for_kan_gaussrbf_h2x2_p95_h7x7_p85,0.215737,-0.109725,kan
III.9.52,500,2,kan_bspline,kan_bspline_h3x3_p180,0.111259,mlp_relu,mlp_relu_for_kan_gaussrbf_h2x2_p95_h7x7_p85,0.234768,-0.123509,kan
III.9.52,500,3,kan_gaussrbf,kan_gaussrbf_h3x3_p169,0.091081,mlp_relu,mlp_relu_for_kan_gaussrbf_h2x2_p95_h7x7_p85,0.273068,-0.181988,kan
III.9.52,1000,0,kan_bspline,kan_bspline_h3x3_p180,0.098338,mlp_relu,mlp_relu_for_kan_bspline_h3x3_p180_h11x11_p177,0.215341,-0.117003,kan
III.9.52,1000,1,kan_gaussrbf,kan_gaussrbf_h3x3_p169,0.115711,mlp_relu,mlp_relu_for_kan_bspline_h3x3_p180_h11x11_p177,0.186044,-0.070332,kan
III.9.52,1000,2,kan_gaussrbf,kan_gaussrbf_h3x3_p169,0.078626,mlp_relu,mlp_relu_for_kan_bspline_h3x3_p180_h11x11_p177,0.19861,-0.119984,kan
III.9.52,1000,3,kan_gaussrbf,kan_gaussrbf_h3x3_p169,0.086255,mlp_relu,mlp_relu_for_kan_bspline_h3x3_p180_h11x11_p177,0.191481,-0.105226,kan
